date,open,high,low,close,volume,rs_nikkei,rs_topix,rs
2017/04/26,247.9,289.56666666666666,234.56666666666666,289.56666666666666,2920800,-1.0,-1.0,-1.0
2017/04/27,300.0,312.5,270.8333333333333,277.5,7063200,-1.0,-1.0,-1.0
2017/04/28,294.16666666666663,312.5,265.8333333333333,277.5,6680100,-1.0,-1.0,-1.0
2017/05/01,287.5,293.3333333333333,275.8333333333333,287.06666666666666,1308300,-1.0,-1.0,-1.0
2017/05/02,294.56666666666666,304.56666666666666,271.66666666666663,277.5,2280300,-1.0,-1.0,-1.0
2017/05/08,282.9,287.9,272.06666666666666,281.23333333333335,1085100,-1.0,-1.0,-1.0
2017/05/09,279.16666666666663,284.16666666666663,272.9,279.16666666666663,523200,-1.0,-1.0,-1.0
2017/05/10,281.66666666666663,306.66666666666663,274.56666666666666,280.4,2479200,-1.0,-1.0,-1.0
2017/05/11,280.4,322.06666666666666,275.4,322.06666666666666,2136600,-1.0,-1.0,-1.0
2017/05/12,328.3333333333333,350.4,320.8333333333333,331.23333333333335,6333300,-1.0,-1.0,-1.0
2017/05/15,341.66666666666663,352.06666666666666,310.4,312.9,3152700,-1.0,-1.0,-1.0
2017/05/16,319.16666666666663,322.06666666666666,300.4,307.9,1804200,-1.0,-1.0,-1.0
2017/05/17,305.8333333333333,316.66666666666663,296.66666666666663,301.66666666666663,712200,-1.0,-1.0,-1.0
2017/05/18,286.66666666666663,296.66666666666663,285.8333333333333,290.8333333333333,628800,-1.0,-1.0,-1.0
2017/05/19,294.56666666666666,299.16666666666663,279.16666666666663,280.4,492000,-1.0,-1.0,-1.0
2017/05/22,282.06666666666666,284.56666666666666,275.8333333333333,278.3333333333333,303900,-1.0,-1.0,-1.0
2017/05/23,278.3333333333333,287.5,278.3333333333333,287.06666666666666,328200,-1.0,-1.0,-1.0
2017/05/24,290.4,294.16666666666663,283.73333333333335,290.0,375600,-1.0,-1.0,-1.0
2017/05/25,290.8333333333333,290.8333333333333,283.3333333333333,287.5,156300,-1.0,-1.0,-1.0
2017/05/26,287.5,292.5,262.5,270.8333333333333,818100,-1.0,-1.0,-1.0
2017/05/29,267.5,270.8333333333333,252.9,252.9,373500,-1.0,-1.0,-1.0
2017/05/30,253.33333333333331,265.0,252.06666666666666,264.16666666666663,278700,-1.0,-1.0,-1.0
2017/05/31,264.16666666666663,264.56666666666666,256.66666666666663,260.4,132900,-1.0,-1.0,-1.0
2017/06/01,257.06666666666666,258.73333333333335,253.73333333333335,253.73333333333335,115500,-1.0,-1.0,-1.0
2017/06/02,255.83333333333331,257.5,240.83333333333331,244.16666666666666,196200,-1.0,-1.0,-1.0
2017/06/05,244.56666666666666,261.66666666666663,237.06666666666666,255.0,349500,-1.0,-1.0,-1.0
2017/06/06,262.06666666666666,262.06666666666666,246.66666666666666,247.9,208800,-1.0,-1.0,-1.0
2017/06/07,245.0,252.9,240.83333333333331,250.0,154200,-1.0,-1.0,-1.0
2017/06/08,247.9,253.73333333333335,242.9,245.83333333333331,129000,-1.0,-1.0,-1.0
2017/06/09,270.8333333333333,287.5,264.16666666666663,285.4,1580100,-1.0,-1.0,-1.0
2017/06/12,275.8333333333333,280.4,263.73333333333335,264.56666666666666,514200,-1.0,-1.0,-1.0
2017/06/13,262.5,267.9,254.56666666666666,255.83333333333331,259500,-1.0,-1.0,-1.0
2017/06/14,260.4,262.06666666666666,253.73333333333335,254.56666666666666,154500,-1.0,-1.0,-1.0
2017/06/15,257.9,269.56666666666666,254.16666666666666,254.16666666666666,336000,-1.0,-1.0,-1.0
2017/06/16,255.4,255.83333333333331,245.83333333333331,246.23333333333335,233400,-1.0,-1.0,-1.0
2017/06/19,243.73333333333335,255.0,242.06666666666666,250.83333333333331,182700,-1.0,-1.0,-1.0
2017/06/20,254.16666666666666,254.56666666666666,245.83333333333331,247.06666666666666,96900,-1.0,-1.0,-1.0
2017/06/21,246.66666666666666,250.83333333333331,246.23333333333335,249.16666666666666,66000,-1.0,-1.0,-1.0
2017/06/22,249.56666666666666,267.5,249.56666666666666,262.5,375000,-1.0,-1.0,-1.0
2017/06/23,266.66666666666663,266.66666666666663,250.4,253.73333333333335,258600,-1.0,-1.0,-1.0
2017/06/26,257.9,268.73333333333335,256.66666666666663,267.9,304200,-1.0,-1.0,-1.0
2017/06/27,270.0,270.0,261.66666666666663,269.56666666666666,211200,-1.0,-1.0,-1.0
2017/06/28,265.4,267.9,254.16666666666666,254.16666666666666,182700,-1.0,-1.0,-1.0
2017/06/29,256.23333333333335,257.9,248.33333333333331,251.66666666666666,100800,-1.0,-1.0,-1.0
2017/06/30,245.0,249.56666666666666,244.16666666666666,249.56666666666666,84000,-1.0,-1.0,-1.0
2017/07/03,250.0,253.73333333333335,247.5,252.06666666666666,49800,-1.0,-1.0,-1.0
2017/07/04,254.16666666666666,254.16666666666666,242.9,248.73333333333335,126600,-1.0,-1.0,-1.0
2017/07/05,247.9,247.9,242.5,245.0,103500,-1.0,-1.0,-1.0
2017/07/06,245.0,250.0,245.0,247.9,61200,-1.0,-1.0,-1.0
2017/07/07,245.83333333333331,246.66666666666666,243.33333333333331,244.16666666666666,42600,-1.0,-1.0,-1.0
2017/07/10,243.73333333333335,247.5,235.0,239.56666666666666,162600,-1.0,-1.0,-1.0
2017/07/11,237.9,238.73333333333335,235.83333333333331,236.23333333333335,77400,-1.0,-1.0,-1.0
2017/07/12,237.9,243.73333333333335,237.06666666666666,239.16666666666666,71400,-1.0,-1.0,-1.0
2017/07/13,239.56666666666666,242.06666666666666,236.23333333333335,236.66666666666666,50100,-1.0,-1.0,-1.0
2017/07/14,236.66666666666666,240.0,235.83333333333331,236.23333333333335,57900,-1.0,-1.0,-1.0
2017/07/18,236.66666666666666,237.06666666666666,223.73333333333335,225.83333333333331,145800,-1.0,-1.0,-1.0
2017/07/19,221.66666666666666,227.9,217.5,225.0,130200,-1.0,-1.0,-1.0
2017/07/20,225.0,227.9,223.33333333333331,223.73333333333335,47400,-1.0,-1.0,-1.0
2017/07/21,225.83333333333331,230.0,225.0,225.0,49500,-1.0,-1.0,-1.0
2017/07/24,220.83333333333331,222.5,218.33333333333331,218.33333333333331,57600,-1.0,-1.0,-1.0
2017/07/25,218.33333333333331,230.0,217.06666666666666,230.0,105300,-1.0,-1.0,-1.0
2017/07/26,228.73333333333335,232.9,227.06666666666666,231.23333333333335,69300,-1.0,-1.0,-1.0
2017/07/27,230.4,237.9,227.06666666666666,227.06666666666666,66000,-1.0,-1.0,-1.0
2017/07/28,227.06666666666666,227.5,213.33333333333331,217.06666666666666,73200,-1.0,-1.0,-1.0
2017/07/31,214.56666666666666,215.0,208.09999999999997,210.0,58200,-1.0,-1.0,-1.0
2017/08/01,210.0,210.0,198.53333333333333,199.76666666666665,117600,-1.0,-1.0,-1.0
2017/08/02,202.26666666666665,206.66666666666666,199.36666666666667,205.59999999999997,37500,-1.0,-1.0,-1.0
2017/08/03,203.33333333333331,235.0,200.4,235.0,75300,-1.0,-1.0,-1.0
2017/08/04,245.0,260.4,244.16666666666666,252.06666666666666,796500,-1.0,-1.0,-1.0
2017/08/07,249.56666666666666,266.66666666666663,249.56666666666666,263.73333333333335,323100,-1.0,-1.0,-1.0
2017/08/08,260.8333333333333,263.73333333333335,249.16666666666666,255.4,158400,-1.0,-1.0,-1.0
2017/08/09,255.4,256.23333333333335,239.16666666666666,245.4,81300,-1.0,-1.0,-1.0
2017/08/10,242.9,259.56666666666666,235.0,254.16666666666666,199500,-1.0,-1.0,-1.0
2017/08/14,248.73333333333335,258.3333333333333,245.83333333333331,249.56666666666666,101700,-1.0,-1.0,-1.0
2017/08/15,251.66666666666666,254.16666666666666,247.06666666666666,254.16666666666666,41100,-1.0,-1.0,-1.0
2017/08/16,255.0,255.0,250.4,252.06666666666666,27600,-1.0,-1.0,-1.0
2017/08/17,256.23333333333335,268.3333333333333,253.73333333333335,265.4,174000,-1.0,-1.0,-1.0
2017/08/18,260.4,265.0,256.23333333333335,260.0,84300,-1.0,-1.0,-1.0
2017/08/21,260.0,271.23333333333335,260.0,269.16666666666663,161700,-1.0,-1.0,-1.0
2017/08/22,277.9,280.0,272.9,277.9,209700,-1.0,-1.0,-1.0
2017/08/23,280.0,280.0,268.3333333333333,270.0,124200,-1.0,-1.0,-1.0
2017/08/24,267.5,270.4,263.73333333333335,265.4,80700,-1.0,-1.0,-1.0
2017/08/25,307.06666666666666,307.06666666666666,307.06666666666666,307.06666666666666,32700,-1.0,-1.0,-1.0
2017/08/28,327.9,352.5,322.9,338.3333333333333,1684800,-1.0,-1.0,-1.0
2017/08/29,327.5,355.8333333333333,325.0,352.06666666666666,969900,-1.0,-1.0,-1.0
2017/08/30,361.23333333333335,410.4,359.16666666666663,393.73333333333335,5176500,-1.0,-1.0,-1.0
2017/08/31,383.3333333333333,395.8333333333333,370.8333333333333,377.06666666666666,1471200,-1.0,-1.0,-1.0
2017/09/01,372.9,391.66666666666663,372.06666666666666,375.0,745800,-1.0,-1.0,-1.0
2017/09/04,365.8333333333333,371.23333333333335,347.5,365.8333333333333,612900,-1.0,-1.0,-1.0
2017/09/05,360.0,360.4,316.66666666666663,322.9,739800,-1.0,-1.0,-1.0
2017/09/06,305.4,327.06666666666666,302.5,318.3333333333333,414000,-1.0,-1.0,-1.0
2017/09/07,332.06666666666666,342.5,317.5,320.8333333333333,454800,-1.0,-1.0,-1.0
2017/09/08,323.3333333333333,338.73333333333335,321.23333333333335,338.73333333333335,277800,-1.0,-1.0,-1.0
2017/09/11,344.56666666666666,354.16666666666663,337.5,350.8333333333333,303900,-1.0,-1.0,-1.0
2017/09/12,346.66666666666663,350.0,337.9,346.66666666666663,233700,-1.0,-1.0,-1.0
2017/09/13,337.5,381.23333333333335,329.56666666666666,360.8333333333333,722700,-1.0,-1.0,-1.0
2017/09/14,366.23333333333335,366.23333333333335,332.9,338.3333333333333,406800,-1.0,-1.0,-1.0
2017/09/15,343.73333333333335,357.5,342.5,357.5,241800,-1.0,-1.0,-1.0
2017/09/19,366.66666666666663,369.16666666666663,355.4,360.0,360000,-1.0,-1.0,-1.0
2017/09/20,365.8333333333333,375.0,360.0,368.3333333333333,447900,-1.0,-1.0,-1.0
2017/09/21,368.73333333333335,386.66666666666663,368.3333333333333,381.23333333333335,583800,-1.0,-1.0,-1.0
2017/09/22,371.23333333333335,374.16666666666663,352.5,358.3333333333333,549900,-1.0,-1.0,-1.0
2017/09/25,358.3333333333333,360.0,347.06666666666666,354.16666666666663,264900,-1.0,-1.0,-1.0
2017/09/26,359.16666666666663,366.66666666666663,351.66666666666663,355.0,322500,-1.0,-1.0,-1.0
2017/09/27,358.3333333333333,379.16666666666663,358.3333333333333,379.16666666666663,518100,-1.0,-1.0,-1.0
2017/09/28,383.73333333333335,394.16666666666663,366.66666666666663,378.73333333333335,927900,-1.0,-1.0,-1.0
2017/09/29,375.0,383.3333333333333,360.0,370.0,520500,-1.0,-1.0,-1.0
2017/10/02,373.3333333333333,374.56666666666666,360.8333333333333,362.5,333600,-1.0,-1.0,-1.0
2017/10/03,363.73333333333335,387.5,346.66666666666663,360.4,1645500,-1.0,-1.0,-1.0
2017/10/04,357.5,359.56666666666666,338.73333333333335,340.8333333333333,477600,-1.0,-1.0,-1.0
2017/10/05,341.66666666666663,347.5,331.66666666666663,332.06666666666666,291900,-1.0,-1.0,-1.0
2017/10/06,332.5,341.66666666666663,331.66666666666663,338.73333333333335,148200,-1.0,-1.0,-1.0
2017/10/10,338.73333333333335,345.4,329.56666666666666,344.56666666666666,276000,-1.0,-1.0,-1.0
2017/10/11,348.3333333333333,350.0,334.56666666666666,339.16666666666663,165000,-1.0,-1.0,-1.0
2017/10/12,343.3333333333333,347.06666666666666,337.5,341.23333333333335,123000,-1.0,-1.0,-1.0
2017/10/13,339.16666666666663,339.16666666666663,331.66666666666663,333.73333333333335,94500,-1.0,-1.0,-1.0
2017/10/16,336.23333333333335,337.5,330.0,334.56666666666666,78900,-1.0,-1.0,-1.0
2017/10/17,331.66666666666663,335.8333333333333,326.66666666666663,329.16666666666663,133200,-1.0,-1.0,-1.0
2017/10/18,326.66666666666663,332.06666666666666,326.66666666666663,330.0,38100,-1.0,-1.0,-1.0
2017/10/19,330.4,341.23333333333335,329.16666666666663,332.06666666666666,89400,-1.0,-1.0,-1.0
2017/10/20,330.8333333333333,338.3333333333333,328.73333333333335,332.9,61200,-1.0,-1.0,-1.0
2017/10/23,340.4,347.5,333.3333333333333,347.06666666666666,121800,-1.0,-1.0,-1.0
2017/10/24,347.06666666666666,352.5,339.56666666666666,345.8333333333333,79200,-1.0,-1.0,-1.0
2017/10/25,345.0,345.0,332.06666666666666,332.9,121800,-1.0,-1.0,-1.0
2017/10/26,332.9,342.5,328.3333333333333,328.3333333333333,153900,-1.0,-1.0,-1.0
2017/10/27,329.56666666666666,330.8333333333333,321.66666666666663,324.16666666666663,159300,-1.0,-1.0,-1.0
2017/10/30,321.66666666666663,325.8333333333333,316.66666666666663,317.06666666666666,203400,-1.0,-1.0,-1.0
2017/10/31,315.0,336.23333333333335,314.16666666666663,335.8333333333333,194400,-1.0,-1.0,-1.0
2017/11/01,333.3333333333333,338.73333333333335,328.3333333333333,330.4,76200,-1.0,-1.0,-1.0
2017/11/02,331.23333333333335,334.16666666666663,326.66666666666663,327.5,69600,-1.0,-1.0,-1.0
2017/11/06,330.0,333.3333333333333,319.16666666666663,319.16666666666663,88500,-1.0,-1.0,-1.0
2017/11/07,317.9,325.4,317.9,318.73333333333335,74100,-1.0,-1.0,-1.0
2017/11/08,321.66666666666663,335.8333333333333,320.0,327.06666666666666,171000,-1.0,-1.0,-1.0
2017/11/09,327.06666666666666,330.0,317.5,325.8333333333333,122100,-1.0,-1.0,-1.0
2017/11/10,319.16666666666663,327.5,317.9,319.56666666666666,83700,-1.0,-1.0,-1.0
2017/11/13,320.8333333333333,325.4,316.66666666666663,323.3333333333333,73800,-1.0,-1.0,-1.0
2017/11/14,324.56666666666666,327.9,318.73333333333335,318.73333333333335,74100,-1.0,-1.0,-1.0
2017/11/15,312.9,315.8333333333333,302.5,304.16666666666663,249900,-1.0,-1.0,-1.0
2017/11/16,300.4,313.3333333333333,300.0,308.3333333333333,93600,-1.0,-1.0,-1.0
2017/11/17,313.3333333333333,322.9,309.56666666666666,316.66666666666663,59100,-1.0,-1.0,-1.0
2017/11/20,322.5,328.73333333333335,317.9,325.8333333333333,94500,-1.0,-1.0,-1.0
2017/11/21,330.0,341.23333333333335,326.66666666666663,340.8333333333333,190800,-1.0,-1.0,-1.0
2017/11/22,342.9,348.73333333333335,329.16666666666663,331.66666666666663,184500,-1.0,-1.0,-1.0
2017/11/24,327.5,330.0,322.5,325.0,141300,-1.0,-1.0,-1.0
2017/11/27,329.16666666666663,342.06666666666666,328.3333333333333,333.73333333333335,230100,-1.0,-1.0,-1.0
2017/11/28,329.16666666666663,329.56666666666666,323.73333333333335,326.23333333333335,116400,-1.0,-1.0,-1.0
2017/11/29,329.56666666666666,339.56666666666666,325.8333333333333,339.16666666666663,173100,-1.0,-1.0,-1.0
2017/11/30,339.56666666666666,340.0,326.23333333333335,336.23333333333335,115500,-1.0,-1.0,-1.0
2017/12/01,333.73333333333335,343.73333333333335,333.73333333333335,336.23333333333335,93900,-1.0,-1.0,-1.0
2017/12/04,336.23333333333335,342.5,329.16666666666663,329.16666666666663,95400,-1.0,-1.0,-1.0
2017/12/05,326.23333333333335,329.16666666666663,317.5,327.06666666666666,167400,-1.0,-1.0,-1.0
2017/12/06,325.4,330.8333333333333,317.9,320.8333333333333,91800,-1.0,-1.0,-1.0
2017/12/07,324.56666666666666,328.3333333333333,321.66666666666663,325.0,53700,-1.0,-1.0,-1.0
2017/12/08,325.8333333333333,329.56666666666666,322.06666666666666,327.06666666666666,60900,-1.0,-1.0,-1.0
2017/12/11,332.9,341.23333333333335,330.4,339.16666666666663,130500,-1.0,-1.0,-1.0
2017/12/12,339.16666666666663,342.5,327.9,332.5,214200,-1.0,-1.0,-1.0
2017/12/13,285.8333333333333,311.23333333333335,274.16666666666663,293.3333333333333,1402200,-1.0,-1.0,-1.0
2017/12/14,297.9,301.23333333333335,288.73333333333335,293.3333333333333,249300,-1.0,-1.0,-1.0
2017/12/15,295.8333333333333,296.66666666666663,283.73333333333335,287.06666666666666,201000,-1.0,-1.0,-1.0
2017/12/18,282.06666666666666,286.23333333333335,279.56666666666666,282.06666666666666,173100,-1.0,-1.0,-1.0
2017/12/19,282.06666666666666,282.06666666666666,273.3333333333333,273.3333333333333,198300,-1.0,-1.0,-1.0
2017/12/20,273.73333333333335,277.5,266.23333333333335,266.23333333333335,169500,-1.0,-1.0,-1.0
2017/12/21,270.8333333333333,274.16666666666663,266.23333333333335,267.5,120000,-1.0,-1.0,-1.0
2017/12/22,272.06666666666666,274.56666666666666,269.16666666666663,273.3333333333333,126300,-1.0,-1.0,-1.0
2017/12/25,270.8333333333333,272.5,262.9,263.3333333333333,184200,-1.0,-1.0,-1.0
2017/12/26,264.56666666666666,267.06666666666666,260.4,262.5,210600,-1.0,-1.0,-1.0
2017/12/27,262.9,270.8333333333333,262.5,270.4,113100,-1.0,-1.0,-1.0
2017/12/28,272.5,272.9,264.56666666666666,265.0,99300,-1.0,-1.0,-1.0
2017/12/29,265.4,269.56666666666666,265.0,265.4,54000,-1.0,-1.0,-1.0
2018/01/04,269.16666666666663,276.23333333333335,265.4,275.0,138300,-1.0,-1.0,-1.0
2018/01/05,274.16666666666663,277.5,270.0,273.3333333333333,101400,-1.0,-1.0,-1.0
2018/01/09,277.06666666666666,282.06666666666666,274.16666666666663,280.4,103500,-1.0,-1.0,-1.0
2018/01/10,280.4,290.0,279.16666666666663,287.5,125700,-1.0,-1.0,-1.0
2018/01/11,285.4,306.66666666666663,283.73333333333335,299.16666666666663,263100,-1.0,-1.0,-1.0
2018/01/12,297.5,302.9,295.8333333333333,297.06666666666666,122100,-1.0,-1.0,-1.0
2018/01/15,300.0,301.66666666666663,297.5,300.0,69300,-1.0,-1.0,-1.0
2018/01/16,298.73333333333335,300.0,291.66666666666663,294.56666666666666,110400,-1.0,-1.0,-1.0
2018/01/17,294.16666666666663,297.9,287.5,288.3333333333333,92400,-1.0,-1.0,-1.0
2018/01/18,287.9,291.23333333333335,280.0,280.0,101400,-1.0,-1.0,-1.0
2018/01/19,275.8333333333333,284.16666666666663,275.4,281.66666666666663,86700,-1.0,-1.0,-1.0
2018/01/22,279.16666666666663,285.8333333333333,276.66666666666663,283.3333333333333,63900,-1.0,-1.0,-1.0
2018/01/23,309.16666666666663,310.4,294.56666666666666,295.0,417600,-1.0,-1.0,-1.0
2018/01/24,290.4,302.06666666666666,286.23333333333335,298.73333333333335,189000,-1.0,-1.0,-1.0
2018/01/25,301.66666666666663,302.06666666666666,298.3333333333333,298.3333333333333,66900,-1.0,-1.0,-1.0
2018/01/26,300.8333333333333,300.8333333333333,293.3333333333333,294.56666666666666,68700,-1.0,-1.0,-1.0
2018/01/29,293.73333333333335,300.0,287.5,290.0,80100,-1.0,-1.0,-1.0
2018/01/30,289.16666666666663,300.0,285.8333333333333,287.5,92400,-1.0,-1.0,-1.0
2018/01/31,283.3333333333333,289.56666666666666,283.3333333333333,284.16666666666663,38700,-1.0,-1.0,-1.0
2018/02/01,287.5,290.8333333333333,285.4,288.3333333333333,54000,-1.0,-1.0,-1.0
2018/02/02,287.06666666666666,292.5,283.3333333333333,288.3333333333333,69300,-1.0,-1.0,-1.0
2018/02/05,277.5,282.5,276.23333333333335,276.66666666666663,80400,-1.0,-1.0,-1.0
2018/02/06,235.0,249.73333333333335,218.33333333333331,230.0,526200,-1.0,-1.0,-1.0
2018/02/07,246.66666666666666,249.56666666666666,232.5,232.5,166500,-1.0,-1.0,-1.0
2018/02/08,235.4,245.83333333333331,235.4,241.0,85200,-1.0,-1.0,-1.0
2018/02/09,220.16666666666666,232.33333333333331,219.0,231.5,112200,-1.0,-1.0,-1.0
2018/02/13,237.5,241.33333333333331,223.83333333333331,224.16666666666666,67200,-1.0,-1.0,-1.0
2018/02/14,224.56666666666666,227.0,212.5,219.0,93000,-1.0,-1.0,-1.0
2018/02/15,220.06666666666666,224.9,214.56666666666666,221.23333333333335,72600,-1.0,-1.0,-1.0
2018/02/16,222.16666666666666,229.16666666666666,221.56666666666666,222.33333333333331,55500,-1.0,-1.0,-1.0
2018/02/19,226.5,241.23333333333335,225.0,238.9,90000,-1.0,-1.0,-1.0
2018/02/20,240.0,241.5,233.66666666666666,240.23333333333335,43800,-1.0,-1.0,-1.0
2018/02/21,240.16666666666666,240.16666666666666,237.56666666666666,239.4,52500,-1.0,-1.0,-1.0
2018/02/22,237.5,237.5,229.16666666666666,229.9,75300,-1.0,-1.0,-1.0
2018/02/23,233.66666666666666,237.5,230.73333333333335,236.4,66900,-1.0,-1.0,-1.0
2018/02/26,241.66666666666666,242.23333333333335,237.73333333333335,237.73333333333335,59100,-1.0,-1.0,-1.0
2018/02/27,241.66666666666666,241.9,236.5,237.5,80400,-1.0,-1.0,-1.0
2018/02/28,233.9,237.5,233.9,236.66666666666666,34800,-1.0,-1.0,-1.0
2018/03/01,233.83333333333331,234.56666666666666,230.83333333333331,232.66666666666666,35700,-1.0,-1.0,-1.0
2018/03/02,226.73333333333335,230.33333333333331,225.0,227.5,47400,-1.0,-1.0,-1.0
2018/03/05,227.16666666666666,229.33333333333331,218.23333333333335,219.06666666666666,60300,-1.0,-1.0,-1.0
2018/03/06,222.9,227.33333333333331,222.9,225.73333333333335,18900,-1.0,-1.0,-1.0
2018/03/07,224.66666666666666,226.9,220.5,223.06666666666666,24000,-1.0,-1.0,-1.0
2018/03/08,226.5,235.9,226.5,227.56666666666666,39000,-1.0,-1.0,-1.0
2018/03/09,234.73333333333335,235.66666666666666,229.66666666666666,235.33333333333331,50700,-1.0,-1.0,-1.0
2018/03/12,241.16666666666666,241.4,238.33333333333331,240.83333333333331,85200,-1.0,-1.0,-1.0
2018/03/13,241.66666666666666,262.06666666666666,241.66666666666666,255.0,214500,-1.0,-1.0,-1.0
2018/03/14,235.5,248.06666666666666,234.16666666666666,242.9,308400,-1.0,-1.0,-1.0
2018/03/15,243.4,243.4,236.5,238.23333333333335,98700,-1.0,-1.0,-1.0
2018/03/16,238.33333333333331,239.4,235.16666666666666,237.9,80400,-1.0,-1.0,-1.0
2018/03/19,235.0,235.0,225.83333333333331,225.83333333333331,123300,-1.0,-1.0,-1.0
2018/03/20,221.66666666666666,228.33333333333331,220.83333333333331,225.66666666666666,60300,-1.0,-1.0,-1.0
2018/03/22,225.66666666666666,228.23333333333335,224.23333333333335,226.33333333333331,27600,-1.0,-1.0,-1.0
2018/03/23,216.66666666666666,220.73333333333335,210.0,212.23333333333335,138900,-1.0,-1.0,-1.0
2018/03/26,208.16666666666666,209.73333333333335,201.73333333333335,208.16666666666666,61800,-1.0,-1.0,-1.0
2018/03/27,216.06666666666666,216.06666666666666,209.4,211.56666666666666,54600,-1.0,-1.0,-1.0
2018/03/28,207.4,211.16666666666666,204.23333333333335,209.73333333333335,47100,-1.0,-1.0,-1.0
2018/03/29,210.16666666666666,213.9,206.9,208.5,58500,-1.0,-1.0,-1.0
2018/03/30,208.5,215.66666666666666,208.33333333333331,213.83333333333331,60000,-1.0,-1.0,-1.0
2018/04/02,213.83333333333331,215.16666666666666,208.33333333333331,209.06666666666666,61800,-1.0,-1.0,-1.0
2018/04/03,204.66666666666666,208.0,204.66666666666666,206.33333333333331,64500,-1.0,-1.0,-1.0
2018/04/04,205.5,206.16666666666666,202.73333333333335,202.9,81600,-1.0,-1.0,-1.0
2018/04/05,202.56666666666666,204.16666666666666,200.5,200.66666666666666,93900,-1.0,-1.0,-1.0
2018/04/06,200.83333333333331,207.33333333333331,200.0,202.73333333333335,60600,-1.0,-1.0,-1.0
2018/04/09,204.5,207.4,201.66666666666666,202.66666666666666,31500,-1.0,-1.0,-1.0
2018/04/10,202.83333333333331,210.66666666666666,202.83333333333331,209.33333333333331,43200,-1.0,-1.0,-1.0
2018/04/11,213.16666666666666,213.23333333333335,208.33333333333331,211.4,48900,-1.0,-1.0,-1.0
2018/04/12,208.83333333333331,211.06666666666666,202.66666666666666,205.33333333333331,65100,-1.0,-1.0,-1.0
2018/04/13,207.83333333333331,208.73333333333335,205.66666666666666,208.5,22500,-1.0,-1.0,-1.0
2018/04/16,208.5,212.5,203.4,205.0,34200,-1.0,-1.0,-1.0
2018/04/17,202.16666666666666,206.23333333333335,200.33333333333331,201.23333333333335,49800,-1.0,-1.0,-1.0
2018/04/18,201.33333333333331,206.66666666666666,199.16666666666666,202.5,34200,-1.0,-1.0,-1.0
2018/04/19,203.4,205.4,201.66666666666666,203.83333333333331,27600,-1.0,-1.0,-1.0
2018/04/20,203.73333333333335,206.56666666666666,200.83333333333331,206.23333333333335,24300,-1.0,-1.0,-1.0
2018/04/23,205.16666666666666,206.56666666666666,204.66666666666666,204.83333333333331,12000,-1.0,-1.0,-1.0
2018/04/24,205.9,207.4,204.23333333333335,204.33333333333331,17100,-1.0,-1.0,-1.0
2018/04/25,216.83333333333331,223.33333333333331,209.16666666666666,210.66666666666666,247500,-1.0,-1.0,-1.0
2018/04/26,212.56666666666666,213.66666666666666,208.06666666666666,208.33333333333331,49800,-1.0,-1.0,-1.0
2018/04/27,206.83333333333331,208.5,205.9,207.5,44100,-1.0,-1.0,-1.0
2018/05/01,207.5,215.0,207.5,212.06666666666666,36900,-1.0,-1.0,-1.0
2018/05/02,212.9,221.23333333333335,209.23333333333335,218.73333333333335,66900,-1.0,-1.0,-1.0
2018/05/07,222.83333333333331,224.0,219.33333333333331,219.33333333333331,38100,-1.0,-1.0,-1.0
2018/05/08,219.73333333333335,222.56666666666666,218.73333333333335,221.4,24600,-1.0,-1.0,-1.0
2018/05/09,224.5,224.56666666666666,218.73333333333335,219.83333333333331,23100,-1.0,-1.0,-1.0
2018/05/10,219.23333333333335,219.23333333333335,212.5,214.0,40500,-1.0,-1.0,-1.0
2018/05/11,211.9,212.83333333333331,210.83333333333331,210.83333333333331,36600,-1.0,-1.0,-1.0
2018/05/14,211.23333333333335,211.33333333333331,207.16666666666666,208.06666666666666,41400,-1.0,-1.0,-1.0
2018/05/15,208.33333333333331,211.5,208.33333333333331,209.4,30600,-1.0,-1.0,-1.0
2018/05/16,209.16666666666666,209.16666666666666,205.83333333333331,208.66666666666666,31800,-1.0,-1.0,-1.0
2018/05/17,207.56666666666666,209.9,204.56666666666666,206.16666666666666,27600,-1.0,-1.0,-1.0
2018/05/18,206.66666666666666,209.16666666666666,205.5,206.4,33900,-1.0,-1.0,-1.0
2018/05/21,208.4,224.9,208.4,222.9,91500,-1.0,-1.0,-1.0
2018/05/22,225.0,225.83333333333331,216.0,220.06666666666666,69600,-1.0,-1.0,-1.0
2018/05/23,224.0,225.0,215.0,221.23333333333335,47100,-1.0,-1.0,-1.0
2018/05/24,221.23333333333335,221.23333333333335,215.83333333333331,216.33333333333331,31800,-1.0,-1.0,-1.0
2018/05/25,216.23333333333335,219.0,214.56666666666666,216.5,26100,-1.0,-1.0,-1.0
2018/05/28,220.56666666666666,220.56666666666666,219.16666666666666,219.73333333333335,23100,-1.0,-1.0,-1.0
2018/05/29,220.0,222.9,217.9,217.9,44100,-1.0,-1.0,-1.0
2018/05/30,213.73333333333335,224.16666666666666,212.66666666666666,223.4,64200,-1.0,-1.0,-1.0
2018/05/31,225.73333333333335,228.73333333333335,225.0,226.66666666666666,86400,-1.0,-1.0,-1.0
2018/06/01,230.83333333333331,230.83333333333331,226.9,228.4,44700,-1.0,-1.0,-1.0
2018/06/04,230.73333333333335,230.83333333333331,223.4,225.33333333333331,72900,-1.0,-1.0,-1.0
2018/06/05,226.16666666666666,229.16666666666666,222.73333333333335,226.66666666666666,56400,-1.0,-1.0,-1.0
2018/06/06,225.9,225.9,221.66666666666666,225.0,23100,-1.0,-1.0,-1.0
2018/06/07,225.5,231.5,222.9,227.56666666666666,42300,-1.0,-1.0,-1.0
2018/06/08,231.5,238.73333333333335,227.56666666666666,238.73333333333335,151500,-1.0,-1.0,-1.0
2018/06/11,241.66666666666666,249.23333333333335,240.23333333333335,248.0,209400,-1.0,-1.0,-1.0
2018/06/12,250.0,251.66666666666666,242.73333333333335,251.66666666666666,248400,-1.0,-1.0,-1.0
2018/06/13,275.0,275.0,255.4,257.9,527400,-1.0,-1.0,-1.0
2018/06/14,258.3333333333333,276.66666666666663,252.06666666666666,272.5,250800,-1.0,-1.0,-1.0
2018/06/15,274.16666666666663,281.66666666666663,265.8333333333333,279.56666666666666,136500,-1.0,-1.0,-1.0
2018/06/18,283.73333333333335,283.73333333333335,269.16666666666663,276.23333333333335,133800,-1.0,-1.0,-1.0
2018/06/19,272.5,273.73333333333335,254.16666666666666,259.16666666666663,168900,-1.0,-1.0,-1.0
2018/06/20,261.23333333333335,266.66666666666663,250.83333333333331,262.06666666666666,185400,-1.0,-1.0,-1.0
2018/06/21,267.9,272.06666666666666,263.73333333333335,266.66666666666663,126000,-1.0,-1.0,-1.0
2018/06/22,263.73333333333335,275.4,261.23333333333335,273.73333333333335,138000,-1.0,-1.0,-1.0
2018/06/25,276.66666666666663,279.16666666666663,264.56666666666666,267.06666666666666,88200,-1.0,-1.0,-1.0
2018/06/26,261.66666666666663,280.0,260.4,278.3333333333333,139800,-1.0,-1.0,-1.0
2018/06/27,282.5,286.23333333333335,277.5,284.56666666666666,156000,-1.0,-1.0,-1.0
2018/06/28,286.66666666666663,297.06666666666666,285.4,297.06666666666666,326700,-1.0,-1.0,-1.0
2018/06/29,300.0,304.16666666666663,293.3333333333333,301.66666666666663,187800,-1.0,-1.0,-1.0
2018/07/02,302.5,311.66666666666663,293.3333333333333,299.16666666666663,189900,-1.0,-1.0,-1.0
2018/07/03,304.16666666666663,310.4,292.5,307.9,153000,-1.0,-1.0,-1.0
2018/07/04,307.5,320.8333333333333,298.3333333333333,316.66666666666663,181800,-1.0,-1.0,-1.0
2018/07/05,315.8333333333333,321.66666666666663,301.66666666666663,304.56666666666666,146100,-1.0,-1.0,-1.0
2018/07/06,310.4,317.5,305.8333333333333,315.0,128700,-1.0,-1.0,-1.0
2018/07/09,324.16666666666663,327.5,318.73333333333335,324.16666666666663,177000,-1.0,-1.0,-1.0
2018/07/10,324.16666666666663,331.66666666666663,323.3333333333333,330.4,166800,-1.0,-1.0,-1.0
2018/07/11,328.3333333333333,341.66666666666663,322.9,340.4,204600,-1.0,-1.0,-1.0
2018/07/12,340.4,351.23333333333335,338.3333333333333,348.73333333333335,201300,-1.0,-1.0,-1.0
2018/07/13,347.06666666666666,349.56666666666666,317.9,329.16666666666663,206400,-1.0,-1.0,-1.0
2018/07/17,332.5,332.9,304.16666666666663,305.4,272100,-1.0,-1.0,-1.0
2018/07/18,304.16666666666663,316.23333333333335,297.5,314.16666666666663,180600,-1.0,-1.0,-1.0
2018/07/19,317.9,321.66666666666663,315.0,319.56666666666666,73800,-1.0,-1.0,-1.0
2018/07/20,316.66666666666663,330.4,315.8333333333333,323.73333333333335,112500,-1.0,-1.0,-1.0
2018/07/23,329.56666666666666,329.56666666666666,317.06666666666666,319.56666666666666,47700,-1.0,-1.0,-1.0
2018/07/24,322.5,339.56666666666666,320.8333333333333,336.66666666666663,109500,-1.0,-1.0,-1.0
2018/07/25,340.4,343.3333333333333,331.66666666666663,334.56666666666666,64500,-1.0,-1.0,-1.0
2018/07/26,329.56666666666666,333.3333333333333,313.3333333333333,314.56666666666666,90600,-1.0,-1.0,-1.0
2018/07/27,318.3333333333333,324.56666666666666,308.3333333333333,316.23333333333335,63900,-1.0,-1.0,-1.0
2018/07/30,319.16666666666663,319.16666666666663,290.8333333333333,291.66666666666663,164700,-1.0,-1.0,-1.0
2018/07/31,292.5,303.3333333333333,287.9,302.9,98400,-1.0,-1.0,-1.0
2018/08/01,302.9,307.06666666666666,293.3333333333333,295.0,37500,-1.0,-1.0,-1.0
2018/08/02,291.66666666666663,296.66666666666663,291.66666666666663,291.66666666666663,30600,-1.0,-1.0,-1.0
2018/08/03,295.8333333333333,303.3333333333333,293.3333333333333,295.0,39000,-1.0,-1.0,-1.0
2018/08/06,289.16666666666663,290.4,270.0,270.8333333333333,115200,-1.0,-1.0,-1.0
2018/08/07,271.66666666666663,287.9,271.66666666666663,282.5,59100,-1.0,-1.0,-1.0
2018/08/08,279.56666666666666,297.9,279.56666666666666,295.8333333333333,57900,-1.0,-1.0,-1.0
2018/08/09,327.5,327.9,308.73333333333335,317.06666666666666,369900,-1.0,-1.0,-1.0
2018/08/10,316.23333333333335,322.9,307.9,312.06666666666666,83400,-1.0,-1.0,-1.0
2018/08/13,307.06666666666666,308.3333333333333,297.5,297.5,70500,-1.0,-1.0,-1.0
2018/08/14,297.9,306.23333333333335,297.9,300.8333333333333,28200,-1.0,-1.0,-1.0
2018/08/15,301.66666666666663,302.5,286.23333333333335,291.66666666666663,59400,-1.0,-1.0,-1.0
2018/08/16,283.73333333333335,291.23333333333335,279.16666666666663,287.06666666666666,51900,-1.0,-1.0,-1.0
2018/08/17,289.16666666666663,295.4,285.0,287.5,33300,-1.0,-1.0,-1.0
2018/08/20,286.66666666666663,289.16666666666663,277.9,279.16666666666663,32700,-1.0,-1.0,-1.0
2018/08/21,277.5,280.0,260.4,267.5,85800,-1.0,-1.0,-1.0
2018/08/22,265.8333333333333,279.56666666666666,265.4,277.9,45900,-1.0,-1.0,-1.0
2018/08/23,276.66666666666663,288.3333333333333,276.66666666666663,278.73333333333335,62400,-1.0,-1.0,-1.0
2018/08/24,279.56666666666666,283.3333333333333,273.3333333333333,282.5,46800,-1.0,-1.0,-1.0
2018/08/27,283.3333333333333,291.66666666666663,280.0,291.66666666666663,49500,-1.0,-1.0,-1.0
2018/08/28,292.5,294.16666666666663,280.4,281.23333333333335,64500,-1.0,-1.0,-1.0
2018/08/29,282.9,287.06666666666666,279.16666666666663,280.0,36900,-1.0,-1.0,-1.0
2018/08/30,297.9,304.16666666666663,293.3333333333333,301.23333333333335,122100,-1.0,-1.0,-1.0
2018/08/31,301.23333333333335,307.9,296.23333333333335,303.3333333333333,81600,-1.0,-1.0,-1.0
2018/09/03,306.66666666666663,306.66666666666663,295.0,300.4,37200,-1.0,-1.0,-1.0
2018/09/04,300.4,305.8333333333333,297.9,300.8333333333333,33000,-1.0,-1.0,-1.0
2018/09/05,300.8333333333333,304.16666666666663,292.06666666666666,292.9,43500,-1.0,-1.0,-1.0
2018/09/06,287.06666666666666,301.23333333333335,284.16666666666663,297.5,83400,-1.0,-1.0,-1.0
2018/09/07,292.06666666666666,300.0,290.0,298.3333333333333,30600,-1.0,-1.0,-1.0
2018/09/10,303.73333333333335,315.0,300.8333333333333,313.3333333333333,66600,-1.0,-1.0,-1.0
2018/09/11,316.66666666666663,317.9,306.23333333333335,312.5,76800,-1.0,-1.0,-1.0
2018/09/12,312.5,319.16666666666663,309.16666666666663,315.0,99300,-1.0,-1.0,-1.0
2018/09/13,303.3333333333333,307.5,294.16666666666663,299.16666666666663,167400,-1.0,-1.0,-1.0
2018/09/14,302.06666666666666,302.06666666666666,294.16666666666663,295.8333333333333,53700,-1.0,-1.0,-1.0
2018/09/18,299.56666666666666,312.5,296.66666666666663,312.06666666666666,82800,-1.0,-1.0,-1.0
2018/09/19,315.8333333333333,323.73333333333335,311.66666666666663,323.3333333333333,143100,-1.0,-1.0,-1.0
2018/09/20,324.16666666666663,324.16666666666663,312.06666666666666,312.5,73500,-1.0,-1.0,-1.0
2018/09/21,316.66666666666663,324.16666666666663,314.56666666666666,317.9,95400,-1.0,-1.0,-1.0
2018/09/25,320.4,323.3333333333333,316.23333333333335,323.3333333333333,45600,-1.0,-1.0,-1.0
2018/09/26,327.5,339.16666666666663,327.5,333.73333333333335,191100,-1.0,-1.0,-1.0
2018/09/27,327.9,335.8333333333333,322.5,332.5,95700,-1.0,-1.0,-1.0
2018/09/28,332.5,337.5,329.16666666666663,334.56666666666666,69600,-1.0,-1.0,-1.0
2018/10/01,336.66666666666663,340.8333333333333,324.16666666666663,331.66666666666663,67200,-1.0,-1.0,-1.0
2018/10/02,331.66666666666663,331.66666666666663,315.0,315.0,96300,-1.0,-1.0,-1.0
2018/10/03,318.3333333333333,318.3333333333333,303.73333333333335,307.5,103200,-1.0,-1.0,-1.0
2018/10/04,309.16666666666663,309.56666666666666,303.3333333333333,309.56666666666666,48600,-1.0,-1.0,-1.0
2018/10/05,303.73333333333335,304.56666666666666,296.66666666666663,296.66666666666663,63600,-1.0,-1.0,-1.0
2018/10/09,294.16666666666663,295.0,287.06666666666666,287.06666666666666,38100,-1.0,-1.0,-1.0
2018/10/10,295.4,295.4,285.8333333333333,291.66666666666663,26400,-1.0,-1.0,-1.0
2018/10/11,268.3333333333333,279.56666666666666,267.5,274.56666666666666,118800,-1.0,-1.0,-1.0
2018/10/12,272.06666666666666,282.5,270.8333333333333,281.23333333333335,46500,-1.0,-1.0,-1.0
2018/10/15,281.23333333333335,281.23333333333335,267.9,271.66666666666663,35100,-1.0,-1.0,-1.0
2018/10/16,270.4,275.0,269.56666666666666,273.3333333333333,28500,-1.0,-1.0,-1.0
2018/10/17,282.06666666666666,282.5,277.9,279.56666666666666,27600,-1.0,-1.0,-1.0
2018/10/18,282.5,289.16666666666663,275.0,276.23333333333335,32400,-1.0,-1.0,-1.0
2018/10/19,276.23333333333335,295.0,271.66666666666663,288.3333333333333,54000,-1.0,-1.0,-1.0
2018/10/22,295.8333333333333,298.3333333333333,286.66666666666663,293.3333333333333,58200,-1.0,-1.0,-1.0
2018/10/23,300.0,303.3333333333333,293.73333333333335,300.0,60000,-1.0,-1.0,-1.0
2018/10/24,305.8333333333333,308.3333333333333,297.06666666666666,308.3333333333333,45900,-1.0,-1.0,-1.0
2018/10/25,293.3333333333333,299.16666666666663,283.3333333333333,287.9,75300,-1.0,-1.0,-1.0
2018/10/26,291.66666666666663,291.66666666666663,267.06666666666666,267.9,122100,-1.0,-1.0,-1.0
2018/10/29,277.9,280.4,256.66666666666663,259.56666666666666,52500,-1.0,-1.0,-1.0
2018/10/30,253.73333333333335,264.56666666666666,249.4,261.66666666666663,42900,-1.0,-1.0,-1.0
2018/10/31,266.66666666666663,273.73333333333335,263.3333333333333,269.56666666666666,34500,-1.0,-1.0,-1.0
2018/11/01,271.23333333333335,281.23333333333335,263.73333333333335,277.5,66600,-1.0,-1.0,-1.0
2018/11/02,283.3333333333333,298.73333333333335,282.9,293.73333333333335,69600,-1.0,-1.0,-1.0
2018/11/05,290.8333333333333,298.73333333333335,285.0,290.0,44100,-1.0,-1.0,-1.0
2018/11/06,288.3333333333333,291.66666666666663,281.23333333333335,288.3333333333333,38100,-1.0,-1.0,-1.0
2018/11/07,293.73333333333335,294.56666666666666,282.5,292.06666666666666,35400,-1.0,-1.0,-1.0
2018/11/08,297.9,299.16666666666663,290.4,296.23333333333335,37200,-1.0,-1.0,-1.0
2018/11/09,292.9,310.0,292.9,304.56666666666666,40800,-1.0,-1.0,-1.0
2018/11/12,298.73333333333335,304.16666666666663,288.3333333333333,290.8333333333333,26700,-1.0,-1.0,-1.0
2018/11/13,278.73333333333335,286.23333333333335,278.73333333333335,285.4,28200,-1.0,-1.0,-1.0
2018/11/14,281.66666666666663,284.56666666666666,272.5,275.8333333333333,28800,-1.0,-1.0,-1.0
2018/11/15,270.8333333333333,279.16666666666663,262.5,264.16666666666663,35100,-1.0,-1.0,-1.0
2018/11/16,267.06666666666666,278.73333333333335,265.4,271.66666666666663,68100,-1.0,-1.0,-1.0
2018/11/19,269.16666666666663,277.06666666666666,269.16666666666663,277.06666666666666,11700,-1.0,-1.0,-1.0
2018/11/20,274.56666666666666,274.56666666666666,267.06666666666666,267.06666666666666,24300,-1.0,-1.0,-1.0
2018/11/21,259.56666666666666,266.66666666666663,259.16666666666663,262.06666666666666,24300,-1.0,-1.0,-1.0
2018/11/22,267.5,268.73333333333335,262.5,265.4,7500,-1.0,-1.0,-1.0
2018/11/26,266.66666666666663,269.16666666666663,264.56666666666666,265.0,12300,-1.0,-1.0,-1.0
2018/11/27,270.0,273.73333333333335,266.23333333333335,268.3333333333333,17400,-1.0,-1.0,-1.0
2018/11/28,270.4,272.9,268.73333333333335,271.23333333333335,19800,-1.0,-1.0,-1.0
2018/11/29,277.06666666666666,277.5,269.16666666666663,269.16666666666663,42600,-1.0,-1.0,-1.0
2018/11/30,270.8333333333333,295.4,268.73333333333335,292.06666666666666,89100,-1.0,-1.0,-1.0
2018/12/03,294.16666666666663,300.8333333333333,291.23333333333335,298.3333333333333,40800,-1.0,-1.0,-1.0
2018/12/04,300.4,306.66666666666663,292.5,297.06666666666666,63000,-1.0,-1.0,-1.0
2018/12/05,291.23333333333335,298.3333333333333,290.4,295.8333333333333,45900,-1.0,-1.0,-1.0
2018/12/06,295.0,299.56666666666666,284.16666666666663,284.56666666666666,42000,-1.0,-1.0,-1.0
2018/12/07,287.06666666666666,293.73333333333335,286.23333333333335,290.4,21300,-1.0,-1.0,-1.0
2018/12/10,296.23333333333335,296.23333333333335,278.73333333333335,287.9,37800,-1.0,-1.0,-1.0
2018/12/11,286.23333333333335,286.23333333333335,272.9,278.3333333333333,36000,-1.0,-1.0,-1.0
2018/12/12,278.73333333333335,295.8333333333333,277.06666666666666,295.8333333333333,53400,-1.0,-1.0,-1.0
2018/12/13,302.5,309.16666666666663,287.06666666666666,299.16666666666663,150300,-1.0,-1.0,-1.0
2018/12/14,300.8333333333333,300.8333333333333,274.16666666666663,274.16666666666663,74400,-1.0,-1.0,-1.0
2018/12/17,275.8333333333333,281.66666666666663,268.73333333333335,273.3333333333333,20100,-1.0,-1.0,-1.0
2018/12/18,264.16666666666663,266.66666666666663,249.16666666666666,249.16666666666666,96900,-1.0,-1.0,-1.0
2018/12/19,275.0,285.8333333333333,269.16666666666663,283.3333333333333,142800,-1.0,-1.0,-1.0
2018/12/20,277.9,284.16666666666663,274.16666666666663,277.06666666666666,78300,-1.0,-1.0,-1.0
2018/12/21,282.9,285.8333333333333,271.23333333333335,271.23333333333335,112500,-1.0,-1.0,-1.0
2018/12/25,249.83333333333331,257.06666666666666,246.83333333333331,249.5,105300,-1.0,-1.0,-1.0
2018/12/26,259.56666666666666,265.8333333333333,252.9,256.66666666666663,51300,-1.0,-1.0,-1.0
2018/12/27,280.0,286.23333333333335,275.0,279.16666666666663,107100,-1.0,-1.0,-1.0
2018/12/28,283.3333333333333,288.73333333333335,275.0,279.56666666666666,102600,-1.0,-1.0,-1.0
2019/01/04,281.23333333333335,281.23333333333335,264.56666666666666,277.06666666666666,16800,-1.0,-1.0,-1.0
2019/01/07,285.0,287.9,282.5,283.3333333333333,10200,-1.0,-1.0,-1.0
2019/01/08,283.73333333333335,288.73333333333335,283.3333333333333,285.8333333333333,15300,-1.0,-1.0,-1.0
2019/01/09,290.0,319.56666666666666,289.16666666666663,315.4,207000,-1.0,-1.0,-1.0
2019/01/10,309.56666666666666,321.23333333333335,303.73333333333335,320.0,125700,-1.0,-1.0,-1.0
2019/01/11,324.16666666666663,325.0,316.66666666666663,320.4,65100,-1.0,-1.0,-1.0
2019/01/15,313.73333333333335,315.8333333333333,307.9,312.06666666666666,36300,-1.0,-1.0,-1.0
2019/01/16,307.06666666666666,315.8333333333333,298.73333333333335,309.16666666666663,60600,-1.0,-1.0,-1.0
2019/01/17,315.0,329.16666666666663,307.9,328.3333333333333,96000,-1.0,-1.0,-1.0
2019/01/18,325.0,337.9,321.66666666666663,328.3333333333333,119400,-1.0,-1.0,-1.0
2019/01/21,333.73333333333335,337.5,327.06666666666666,331.23333333333335,62700,-1.0,-1.0,-1.0
2019/01/22,333.3333333333333,352.5,333.3333333333333,350.0,155700,-1.0,-1.0,-1.0
2019/01/23,355.0,355.0,333.3333333333333,335.4,104100,-1.0,-1.0,-1.0
2019/01/24,334.56666666666666,345.8333333333333,330.4,343.73333333333335,70800,-1.0,-1.0,-1.0
2019/01/25,345.8333333333333,350.8333333333333,341.23333333333335,345.4,76200,-1.0,-1.0,-1.0
2019/01/28,345.0,345.0,322.06666666666666,322.5,74100,-1.0,-1.0,-1.0
2019/01/29,315.0,322.16666666666663,305.5,306.66666666666663,103500,-1.0,-1.0,-1.0
2019/01/30,307.66666666666663,307.66666666666663,295.8333333333333,295.8333333333333,91800,-1.0,-1.0,-1.0
2019/01/31,298.16666666666663,314.16666666666663,298.16666666666663,308.5,71400,-1.0,-1.0,-1.0
2019/02/01,321.8333333333333,333.3333333333333,318.3333333333333,331.5,154200,-1.0,-1.0,-1.0
2019/02/04,331.5,344.66666666666663,321.66666666666663,328.16666666666663,104700,-1.0,-1.0,-1.0
2019/02/05,333.3333333333333,333.3333333333333,322.5,327.5,40800,-1.0,-1.0,-1.0
2019/02/06,326.8333333333333,327.16666666666663,319.66666666666663,319.66666666666663,48000,-1.0,-1.0,-1.0
2019/02/07,318.3333333333333,318.3333333333333,309.16666666666663,310.0,33000,-1.0,-1.0,-1.0
2019/02/08,303.3333333333333,307.66666666666663,301.66666666666663,305.3333333333333,35400,-1.0,-1.0,-1.0
2019/02/12,305.3333333333333,314.66666666666663,300.16666666666663,304.0,41100,-1.0,-1.0,-1.0
2019/02/13,304.0,312.66666666666663,292.16666666666663,295.8333333333333,63900,-1.0,-1.0,-1.0
2019/02/14,289.16666666666663,302.0,285.3333333333333,286.5,82800,-1.0,-1.0,-1.0
2019/02/15,284.3333333333333,299.3333333333333,284.3333333333333,291.16666666666663,61800,-1.0,-1.0,-1.0
2019/02/18,297.8333333333333,297.8333333333333,288.66666666666663,290.0,29400,-1.0,-1.0,-1.0
2019/02/19,290.0,307.66666666666663,290.0,304.5,78900,-1.0,-1.0,-1.0
2019/02/20,313.16666666666663,321.8333333333333,307.66666666666663,321.0,106500,-1.0,-1.0,-1.0
2019/02/21,318.3333333333333,323.66666666666663,318.16666666666663,323.16666666666663,48300,-1.0,-1.0,-1.0
2019/02/22,323.66666666666663,332.66666666666663,318.3333333333333,326.3333333333333,100500,-1.0,-1.0,-1.0
2019/02/25,325.0,330.0,325.0,326.3333333333333,27900,-1.0,-1.0,-1.0
2019/02/26,325.0,325.0,314.16666666666663,316.66666666666663,36000,-1.0,-1.0,-1.0
2019/02/27,314.8333333333333,316.5,310.66666666666663,314.3333333333333,34800,-1.0,-1.0,-1.0
2019/02/28,319.8333333333333,319.8333333333333,313.3333333333333,313.3333333333333,20400,-1.0,-1.0,-1.0
2019/03/01,313.3333333333333,319.0,305.3333333333333,307.66666666666663,39000,-1.0,-1.0,-1.0
2019/03/04,308.3333333333333,315.66666666666663,306.0,314.66666666666663,38400,-1.0,-1.0,-1.0
2019/03/05,308.0,315.0,307.5,313.16666666666663,33900,-1.0,-1.0,-1.0
2019/03/06,319.8333333333333,328.3333333333333,315.16666666666663,323.5,100200,-1.0,-1.0,-1.0
2019/03/07,328.16666666666663,328.3333333333333,317.5,317.5,47700,-1.0,-1.0,-1.0
2019/03/08,310.8333333333333,318.66666666666663,310.16666666666663,311.8333333333333,65100,-1.0,-1.0,-1.0
2019/03/11,311.8333333333333,316.66666666666663,302.5,311.3333333333333,29100,-1.0,-1.0,-1.0
2019/03/12,313.8333333333333,321.8333333333333,313.8333333333333,321.8333333333333,59700,-1.0,-1.0,-1.0
2019/03/13,324.3333333333333,335.0,324.0,330.8333333333333,203700,-1.0,-1.0,-1.0
2019/03/14,304.16666666666663,309.16666666666663,296.66666666666663,301.8333333333333,247500,-1.0,-1.0,-1.0
2019/03/15,310.0,319.16666666666663,304.3333333333333,318.16666666666663,88200,-1.0,-1.0,-1.0
2019/03/18,317.0,317.0,305.0,307.8333333333333,42300,-1.0,-1.0,-1.0
2019/03/19,307.5,307.5,297.16666666666663,297.8333333333333,50400,-1.0,-1.0,-1.0
2019/03/20,297.8333333333333,303.3333333333333,286.3333333333333,286.8333333333333,73200,-1.0,-1.0,-1.0
2019/03/22,287.0,296.16666666666663,286.16666666666663,286.16666666666663,35400,-1.0,-1.0,-1.0
2019/03/25,286.8333333333333,286.8333333333333,274.66666666666663,278.8333333333333,60000,-1.0,-1.0,-1.0
2019/03/26,279.0,279.66666666666663,267.3333333333333,268.16666666666663,169500,-1.0,-1.0,-1.0
2019/03/27,268.3333333333333,270.0,261.16666666666663,261.8333333333333,176400,-1.0,-1.0,-1.0
2019/03/28,262.3333333333333,263.3333333333333,258.8333333333333,259.5,172200,-1.0,-1.0,-1.0
2019/03/29,262.16666666666663,273.8333333333333,262.16666666666663,270.16666666666663,96000,-1.0,-1.0,-1.0
2019/04/01,275.5,276.5,261.66666666666663,262.16666666666663,175200,-1.0,-1.0,-1.0
2019/04/02,263.8333333333333,264.5,255.5,257.5,189600,-1.0,-1.0,-1.0
2019/04/03,257.3333333333333,261.66666666666663,254.5,259.0,52800,-1.0,-1.0,-1.0
2019/04/04,260.8333333333333,263.3333333333333,258.3333333333333,259.16666666666663,79200,-1.0,-1.0,-1.0
2019/04/05,265.5,274.8333333333333,259.5,272.0,188400,-1.0,-1.0,-1.0
2019/04/08,276.0,280.0,269.3333333333333,272.0,104700,-1.0,-1.0,-1.0
2019/04/09,272.0,273.3333333333333,265.0,267.0,74700,-1.0,-1.0,-1.0
2019/04/10,266.66666666666663,274.66666666666663,266.3333333333333,272.0,39900,-1.0,-1.0,-1.0
2019/04/11,272.0,276.3333333333333,269.8333333333333,276.16666666666663,33600,-1.0,-1.0,-1.0
2019/04/12,276.66666666666663,277.16666666666663,273.3333333333333,276.66666666666663,43500,-1.0,-1.0,-1.0
2019/04/15,282.3333333333333,286.8333333333333,277.0,285.8333333333333,99300,-1.0,-1.0,-1.0
2019/04/16,282.5,296.16666666666663,282.5,293.16666666666663,126000,-1.0,-1.0,-1.0
2019/04/17,293.3333333333333,302.5,286.8333333333333,289.3333333333333,115200,-1.0,-1.0,-1.0
2019/04/18,288.0,294.66666666666663,286.3333333333333,291.5,65400,-1.0,-1.0,-1.0
2019/04/19,289.16666666666663,294.66666666666663,277.0,278.66666666666663,114600,-1.0,-1.0,-1.0
2019/04/22,280.5,285.5,276.66666666666663,279.66666666666663,86400,-1.0,-1.0,-1.0
2019/04/23,272.0,274.0,270.16666666666663,271.3333333333333,493200,-1.0,-1.0,-1.0
2019/04/24,271.16666666666663,274.0,270.66666666666663,272.0,150300,-1.0,-1.0,-1.0
2019/04/25,271.8333333333333,273.3333333333333,271.0,272.3333333333333,56700,-1.0,-1.0,-1.0
2019/04/26,271.16666666666663,287.3333333333333,268.5,281.8333333333333,339600,-1.0,-1.0,-1.0
2019/05/07,282.5,287.0,279.8333333333333,282.5,99300,-1.0,-1.0,-1.0
2019/05/08,275.8333333333333,282.3333333333333,273.66666666666663,282.3333333333333,75600,-1.0,-1.0,-1.0
2019/05/09,282.16666666666663,282.16666666666663,276.0,280.16666666666663,57000,-1.0,-1.0,-1.0
2019/05/10,280.16666666666663,283.16666666666663,274.66666666666663,282.8333333333333,76500,-1.0,-1.0,-1.0
2019/05/13,286.0,296.8333333333333,284.0,293.0,198300,-1.0,-1.0,-1.0
2019/05/14,279.66666666666663,297.5,279.66666666666663,297.0,149700,-1.0,-1.0,-1.0
2019/05/15,299.0,302.5,291.16666666666663,299.16666666666663,115200,-1.0,-1.0,-1.0
2019/05/16,297.8333333333333,298.8333333333333,288.3333333333333,290.8333333333333,90600,-1.0,-1.0,-1.0
2019/05/17,294.0,299.16666666666663,293.0,294.8333333333333,64800,-1.0,-1.0,-1.0
2019/05/20,300.0,305.0,295.3333333333333,297.16666666666663,181200,-1.0,-1.0,-1.0
2019/05/21,294.3333333333333,294.66666666666663,282.0,283.66666666666663,275400,-1.0,-1.0,-1.0
2019/05/22,285.8333333333333,296.3333333333333,285.8333333333333,290.5,99000,-1.0,-1.0,-1.0
2019/05/23,288.5,291.66666666666663,284.5,288.0,124200,-1.0,-1.0,-1.0
2019/05/24,286.3333333333333,290.3333333333333,283.66666666666663,290.3333333333333,59700,-1.0,-1.0,-1.0
2019/05/27,294.8333333333333,299.66666666666663,291.5,296.16666666666663,79800,-1.0,-1.0,-1.0
2019/05/28,298.5,301.16666666666663,295.0,297.16666666666663,46200,-1.0,-1.0,-1.0
2019/05/29,297.16666666666663,303.0,296.66666666666663,303.0,99000,-1.0,-1.0,-1.0
2019/05/30,302.66666666666663,302.8333333333333,296.3333333333333,302.3333333333333,90900,-1.0,-1.0,-1.0
2019/05/31,304.5,309.5,296.8333333333333,297.3333333333333,168000,-1.0,-1.0,-1.0
2019/06/03,297.3333333333333,298.0,283.3333333333333,285.0,176400,-1.0,-1.0,-1.0
2019/06/04,287.5,300.16666666666663,286.16666666666663,294.66666666666663,176700,-1.0,-1.0,-1.0
2019/06/05,301.66666666666663,305.8333333333333,300.0,304.8333333333333,148200,-1.0,-1.0,-1.0
2019/06/06,308.16666666666663,313.3333333333333,307.5,308.3333333333333,155700,-1.0,-1.0,-1.0
2019/06/07,309.16666666666663,312.5,306.16666666666663,308.5,68100,-1.0,-1.0,-1.0
2019/06/10,315.16666666666663,316.5,310.8333333333333,314.5,69900,-1.0,-1.0,-1.0
2019/06/11,316.66666666666663,321.3333333333333,315.5,320.8333333333333,173100,-1.0,-1.0,-1.0
2019/06/12,317.3333333333333,327.5,317.0,318.0,358500,-1.0,-1.0,-1.0
2019/06/13,284.66666666666663,308.16666666666663,284.16666666666663,302.16666666666663,657600,-1.0,-1.0,-1.0
2019/06/14,303.16666666666663,303.16666666666663,287.16666666666663,291.8333333333333,176700,-1.0,-1.0,-1.0
2019/06/17,291.5,291.5,282.16666666666663,290.5,214200,-1.0,-1.0,-1.0
2019/06/18,295.3333333333333,295.3333333333333,286.3333333333333,289.16666666666663,90300,-1.0,-1.0,-1.0
2019/06/19,292.5,293.5,284.5,289.66666666666663,142200,-1.0,-1.0,-1.0
2019/06/20,290.5,297.8333333333333,288.16666666666663,292.8333333333333,73200,-1.0,-1.0,-1.0
2019/06/21,296.3333333333333,301.5,292.8333333333333,297.66666666666663,127500,-1.0,-1.0,-1.0
2019/06/24,300.8333333333333,312.8333333333333,297.5,298.5,224700,-1.0,-1.0,-1.0
2019/06/25,298.8333333333333,306.16666666666663,295.3333333333333,301.66666666666663,123900,-1.0,-1.0,-1.0
2019/06/26,301.5,312.16666666666663,296.16666666666663,310.66666666666663,108600,-1.0,-1.0,-1.0
2019/06/27,308.16666666666663,320.16666666666663,307.0,317.0,249000,-1.0,-1.0,-1.0
2019/06/28,319.8333333333333,332.16666666666663,319.3333333333333,331.5,298800,-1.0,-1.0,-1.0
2019/07/01,326.66666666666663,336.0,326.66666666666663,327.66666666666663,120600,-1.0,-1.0,-1.0
2019/07/02,326.66666666666663,338.8333333333333,325.0,335.66666666666663,147300,-1.0,-1.0,-1.0
2019/07/03,331.3333333333333,336.3333333333333,323.5,336.3333333333333,122700,-1.0,-1.0,-1.0
2019/07/04,336.3333333333333,340.0,329.8333333333333,330.0,84900,-1.0,-1.0,-1.0
2019/07/05,332.8333333333333,336.5,326.66666666666663,333.3333333333333,133200,-1.0,-1.0,-1.0
2019/07/08,336.0,346.16666666666663,330.8333333333333,340.66666666666663,180600,-1.0,-1.0,-1.0
2019/07/09,340.0,342.8333333333333,336.66666666666663,341.66666666666663,72300,-1.0,-1.0,-1.0
2019/07/10,341.66666666666663,349.0,341.16666666666663,346.5,75000,-1.0,-1.0,-1.0
2019/07/11,343.8333333333333,347.8333333333333,341.66666666666663,345.66666666666663,57300,-1.0,-1.0,-1.0
2019/07/12,344.8333333333333,347.66666666666663,340.0,343.16666666666663,50400,-1.0,-1.0,-1.0
2019/07/16,338.3333333333333,348.16666666666663,336.3333333333333,337.8333333333333,59400,-1.0,-1.0,-1.0
2019/07/17,333.3333333333333,336.0,329.3333333333333,332.16666666666663,64200,-1.0,-1.0,-1.0
2019/07/18,328.5,330.8333333333333,317.66666666666663,328.0,127500,-1.0,-1.0,-1.0
2019/07/19,330.66666666666663,339.0,330.5,336.8333333333333,87600,-1.0,-1.0,-1.0
2019/07/22,335.16666666666663,347.16666666666663,333.3333333333333,346.16666666666663,72900,-1.0,-1.0,-1.0
2019/07/23,343.66666666666663,350.0,342.66666666666663,346.0,73500,-1.0,-1.0,-1.0
2019/07/24,348.0,362.3333333333333,346.0,346.3333333333333,249300,-1.0,-1.0,-1.0
2019/07/25,346.3333333333333,356.8333333333333,343.5,345.0,111600,-1.0,-1.0,-1.0
2019/07/26,343.0,349.5,342.5,346.8333333333333,57000,-1.0,-1.0,-1.0
2019/07/29,349.5,356.8333333333333,349.5,356.16666666666663,109800,-1.0,-1.0,-1.0
2019/07/30,357.5,358.5,347.0,350.8333333333333,80400,-1.0,-1.0,-1.0
2019/07/31,348.66666666666663,357.66666666666663,348.66666666666663,357.0,68400,-1.0,-1.0,-1.0
2019/08/01,357.3333333333333,365.0,355.16666666666663,364.66666666666663,163500,-1.0,-1.0,-1.0
2019/08/02,359.8333333333333,361.66666666666663,352.66666666666663,361.3333333333333,83700,-1.0,-1.0,-1.0
2019/08/05,355.5,355.5,339.5,342.3333333333333,91800,-1.0,-1.0,-1.0
2019/08/06,325.66666666666663,342.3333333333333,320.0,337.66666666666663,237600,-1.0,-1.0,-1.0
2019/08/07,336.8333333333333,337.0,330.8333333333333,335.66666666666663,17700,-1.0,-1.0,-1.0
2019/08/08,335.0,338.8333333333333,333.5,338.3333333333333,24000,-1.0,-1.0,-1.0
2019/08/09,335.0,336.0,329.5,335.16666666666663,27600,-1.0,-1.0,-1.0
2019/08/13,328.16666666666663,333.0,324.16666666666663,331.0,40500,-1.0,-1.0,-1.0
2019/08/14,331.0,331.16666666666663,325.0,326.8333333333333,40800,-1.0,-1.0,-1.0
2019/08/15,315.16666666666663,332.3333333333333,315.16666666666663,327.66666666666663,149700,-1.0,-1.0,-1.0
2019/08/16,330.0,330.0,320.3333333333333,322.16666666666663,37200,-1.0,-1.0,-1.0
2019/08/19,321.66666666666663,323.16666666666663,316.66666666666663,318.8333333333333,44700,-1.0,-1.0,-1.0
2019/08/20,319.16666666666663,322.0,317.3333333333333,321.5,29400,-1.0,-1.0,-1.0
2019/08/21,320.0,324.8333333333333,320.0,324.8333333333333,13800,-1.0,-1.0,-1.0
2019/08/22,334.5,345.3333333333333,325.16666666666663,332.16666666666663,550500,-1.0,-1.0,-1.0
2019/08/23,331.8333333333333,331.8333333333333,325.5,328.16666666666663,108300,-1.0,-1.0,-1.0
2019/08/26,317.0,324.16666666666663,315.3333333333333,320.0,87600,-1.0,-1.0,-1.0
2019/08/27,325.0,325.0,317.16666666666663,318.5,76200,-1.0,-1.0,-1.0
2019/08/28,315.16666666666663,315.16666666666663,304.66666666666663,307.66666666666663,205800,-1.0,-1.0,-1.0
2019/08/29,299.16666666666663,300.8333333333333,298.3333333333333,300.0,520200,-1.0,-1.0,-1.0
2019/08/30,300.16666666666663,302.16666666666663,298.8333333333333,300.8333333333333,138300,-1.0,-1.0,-1.0
2019/09/02,300.16666666666663,301.3333333333333,298.16666666666663,300.8333333333333,99000,-1.0,-1.0,-1.0
2019/09/03,300.16666666666663,310.3333333333333,300.16666666666663,309.16666666666663,164400,-1.0,-1.0,-1.0
2019/09/04,308.5,313.16666666666663,307.0,311.8333333333333,76500,-1.0,-1.0,-1.0
2019/09/05,312.8333333333333,315.8333333333333,310.5,315.5,81900,-1.0,-1.0,-1.0
2019/09/06,316.0,323.8333333333333,316.0,316.5,150000,-1.0,-1.0,-1.0
2019/09/09,315.66666666666663,322.66666666666663,315.5,322.66666666666663,80700,-1.0,-1.0,-1.0
2019/09/10,322.66666666666663,324.5,319.66666666666663,321.16666666666663,110400,-1.0,-1.0,-1.0
2019/09/11,320.66666666666663,322.8333333333333,305.16666666666663,320.3333333333333,183600,-1.0,-1.0,-1.0
2019/09/12,313.66666666666663,328.66666666666663,313.66666666666663,325.0,297300,-1.0,-1.0,-1.0
2019/09/13,327.8333333333333,336.16666666666663,326.66666666666663,333.8333333333333,298200,-1.0,-1.0,-1.0
2019/09/17,330.5,339.16666666666663,330.5,337.66666666666663,287700,-1.0,-1.0,-1.0
2019/09/18,335.0,335.66666666666663,327.66666666666663,329.8333333333333,171300,-1.0,-1.0,-1.0
2019/09/19,334.3333333333333,336.66666666666663,330.5,331.8333333333333,140100,-1.0,-1.0,-1.0
2019/09/20,330.66666666666663,334.8333333333333,326.3333333333333,331.66666666666663,209700,-1.0,-1.0,-1.0
2019/09/24,332.8333333333333,334.16666666666663,329.8333333333333,333.8333333333333,165600,-1.0,-1.0,-1.0
2019/09/25,334.16666666666663,340.16666666666663,332.3333333333333,334.3333333333333,253500,-1.0,-1.0,-1.0
2019/09/26,339.8333333333333,344.16666666666663,335.0,340.8333333333333,223800,-1.0,-1.0,-1.0
2019/09/27,341.16666666666663,349.5,338.0,349.5,210900,-1.0,-1.0,-1.0
2019/09/30,349.3333333333333,350.0,343.0,347.8333333333333,159900,-1.0,-1.0,-1.0
2019/10/01,349.8333333333333,356.66666666666663,343.3333333333333,347.0,115500,-1.0,-1.0,-1.0
2019/10/02,343.5,348.3333333333333,340.66666666666663,345.16666666666663,92400,-1.0,-1.0,-1.0
2019/10/03,340.66666666666663,348.16666666666663,339.66666666666663,344.0,120600,-1.0,-1.0,-1.0
2019/10/04,346.16666666666663,359.8333333333333,345.3333333333333,359.8333333333333,212700,-1.0,-1.0,-1.0
2019/10/07,364.8333333333333,371.0,359.8333333333333,364.8333333333333,201300,-1.0,-1.0,-1.0
2019/10/08,362.8333333333333,365.66666666666663,358.3333333333333,363.16666666666663,102300,-1.0,-1.0,-1.0
2019/10/09,358.66666666666663,358.8333333333333,343.16666666666663,350.8333333333333,233400,-1.0,-1.0,-1.0
2019/10/10,353.3333333333333,353.3333333333333,336.16666666666663,337.66666666666663,159000,-1.0,-1.0,-1.0
2019/10/11,336.66666666666663,338.8333333333333,325.3333333333333,337.5,215700,-1.0,-1.0,-1.0
2019/10/15,337.66666666666663,337.66666666666663,328.8333333333333,330.5,148500,-1.0,-1.0,-1.0
2019/10/16,330.8333333333333,332.66666666666663,323.3333333333333,323.5,170400,-1.0,-1.0,-1.0
2019/10/17,322.5,330.66666666666663,319.0,330.16666666666663,156600,-1.0,-1.0,-1.0
2019/10/18,331.16666666666663,331.16666666666663,322.16666666666663,327.8333333333333,119400,-1.0,-1.0,-1.0
2019/10/21,324.8333333333333,325.66666666666663,319.0,325.66666666666663,115800,-1.0,-1.0,-1.0
2019/10/23,331.5,331.5,321.8333333333333,323.8333333333333,129300,-1.0,-1.0,-1.0
2019/10/24,323.8333333333333,328.8333333333333,322.0,326.66666666666663,97800,-1.0,-1.0,-1.0
2019/10/25,325.3333333333333,330.8333333333333,319.16666666666663,320.5,257100,-1.0,-1.0,-1.0
2019/10/28,321.8333333333333,325.0,319.5,320.5,152400,-1.0,-1.0,-1.0
2019/10/29,320.5,322.5,313.8333333333333,319.5,239400,-1.0,-1.0,-1.0
2019/10/30,319.5,323.16666666666663,308.3333333333333,308.3333333333333,726300,-1.0,-1.0,-1.0
2019/10/31,309.0,319.0,308.3333333333333,308.3333333333333,221100,-1.0,-1.0,-1.0
2019/11/01,307.66666666666663,314.8333333333333,307.5,307.5,105600,-1.0,-1.0,-1.0
2019/11/05,311.5,311.66666666666663,303.0,303.3333333333333,186900,-1.0,-1.0,-1.0
2019/11/06,307.8333333333333,307.8333333333333,298.8333333333333,300.16666666666663,199800,-1.0,-1.0,-1.0
2019/11/07,301.66666666666663,303.16666666666663,298.5,300.66666666666663,86400,-1.0,-1.0,-1.0
2019/11/08,303.16666666666663,303.16666666666663,298.5,300.5,108300,-1.0,-1.0,-1.0
2019/11/11,300.5,306.0,300.5,303.5,84000,-1.0,-1.0,-1.0
2019/11/12,305.16666666666663,309.3333333333333,303.3333333333333,307.3333333333333,134700,-1.0,-1.0,-1.0
2019/11/13,308.3333333333333,308.3333333333333,302.0,303.5,86100,-1.0,-1.0,-1.0
2019/11/14,305.16666666666663,306.3333333333333,302.5,305.0,69900,-1.0,-1.0,-1.0
2019/11/15,303.5,310.0,302.66666666666663,308.5,118500,-1.0,-1.0,-1.0
2019/11/18,312.5,316.0,311.16666666666663,315.0,118200,-1.0,-1.0,-1.0
2019/11/19,316.66666666666663,316.66666666666663,311.3333333333333,316.66666666666663,63000,-1.0,-1.0,-1.0
2019/11/20,317.16666666666663,322.5,315.5,318.5,113400,-1.0,-1.0,-1.0
2019/11/21,319.16666666666663,323.0,314.3333333333333,322.5,139800,-1.0,-1.0,-1.0
2019/11/22,322.5,324.5,319.8333333333333,320.16666666666663,69300,-1.0,-1.0,-1.0
2019/11/25,323.3333333333333,324.16666666666663,320.0,320.0,50700,-1.0,-1.0,-1.0
2019/11/26,320.3333333333333,321.0,313.5,315.66666666666663,116700,-1.0,-1.0,-1.0
2019/11/27,318.3333333333333,327.0,318.0,321.8333333333333,161100,-1.0,-1.0,-1.0
2019/11/28,327.66666666666663,327.66666666666663,321.0,321.8333333333333,130200,-1.0,-1.0,-1.0
2019/11/29,322.0,324.5,319.0,324.5,63600,-1.0,-1.0,-1.0
2019/12/02,324.5,326.66666666666663,320.66666666666663,324.0,63300,-1.0,-1.0,-1.0
2019/12/03,320.66666666666663,324.66666666666663,319.8333333333333,322.5,31500,-1.0,-1.0,-1.0
2019/12/04,320.16666666666663,323.16666666666663,318.5,323.16666666666663,53100,-1.0,-1.0,-1.0
2019/12/05,324.8333333333333,332.5,322.0,331.16666666666663,135000,-1.0,-1.0,-1.0
2019/12/06,331.3333333333333,337.8333333333333,328.3333333333333,337.5,130200,-1.0,-1.0,-1.0
2019/12/09,341.5,343.8333333333333,335.16666666666663,336.0,186000,-1.0,-1.0,-1.0
2019/12/10,338.3333333333333,344.66666666666663,335.5,341.3333333333333,276300,-1.0,-1.0,-1.0
2019/12/11,344.8333333333333,351.66666666666663,341.0,341.8333333333333,380700,-1.0,-1.0,-1.0
2019/12/12,330.16666666666663,337.5,316.16666666666663,334.3333333333333,712200,-1.0,-1.0,-1.0
2019/12/13,336.0,336.16666666666663,317.5,317.66666666666663,347100,-1.0,-1.0,-1.0
2019/12/16,316.5,324.0,315.3333333333333,315.5,140100,-1.0,-1.0,-1.0
2019/12/17,316.3333333333333,321.8333333333333,315.16666666666663,321.8333333333333,136200,-1.0,-1.0,-1.0
2019/12/18,333.0,334.66666666666663,327.8333333333333,333.5,315600,-1.0,-1.0,-1.0
2019/12/19,335.0,338.66666666666663,333.3333333333333,334.5,137400,-1.0,-1.0,-1.0
2019/12/20,332.5,339.5,331.16666666666663,338.3333333333333,177000,-1.0,-1.0,-1.0
2019/12/23,339.8333333333333,357.5,339.8333333333333,357.3333333333333,446400,-1.0,-1.0,-1.0
2019/12/24,358.3333333333333,368.0,351.16666666666663,355.5,341400,-1.0,-1.0,-1.0
2019/12/25,355.66666666666663,374.0,355.66666666666663,362.5,406500,-1.0,-1.0,-1.0
2019/12/26,366.66666666666663,368.3333333333333,356.66666666666663,356.8333333333333,78600,-1.0,-1.0,-1.0
2019/12/27,361.5,361.5,346.66666666666663,346.66666666666663,98400,-1.0,-1.0,-1.0
2019/12/30,346.66666666666663,351.3333333333333,341.66666666666663,349.16666666666663,80400,-1.0,-1.0,-1.0
2020/01/06,341.66666666666663,362.5,337.3333333333333,355.3333333333333,176700,-1.0,-1.0,-1.0
2020/01/07,361.3333333333333,383.3333333333333,360.0,382.8333333333333,384600,-1.0,-1.0,-1.0
2020/01/08,380.16666666666663,395.0,374.8333333333333,381.5,298800,-1.0,-1.0,-1.0
2020/01/09,391.66666666666663,391.66666666666663,376.3333333333333,378.3333333333333,168000,-1.0,-1.0,-1.0
2020/01/10,382.8333333333333,382.8333333333333,366.66666666666663,376.5,137700,-1.0,-1.0,-1.0
2020/01/14,383.0,390.3333333333333,379.8333333333333,389.8333333333333,125100,-1.0,-1.0,-1.0
2020/01/15,390.8333333333333,390.8333333333333,374.5,383.0,94800,-1.0,-1.0,-1.0
2020/01/16,383.0,383.0,373.5,374.3333333333333,79800,-1.0,-1.0,-1.0
2020/01/17,372.3333333333333,375.8333333333333,367.0,368.16666666666663,84900,-1.0,-1.0,-1.0
2020/01/20,365.0,367.66666666666663,357.5,367.3333333333333,140100,-1.0,-1.0,-1.0
2020/01/21,368.66666666666663,374.66666666666663,360.3333333333333,374.16666666666663,127500,-1.0,-1.0,-1.0
2020/01/22,374.16666666666663,378.8333333333333,372.5,378.3333333333333,61800,-1.0,-1.0,-1.0
2020/01/23,378.66666666666663,383.5,376.5,379.16666666666663,107100,-1.0,-1.0,-1.0
2020/01/24,381.66666666666663,382.8333333333333,375.8333333333333,381.66666666666663,56400,-1.0,-1.0,-1.0
2020/01/27,381.66666666666663,406.16666666666663,378.66666666666663,401.66666666666663,383700,-1.0,-1.0,-1.0
2020/01/28,413.66666666666663,428.5,409.5,413.16666666666663,560400,-1.0,-1.0,-1.0
2020/01/29,408.3333333333333,409.0,390.0,402.66666666666663,281100,-1.0,-1.0,-1.0
2020/01/30,400.0,400.0,372.16666666666663,386.0,342900,-1.0,-1.0,-1.0
2020/01/31,383.66666666666663,394.0,377.16666666666663,391.16666666666663,178500,-1.0,-1.0,-1.0
2020/02/03,377.8333333333333,403.5,377.8333333333333,399.66666666666663,247200,-1.0,-1.0,-1.0
2020/02/04,413.3333333333333,418.5,404.66666666666663,415.8333333333333,193500,-1.0,-1.0,-1.0
2020/02/05,425.0,440.0,414.16666666666663,431.5,413400,-1.0,-1.0,-1.0
2020/02/06,433.66666666666663,433.66666666666663,414.16666666666663,420.66666666666663,310200,-1.0,-1.0,-1.0
2020/02/07,419.5,425.5,407.5,414.16666666666663,210900,-1.0,-1.0,-1.0
2020/02/10,414.16666666666663,421.0,408.3333333333333,419.16666666666663,150300,-1.0,-1.0,-1.0
2020/02/12,424.8333333333333,451.66666666666663,423.0,440.5,251100,-1.0,-1.0,-1.0
2020/02/13,439.3333333333333,445.5,434.5,442.3333333333333,150300,-1.0,-1.0,-1.0
2020/02/14,447.5,450.0,424.66666666666663,431.0,252900,-1.0,-1.0,-1.0
2020/02/17,464.3333333333333,480.16666666666663,447.66666666666663,465.3333333333333,824700,-1.0,-1.0,-1.0
2020/02/18,519.1666666666666,524.1666666666666,445.5,454.5,1039500,-1.0,-1.0,-1.0
2020/02/19,458.16666666666663,493.0,456.3333333333333,471.5,754200,-1.0,-1.0,-1.0
2020/02/20,477.66666666666663,501.66666666666663,455.0,490.66666666666663,876900,-1.0,-1.0,-1.0
2020/02/21,483.3333333333333,518.3333333333333,472.8333333333333,500.0,968700,-1.0,-1.0,-1.0
2020/02/25,478.16666666666663,569.1666666666666,478.16666666666663,520.0,1959600,-1.0,-1.0,-1.0
2020/02/26,551.6666666666666,556.6666666666666,471.66666666666663,514.1666666666666,1849500,-1.0,-1.0,-1.0
2020/02/27,513.3333333333333,533.3333333333333,493.3333333333333,504.16666666666663,862800,-1.0,-1.0,-1.0
2020/02/28,493.66666666666663,507.5,439.16666666666663,464.5,896400,-1.0,-1.0,-1.0
2020/03/02,475.3333333333333,495.16666666666663,456.5,464.66666666666663,552000,-1.0,-1.0,-1.0
2020/03/03,483.3333333333333,486.8333333333333,444.16666666666663,462.5,747000,-1.0,-1.0,-1.0
2020/03/04,454.66666666666663,470.0,434.5,443.0,662700,-1.0,-1.0,-1.0
2020/03/05,450.66666666666663,452.66666666666663,408.3333333333333,423.16666666666663,756600,-1.0,-1.0,-1.0
2020/03/06,421.66666666666663,421.8333333333333,380.5,387.66666666666663,862500,-1.0,-1.0,-1.0
2020/03/09,372.8333333333333,378.16666666666663,350.8333333333333,354.0,648300,-1.0,-1.0,-1.0
2020/03/10,339.3333333333333,358.16666666666663,326.16666666666663,350.3333333333333,849300,-1.0,-1.0,-1.0
2020/03/11,360.8333333333333,371.5,342.8333333333333,358.66666666666663,872400,-1.0,-1.0,-1.0
2020/03/12,340.0,359.3333333333333,322.16666666666663,335.3333333333333,849900,-1.0,-1.0,-1.0
2020/03/13,309.16666666666663,316.0,285.5,294.5,696300,-1.0,-1.0,-1.0
2020/03/16,302.5,339.16666666666663,296.0,309.16666666666663,462000,-1.0,-1.0,-1.0
2020/03/17,299.16666666666663,327.0,296.0,323.16666666666663,787500,-1.0,-1.0,-1.0
2020/03/18,322.8333333333333,377.66666666666663,322.5,346.66666666666663,1209300,-1.0,-1.0,-1.0
2020/03/19,358.3333333333333,383.66666666666663,352.66666666666663,382.8333333333333,789300,-1.0,-1.0,-1.0
2020/03/23,383.3333333333333,416.16666666666663,376.5,406.8333333333333,888600,-1.0,-1.0,-1.0
2020/03/24,438.3333333333333,476.8333333333333,429.66666666666663,440.0,704700,-1.0,-1.0,-1.0
2020/03/25,466.66666666666663,469.16666666666663,446.3333333333333,458.0,358800,-1.0,-1.0,-1.0
2020/03/26,450.5,463.0,435.0,458.66666666666663,236100,-1.0,-1.0,-1.0
2020/03/27,465.5,487.0,456.66666666666663,479.3333333333333,403800,-1.0,-1.0,-1.0
2020/03/30,486.5,515.0,483.5,498.3333333333333,627900,-1.0,-1.0,-1.0
2020/03/31,506.66666666666663,510.0,478.66666666666663,491.3333333333333,611100,-1.0,-1.0,-1.0
2020/04/01,485.8333333333333,510.0,472.0,483.3333333333333,462600,-1.0,-1.0,-1.0
2020/04/02,487.5,503.3333333333333,478.8333333333333,481.3333333333333,307200,-1.0,-1.0,-1.0
2020/04/03,476.8333333333333,487.5,431.0,452.0,459300,-1.0,-1.0,-1.0
2020/04/06,452.16666666666663,497.16666666666663,452.16666666666663,493.0,273000,-1.0,-1.0,-1.0
2020/04/07,499.8333333333333,506.66666666666663,457.5,473.66666666666663,499800,-1.0,-1.0,-1.0
2020/04/08,475.3333333333333,477.3333333333333,439.16666666666663,447.8333333333333,512100,-1.0,-1.0,-1.0
2020/04/09,464.5,479.66666666666663,450.8333333333333,464.3333333333333,534000,-1.0,-1.0,-1.0
2020/04/10,462.66666666666663,478.0,444.16666666666663,477.3333333333333,447600,-1.0,-1.0,-1.0
2020/04/13,494.0,515.0,480.0,504.16666666666663,889800,-1.0,-1.0,-1.0
2020/04/14,526.6666666666666,553.3333333333333,510.0,536.6666666666666,1424700,-1.0,-1.0,-1.0
2020/04/15,536.6666666666666,585.8333333333333,525.8333333333333,570.0,1291200,-1.0,-1.0,-1.0
2020/04/16,570.0,601.6666666666666,560.8333333333333,594.1666666666666,902100,-1.0,-1.0,-1.0
2020/04/17,616.6666666666666,619.1666666666666,550.0,575.0,991200,-1.0,-1.0,-1.0
2020/04/20,565.8333333333333,570.8333333333333,540.8333333333333,544.1666666666666,1215600,-1.0,-1.0,-1.0
2020/04/21,528.3333333333333,539.1666666666666,501.66666666666663,515.8333333333333,1794600,-1.0,-1.0,-1.0
2020/04/22,508.3333333333333,549.1666666666666,506.66666666666663,544.1666666666666,985800,-1.0,-1.0,-1.0
2020/04/23,555.8333333333333,566.6666666666666,532.5,534.1666666666666,615000,-1.0,-1.0,-1.0
2020/04/24,531.6666666666666,540.8333333333333,520.0,532.5,328800,-1.0,-1.0,-1.0
2020/04/27,544.1666666666666,559.1666666666666,534.1666666666666,553.3333333333333,578700,-1.0,-1.0,-1.0
2020/04/28,551.6666666666666,555.8333333333333,527.5,533.3333333333333,627600,-1.0,-1.0,-1.0
2020/04/30,540.8333333333333,540.8333333333333,493.3333333333333,503.3333333333333,1223700,-1.0,-1.0,-1.0
2020/05/01,505.0,520.8333333333333,497.3333333333333,506.66666666666663,480000,-1.0,-1.0,-1.0
2020/05/07,508.3333333333333,553.3333333333333,505.8333333333333,553.3333333333333,666900,-1.0,-1.0,-1.0
2020/05/08,550.0,550.0,513.3333333333333,521.6666666666666,784200,-1.0,-1.0,-1.0
2020/05/11,524.1666666666666,524.1666666666666,493.0,500.0,816300,-1.0,-1.0,-1.0
2020/05/12,494.3333333333333,497.0,485.66666666666663,492.0,673500,-1.0,-1.0,-1.0
2020/05/13,490.5,504.16666666666663,488.16666666666663,496.66666666666663,374700,-1.0,-1.0,-1.0
2020/05/14,495.0,505.8333333333333,489.8333333333333,496.66666666666663,353100,-1.0,-1.0,-1.0
2020/05/15,501.66666666666663,506.66666666666663,489.66666666666663,496.66666666666663,396300,-1.0,-1.0,-1.0
2020/05/18,499.16666666666663,505.0,493.8333333333333,496.16666666666663,351600,-1.0,-1.0,-1.0
2020/05/19,496.3333333333333,497.0,466.16666666666663,477.16666666666663,837000,-1.0,-1.0,-1.0
2020/05/20,470.16666666666663,495.16666666666663,469.16666666666663,487.5,526200,-1.0,-1.0,-1.0
2020/05/21,486.3333333333333,493.16666666666663,473.0,485.3333333333333,353100,-1.0,-1.0,-1.0
2020/05/22,486.66666666666663,517.5,485.3333333333333,516.6666666666666,682200,-1.0,-1.0,-1.0
2020/05/25,533.3333333333333,535.8333333333333,511.66666666666663,514.1666666666666,530100,-1.0,-1.0,-1.0
2020/05/26,515.0,520.0,490.66666666666663,496.0,567300,-1.0,-1.0,-1.0
2020/05/27,496.8333333333333,505.0,495.0,502.5,264900,-1.0,-1.0,-1.0
2020/05/28,503.3333333333333,503.3333333333333,486.8333333333333,495.3333333333333,305700,-1.0,-1.0,-1.0
2020/05/29,497.66666666666663,524.1666666666666,492.8333333333333,520.0,534300,-1.0,-1.0,-1.0
2020/06/01,533.3333333333333,571.6666666666666,523.3333333333333,563.3333333333333,1553700,-1.0,-1.0,-1.0
2020/06/02,575.0,575.0,545.8333333333333,566.6666666666666,833700,-1.0,-1.0,-1.0
2020/06/03,567.5,567.5,540.0,551.6666666666666,486900,-1.0,-1.0,-1.0
2020/06/04,555.0,585.8333333333333,549.1666666666666,578.3333333333333,1135500,-1.0,-1.0,-1.0
2020/06/05,590.0,591.6666666666666,566.6666666666666,569.1666666666666,581700,-1.0,-1.0,-1.0
2020/06/08,581.6666666666666,581.6666666666666,555.0,562.5,636900,-1.0,-1.0,-1.0
2020/06/09,562.5,564.1666666666666,531.6666666666666,548.3333333333333,873600,-1.0,-1.0,-1.0
2020/06/10,550.0,580.0,548.3333333333333,579.1666666666666,1010100,-1.0,-1.0,-1.0
2020/06/11,541.6666666666666,546.6666666666666,518.3333333333333,535.0,1969500,-1.0,-1.0,-1.0
2020/06/12,511.66666666666663,538.3333333333333,498.8333333333333,534.1666666666666,978300,-1.0,-1.0,-1.0
2020/06/15,534.1666666666666,551.6666666666666,503.3333333333333,505.8333333333333,1032600,-1.0,-1.0,-1.0
2020/06/16,527.5,535.0,510.8333333333333,521.6666666666666,609300,-1.0,-1.0,-1.0
2020/06/17,521.6666666666666,527.5,512.5,520.0,422700,-1.0,-1.0,-1.0
2020/06/18,531.6666666666666,550.0,529.1666666666666,547.5,616800,-1.0,-1.0,-1.0
2020/06/19,549.1666666666666,571.6666666666666,547.5,557.5,786000,-1.0,-1.0,-1.0
2020/06/22,563.3333333333333,579.1666666666666,555.8333333333333,575.8333333333333,610800,-1.0,-1.0,-1.0
2020/06/23,579.1666666666666,579.1666666666666,558.3333333333333,572.5,442500,-1.0,-1.0,-1.0
2020/06/24,572.5,572.5,550.8333333333333,559.1666666666666,261600,-1.0,-1.0,-1.0
2020/06/25,550.8333333333333,559.1666666666666,542.5,545.0,274500,-1.0,-1.0,-1.0
2020/06/26,560.8333333333333,560.8333333333333,544.1666666666666,555.8333333333333,325800,-1.0,-1.0,-1.0
2020/06/29,557.5,589.1666666666666,545.8333333333333,570.8333333333333,735600,-1.0,-1.0,-1.0
2020/06/30,574.1666666666666,575.0,545.8333333333333,552.5,520800,-1.0,-1.0,-1.0
2020/07/01,558.3333333333333,595.0,548.3333333333333,590.8333333333333,1179000,-1.0,-1.0,-1.0
2020/07/02,590.8333333333333,591.6666666666666,530.0,555.0,905100,-1.0,-1.0,-1.0
2020/07/03,553.3333333333333,589.1666666666666,553.3333333333333,584.1666666666666,616500,-1.0,-1.0,-1.0
2020/07/06,589.1666666666666,635.8333333333333,588.3333333333333,618.3333333333333,1437600,-1.0,-1.0,-1.0
2020/07/07,618.3333333333333,637.5,609.1666666666666,630.8333333333333,664500,-1.0,-1.0,-1.0
2020/07/08,630.8333333333333,642.5,620.8333333333333,627.5,518400,-1.0,-1.0,-1.0
2020/07/09,666.6666666666666,716.6666666666666,655.0,691.6666666666666,2427300,-1.0,-1.0,-1.0
2020/07/10,700.8333333333333,706.6666666666666,647.5,653.3333333333333,1211100,-1.0,-1.0,-1.0
2020/07/13,650.0,679.1666666666666,633.3333333333333,669.1666666666666,669000,-1.0,-1.0,-1.0
2020/07/14,650.8333333333333,670.0,650.0,665.8333333333333,513000,-1.0,-1.0,-1.0
2020/07/15,665.8333333333333,673.3333333333333,637.5,658.3333333333333,666900,-1.0,-1.0,-1.0
2020/07/16,655.8333333333333,655.8333333333333,621.6666666666666,625.0,569100,-1.0,-1.0,-1.0
2020/07/17,630.8333333333333,642.5,621.6666666666666,635.0,472500,-1.0,-1.0,-1.0
2020/07/20,639.1666666666666,650.0,624.1666666666666,632.5,298800,-1.0,-1.0,-1.0
2020/07/21,640.0,665.0,637.5,653.3333333333333,409800,-1.0,-1.0,-1.0
2020/07/22,651.6666666666666,663.3333333333333,640.8333333333333,652.5,279600,-1.0,-1.0,-1.0
2020/07/27,644.1666666666666,656.6666666666666,629.1666666666666,633.3333333333333,503700,-1.0,-1.0,-1.0
2020/07/28,634.1666666666666,658.3333333333333,634.1666666666666,642.5,274500,-1.0,-1.0,-1.0
2020/07/29,638.3333333333333,661.6666666666666,636.6666666666666,660.0,352500,-1.0,-1.0,-1.0
2020/07/30,666.6666666666666,666.6666666666666,628.0,636.6666666666666,549600,-1.0,-1.0,-1.0
2020/07/31,624.0,633.6666666666666,580.0,582.6666666666666,844800,-1.0,-1.0,-1.0
2020/08/03,584.0,598.3333333333333,580.0,592.3333333333333,400500,-1.0,-1.0,-1.0
2020/08/04,606.6666666666666,609.6666666666666,577.6666666666666,583.3333333333333,527100,-1.0,-1.0,-1.0
2020/08/05,579.6666666666666,603.3333333333333,579.6666666666666,597.3333333333333,377400,-1.0,-1.0,-1.0
2020/08/06,606.6666666666666,635.6666666666666,595.0,610.0,800700,-1.0,-1.0,-1.0
2020/08/07,623.3333333333333,643.3333333333333,614.3333333333333,620.3333333333333,662400,-1.0,-1.0,-1.0
2020/08/11,666.0,666.0,627.3333333333333,647.3333333333333,1462200,-1.0,-1.0,-1.0
2020/08/12,653.6666666666666,660.0,634.3333333333333,636.6666666666666,744900,-1.0,-1.0,-1.0
2020/08/13,644.0,653.6666666666666,634.0,652.6666666666666,491100,-1.0,-1.0,-1.0
2020/08/14,653.6666666666666,681.3333333333333,653.6666666666666,669.3333333333333,1101000,-1.0,-1.0,-1.0
2020/08/17,672.6666666666666,679.6666666666666,647.0,671.3333333333333,883200,-1.0,-1.0,-1.0
2020/08/18,680.0,728.0,673.3333333333333,715.6666666666666,2369100,-1.0,-1.0,-1.0
2020/08/19,731.6666666666666,755.3333333333333,720.6666666666666,747.6666666666666,1767900,-1.0,-1.0,-1.0
2020/08/20,731.0,733.0,698.3333333333333,724.3333333333333,1263300,-1.0,-1.0,-1.0
2020/08/21,743.3333333333333,746.3333333333333,724.0,735.6666666666666,623400,-1.0,-1.0,-1.0
2020/08/24,738.3333333333333,739.3333333333333,707.0,717.3333333333333,623100,-1.0,-1.0,-1.0
2020/08/25,720.0,720.0,693.0,705.6666666666666,639300,-1.0,-1.0,-1.0
2020/08/26,729.3333333333333,729.3333333333333,681.3333333333333,687.3333333333333,1999500,-1.0,-1.0,-1.0
2020/08/27,696.6666666666666,702.0,677.0,683.0,975900,-1.0,-1.0,-1.0
2020/08/28,678.6666666666666,686.6666666666666,630.0,641.3333333333333,1382400,-1.0,-1.0,-1.0
2020/08/31,667.0,674.6666666666666,658.3333333333333,664.3333333333333,743100,-1.0,-1.0,-1.0
2020/09/01,666.6666666666666,703.6666666666666,666.6666666666666,701.6666666666666,1104000,-1.0,-1.0,-1.0
2020/09/02,723.0,730.6666666666666,705.0,726.6666666666666,1456500,-1.0,-1.0,-1.0
2020/09/03,726.0,726.0,694.6666666666666,712.0,930300,-1.0,-1.0,-1.0
2020/09/04,684.3333333333333,701.0,676.3333333333333,692.3333333333333,659700,-1.0,-1.0,-1.0
2020/09/07,686.0,696.0,648.0,650.6666666666666,1110000,-1.0,-1.0,-1.0
2020/09/08,666.0,683.0,648.0,683.0,939900,-1.0,-1.0,-1.0
2020/09/09,669.0,685.6666666666666,663.3333333333333,683.6666666666666,1072800,-1.0,-1.0,-1.0
2020/09/10,689.6666666666666,699.3333333333333,635.6666666666666,637.3333333333333,2980500,-1.0,-1.0,-1.0
2020/09/11,636.3333333333333,647.3333333333333,616.6666666666666,646.6666666666666,1368900,-1.0,-1.0,-1.0
2020/09/14,650.3333333333333,667.3333333333333,633.3333333333333,665.0,980400,-1.0,-1.0,-1.0
2020/09/15,666.6666666666666,674.0,653.3333333333333,658.3333333333333,875400,-1.0,-1.0,-1.0
2020/09/16,666.0,686.6666666666666,666.0,679.0,1196400,-1.0,-1.0,-1.0
2020/09/17,681.0,686.0,669.0,681.6666666666666,747000,-1.0,-1.0,-1.0
2020/09/18,685.0,695.0,680.0,694.3333333333333,676800,-1.0,-1.0,-1.0
2020/09/23,700.0,771.3333333333333,700.0,756.3333333333333,3763800,-1.0,-1.0,-1.0
2020/09/24,748.0,793.6666666666666,728.6666666666666,789.6666666666666,2977500,-1.0,-1.0,-1.0
2020/09/25,784.6666666666666,802.6666666666666,764.0,777.0,1655700,-1.0,-1.0,-1.0
2020/09/28,783.3333333333333,788.0,731.6666666666666,741.3333333333333,1003800,-1.0,-1.0,-1.0
2020/09/29,737.3333333333333,786.3333333333333,736.6666666666666,775.6666666666666,743700,-1.0,-1.0,-1.0
2020/09/30,773.0,776.6666666666666,754.3333333333333,766.3333333333333,634500,-1.0,-1.0,-1.0
2020/10/02,772.0,775.6666666666666,731.6666666666666,747.3333333333333,1036200,-1.0,-1.0,-1.0
2020/10/05,753.3333333333333,772.0,728.0,770.3333333333333,957600,-1.0,-1.0,-1.0
2020/10/06,766.6666666666666,766.6666666666666,739.3333333333333,751.0,880800,-1.0,-1.0,-1.0
2020/10/07,750.3333333333333,760.6666666666666,731.3333333333333,737.3333333333333,614100,-1.0,-1.0,-1.0
2020/10/08,734.0,757.3333333333333,717.3333333333333,746.0,770100,-1.0,-1.0,-1.0
2020/10/09,744.3333333333333,747.0,723.0,745.0,681600,-1.0,-1.0,-1.0
2020/10/12,758.6666666666666,800.0,745.3333333333333,798.6666666666666,1610400,-1.0,-1.0,-1.0
2020/10/13,798.3333333333333,798.3333333333333,769.0,778.6666666666666,951300,-1.0,-1.0,-1.0
2020/10/14,768.6666666666666,786.0,757.3333333333333,778.6666666666666,776700,-1.0,-1.0,-1.0
2020/10/15,778.6666666666666,825.6666666666666,774.3333333333333,820.3333333333333,2372100,-1.0,-1.0,-1.0
2020/10/16,816.6666666666666,823.3333333333333,760.3333333333333,770.6666666666666,1715400,-1.0,-1.0,-1.0
2020/10/19,783.3333333333333,783.3333333333333,726.6666666666666,765.0,1363500,-1.0,-1.0,-1.0
2020/10/20,776.6666666666666,831.6666666666666,772.3333333333333,816.0,1660200,-1.0,-1.0,-1.0
2020/10/21,823.3333333333333,844.6666666666666,816.0,820.0,1067100,-1.0,-1.0,-1.0
2020/10/22,820.0,820.0,783.6666666666666,785.6666666666666,1052100,-1.0,-1.0,-1.0
2020/10/23,775.3333333333333,776.0,703.0,742.3333333333333,1839900,-1.0,-1.0,-1.0
2020/10/26,735.0,735.3333333333333,674.3333333333333,677.3333333333333,1208100,-1.0,-1.0,-1.0
2020/10/27,675.0,710.6666666666666,672.3333333333333,700.3333333333333,1202100,-1.0,-1.0,-1.0
2020/10/28,707.6666666666666,736.3333333333333,703.3333333333333,727.3333333333333,888900,-1.0,-1.0,-1.0
2020/10/29,706.6666666666666,722.0,678.3333333333333,708.0,654300,-1.0,-1.0,-1.0
2020/10/30,700.6666666666666,708.0,675.0,680.0,681300,-1.0,-1.0,-1.0
2020/11/02,672.6666666666666,678.6666666666666,654.0,669.3333333333333,682800,-1.0,-1.0,-1.0
2020/11/04,683.3333333333333,701.0,671.6666666666666,697.0,504600,-1.0,-1.0,-1.0
2020/11/05,711.6666666666666,725.3333333333333,708.3333333333333,721.6666666666666,670200,-1.0,-1.0,-1.0
2020/11/06,730.0,743.3333333333333,721.0,721.6666666666666,615900,-1.0,-1.0,-1.0
2020/11/09,743.3333333333333,761.6666666666666,740.0,752.3333333333333,641400,-1.0,-1.0,-1.0
2020/11/10,666.6666666666666,700.0,646.3333333333333,655.3333333333333,1592100,-1.0,-1.0,-1.0
2020/11/11,627.0,656.6666666666666,624.0,648.0,715500,-1.0,-1.0,-1.0
2020/11/12,666.0,675.6666666666666,653.0,670.3333333333333,573900,-1.0,-1.0,-1.0
2020/11/13,670.0,682.0,660.3333333333333,679.0,406200,-1.0,-1.0,-1.0
2020/11/16,686.6666666666666,686.6666666666666,659.6666666666666,671.0,444600,-1.0,-1.0,-1.0
2020/11/17,661.3333333333333,664.3333333333333,623.0,629.3333333333333,910200,-1.0,-1.0,-1.0
2020/11/18,623.6666666666666,642.3333333333333,620.6666666666666,636.0,874800,-1.0,-1.0,-1.0
2020/11/19,633.3333333333333,649.6666666666666,627.3333333333333,649.0,513900,-1.0,-1.0,-1.0
2020/11/20,650.0,665.6666666666666,642.6666666666666,665.6666666666666,447300,-1.0,-1.0,-1.0
2020/11/24,671.6666666666666,673.6666666666666,650.0,655.3333333333333,525600,-1.0,-1.0,-1.0
2020/11/25,649.0,657.3333333333333,634.6666666666666,646.3333333333333,633000,-1.0,-1.0,-1.0
2020/11/26,645.3333333333333,654.3333333333333,641.6666666666666,649.3333333333333,529800,-1.0,-1.0,-1.0
2020/11/27,638.6666666666666,650.0,635.6666666666666,640.3333333333333,594000,-1.0,-1.0,-1.0
2020/11/30,641.0,646.0,631.3333333333333,646.0,1009200,-1.0,-1.0,-1.0
2020/12/01,652.0,675.6666666666666,647.0,673.3333333333333,863100,-1.0,-1.0,-1.0
2020/12/02,669.3333333333333,673.0,647.6666666666666,664.0,737100,-1.0,-1.0,-1.0
2020/12/03,663.6666666666666,665.6666666666666,642.0,645.3333333333333,564300,-1.0,-1.0,-1.0
2020/12/04,643.3333333333333,643.3333333333333,613.3333333333333,625.3333333333333,607500,-1.0,-1.0,-1.0
2020/12/07,631.3333333333333,634.6666666666666,613.3333333333333,622.6666666666666,609000,-1.0,-1.0,-1.0
2020/12/08,617.0,634.3333333333333,606.0,631.0,564000,-1.0,-1.0,-1.0
2020/12/09,635.3333333333333,635.3333333333333,615.3333333333333,618.0,637500,-1.0,-1.0,-1.0
2020/12/10,631.3333333333333,645.6666666666666,587.3333333333333,593.0,2035200,-1.0,-1.0,-1.0
2020/12/11,586.3333333333333,612.0,574.0,611.3333333333333,1042800,-1.0,-1.0,-1.0
2020/12/14,619.0,642.3333333333333,616.6666666666666,633.0,728700,-1.0,-1.0,-1.0
2020/12/15,639.6666666666666,643.3333333333333,618.6666666666666,623.3333333333333,466800,-1.0,-1.0,-1.0
2020/12/16,623.3333333333333,632.3333333333333,614.0,626.3333333333333,332700,-1.0,-1.0,-1.0
2020/12/17,639.6666666666666,674.6666666666666,639.0,658.0,1450500,-1.0,-1.0,-1.0
2020/12/18,651.3333333333333,661.6666666666666,635.0,647.6666666666666,624900,-1.0,-1.0,-1.0
2020/12/21,643.3333333333333,648.0,619.6666666666666,621.6666666666666,599400,-1.0,-1.0,-1.0
2020/12/22,616.6666666666666,622.6666666666666,588.6666666666666,591.3333333333333,564600,-1.0,-1.0,-1.0
2020/12/23,604.6666666666666,639.0,604.6666666666666,625.0,775500,-1.0,-1.0,-1.0
2020/12/24,617.3333333333333,631.0,610.6666666666666,621.3333333333333,416700,-1.0,-1.0,-1.0
2020/12/25,620.6666666666666,622.6666666666666,608.3333333333333,613.0,323700,-1.0,-1.0,-1.0
2020/12/28,611.3333333333333,613.3333333333333,588.6666666666666,593.3333333333333,598800,-1.0,-1.0,-1.0
2020/12/29,600.3333333333333,617.6666666666666,598.6666666666666,609.0,398700,-1.0,-1.0,-1.0
2020/12/30,605.0,618.0,605.0,609.0,341700,-1.0,-1.0,-1.0
2021/01/04,606.3333333333333,642.6666666666666,601.6666666666666,641.3333333333333,599100,-1.0,-1.0,-1.0
2021/01/05,634.0,644.0,616.0,621.0,498000,-1.0,-1.0,-1.0
2021/01/06,623.6666666666666,639.6666666666666,623.3333333333333,629.6666666666666,390900,-1.0,-1.0,-1.0
2021/01/07,633.3333333333333,639.3333333333333,618.3333333333333,623.3333333333333,408000,-1.0,-1.0,-1.0
2021/01/08,624.0,630.3333333333333,616.3333333333333,621.0,285600,-1.0,-1.0,-1.0
2021/01/12,621.0,621.0,594.6666666666666,601.6666666666666,537000,-1.0,-1.0,-1.0
2021/01/13,596.6666666666666,602.0,591.0,600.6666666666666,363000,-1.0,-1.0,-1.0
2021/01/14,600.0,608.6666666666666,596.0,601.3333333333333,399000,-1.0,-1.0,-1.0
2021/01/15,601.3333333333333,614.3333333333333,595.0,613.6666666666666,386700,-1.0,-1.0,-1.0
2021/01/18,611.3333333333333,611.3333333333333,593.6666666666666,608.3333333333333,323700,-1.0,-1.0,-1.0
2021/01/19,607.3333333333333,615.6666666666666,599.3333333333333,611.0,382500,-1.0,-1.0,-1.0
2021/01/20,615.3333333333333,619.6666666666666,607.0,612.0,229200,-1.0,-1.0,-1.0
2021/01/21,617.6666666666666,641.3333333333333,608.6666666666666,640.0,469800,-1.0,-1.0,-1.0
2021/01/22,640.0,641.6666666666666,627.3333333333333,633.0,352200,-1.0,-1.0,-1.0
2021/01/25,644.6666666666666,655.6666666666666,641.6666666666666,655.3333333333333,347400,-1.0,-1.0,-1.0
2021/01/26,656.6666666666666,656.6666666666666,635.3333333333333,643.3333333333333,284700,-1.0,-1.0,-1.0
2021/01/27,650.6666666666666,656.3333333333333,644.3333333333333,648.3333333333333,311700,-1.0,-1.0,-1.0
2021/01/28,633.3333333333333,650.3333333333333,630.6666666666666,649.6666666666666,547500,-1.0,-1.0,-1.0
2021/01/29,651.3333333333333,661.3333333333333,635.6666666666666,651.3333333333333,468600,-1.0,-1.0,-1.0
2021/02/01,643.6666666666666,643.6666666666666,619.3333333333333,626.6666666666666,282600,-1.0,-1.0,-1.0
2021/02/02,631.3333333333333,646.6666666666666,626.6666666666666,644.6666666666666,217500,-1.0,-1.0,-1.0
2021/02/03,644.6666666666666,648.6666666666666,637.6666666666666,646.3333333333333,147300,-1.0,-1.0,-1.0
2021/02/04,643.3333333333333,649.6666666666666,634.3333333333333,649.6666666666666,216300,-1.0,-1.0,-1.0
2021/02/05,654.3333333333333,661.3333333333333,646.3333333333333,655.0,255000,-1.0,-1.0,-1.0
2021/02/08,650.3333333333333,651.6666666666666,618.6666666666666,622.6666666666666,625200,-1.0,-1.0,-1.0
2021/02/09,619.3333333333333,631.0,611.6666666666666,630.0,324900,-1.0,-1.0,-1.0
2021/02/10,628.3333333333333,634.6666666666666,622.0,625.6666666666666,157500,-1.0,-1.0,-1.0
2021/02/12,620.3333333333333,632.6666666666666,618.3333333333333,627.0,149100,-1.0,-1.0,-1.0
2021/02/15,636.6666666666666,639.6666666666666,631.3333333333333,634.0,252300,-1.0,-1.0,-1.0
2021/02/16,634.0,637.0,618.3333333333333,621.6666666666666,264300,-1.0,-1.0,-1.0
2021/02/17,620.0,620.0,599.0,604.6666666666666,400200,-1.0,-1.0,-1.0
2021/02/18,604.3333333333333,609.6666666666666,597.6666666666666,599.0,218700,-1.0,-1.0,-1.0
2021/02/19,591.3333333333333,592.3333333333333,574.0,587.6666666666666,337200,-1.0,-1.0,-1.0
2021/02/22,589.3333333333333,594.6666666666666,559.3333333333333,563.0,809400,-1.0,-1.0,-1.0
2021/02/24,563.0,572.3333333333333,553.0,553.3333333333333,384300,-1.0,-1.0,-1.0
2021/02/25,557.0,567.0,550.3333333333333,564.0,230700,-1.0,-1.0,-1.0
2021/02/26,552.0,565.0,541.6666666666666,562.0,358500,-1.0,-1.0,-1.0
2021/03/01,569.6666666666666,571.6666666666666,557.0,567.6666666666666,194700,-1.0,-1.0,-1.0
2021/03/02,567.6666666666666,573.6666666666666,558.6666666666666,564.0,357900,-1.0,-1.0,-1.0
2021/03/03,561.0,565.6666666666666,547.0,553.6666666666666,310800,-1.0,-1.0,-1.0
2021/03/04,543.3333333333333,564.0,543.0,560.0,176400,-1.0,-1.0,-1.0
2021/03/05,559.6666666666666,559.6666666666666,537.3333333333333,552.3333333333333,318600,-1.0,-1.0,-1.0
2021/03/08,555.0,572.3333333333333,555.0,562.3333333333333,224100,-1.0,-1.0,-1.0
2021/03/09,561.6666666666666,570.3333333333333,552.3333333333333,570.3333333333333,368100,-1.0,-1.0,-1.0
2021/03/10,582.3333333333333,596.6666666666666,573.3333333333333,582.0,768900,-1.0,-1.0,-1.0
2021/03/11,555.3333333333333,555.3333333333333,522.0,541.3333333333333,2099700,-1.0,-1.0,-1.0
2021/03/12,548.6666666666666,561.6666666666666,540.6666666666666,553.6666666666666,841800,-1.0,-1.0,-1.0
2021/03/15,553.3333333333333,562.3333333333333,540.6666666666666,554.3333333333333,683400,-1.0,-1.0,-1.0
2021/03/16,560.0,575.3333333333333,549.3333333333333,553.0,544500,-1.0,-1.0,-1.0
2021/03/17,557.6666666666666,583.3333333333333,554.3333333333333,581.6666666666666,764400,-1.0,-1.0,-1.0
2021/03/18,576.6666666666666,580.6666666666666,563.0,573.0,357000,-1.0,-1.0,-1.0
2021/03/19,568.0,569.6666666666666,557.3333333333333,567.6666666666666,283200,-1.0,-1.0,-1.0
2021/03/22,566.6666666666666,566.6666666666666,550.6666666666666,556.6666666666666,300900,-1.0,-1.0,-1.0
2021/03/23,561.6666666666666,565.6666666666666,557.3333333333333,557.3333333333333,207600,-1.0,-1.0,-1.0
2021/03/24,557.3333333333333,557.3333333333333,538.0,542.0,336600,-1.0,-1.0,-1.0
2021/03/25,541.6666666666666,545.6666666666666,532.0,544.6666666666666,272100,-1.0,-1.0,-1.0
2021/03/26,544.6666666666666,547.3333333333333,535.0,537.6666666666666,344400,-1.0,-1.0,-1.0
2021/03/29,540.3333333333333,545.0,532.3333333333333,538.0,308400,-1.0,-1.0,-1.0
2021/03/30,543.0,547.0,538.3333333333333,539.6666666666666,222900,-1.0,-1.0,-1.0
2021/03/31,535.0,549.6666666666666,535.0,548.3333333333333,166800,-1.0,-1.0,-1.0
2021/04/01,550.0,558.0,550.0,551.0,161100,-1.0,-1.0,-1.0
2021/04/02,555.6666666666666,564.6666666666666,551.0,564.6666666666666,202200,-1.0,-1.0,-1.0
2021/04/05,564.6666666666666,565.6666666666666,552.6666666666666,554.6666666666666,204000,-1.0,-1.0,-1.0
2021/04/06,559.3333333333333,560.3333333333333,542.0,543.3333333333333,151500,-1.0,-1.0,-1.0
2021/04/07,543.0,549.3333333333333,536.6666666666666,539.3333333333333,181500,-1.0,-1.0,-1.0
2021/04/08,536.0,537.6666666666666,526.0,535.0,301200,-1.0,-1.0,-1.0
2021/04/09,533.3333333333333,546.3333333333333,533.3333333333333,545.0,220800,-1.0,-1.0,-1.0
2021/04/12,547.6666666666666,550.6666666666666,533.3333333333333,534.0,185400,-1.0,-1.0,-1.0
2021/04/13,535.3333333333333,545.6666666666666,535.3333333333333,539.6666666666666,144300,-1.0,-1.0,-1.0
2021/04/14,546.3333333333333,552.6666666666666,537.3333333333333,537.6666666666666,242400,-1.0,-1.0,-1.0
2021/04/15,542.3333333333333,542.3333333333333,531.3333333333333,534.0,224400,-1.0,-1.0,-1.0
2021/04/16,532.6666666666666,536.6666666666666,528.3333333333333,536.0,168300,-1.0,-1.0,-1.0
2021/04/19,532.3333333333333,539.0,528.0,528.3333333333333,174300,-1.0,-1.0,-1.0
2021/04/20,526.0,527.0,517.6666666666666,523.3333333333333,164100,-1.0,-1.0,-1.0
2021/04/21,521.6666666666666,521.6666666666666,499.66666666666663,500.66666666666663,303600,-1.0,-1.0,-1.0
2021/04/22,509.66666666666663,510.66666666666663,501.0,504.0,132600,-1.0,-1.0,-1.0
2021/04/23,502.66666666666663,513.0,499.3333333333333,500.66666666666663,186900,-1.0,-1.0,-1.0
2021/04/26,499.66666666666663,508.0,499.66666666666663,504.3333333333333,169800,-1.0,-1.0,-1.0
2021/04/27,503.0,506.66666666666663,498.3333333333333,501.3333333333333,143100,-1.0,-1.0,-1.0
2021/04/28,500.0,500.0,486.0,492.0,235800,-1.0,-1.0,-1.0
2021/04/30,492.0,497.0,483.3333333333333,486.66666666666663,347100,-1.0,-1.0,-1.0
2021/05/06,486.66666666666663,494.0,483.3333333333333,486.0,169500,-1.0,-1.0,-1.0
2021/05/07,487.3333333333333,494.0,486.0,489.66666666666663,155700,-1.0,-1.0,-1.0
2021/05/10,486.66666666666663,495.0,486.66666666666663,488.0,116400,-1.0,-1.0,-1.0
2021/05/11,489.66666666666663,489.66666666666663,463.66666666666663,465.66666666666663,342300,-1.0,-1.0,-1.0
2021/05/12,465.66666666666663,473.66666666666663,447.0,451.3333333333333,460200,-1.0,-1.0,-1.0
2021/05/13,444.0,444.66666666666663,425.66666666666663,429.0,539700,-1.0,-1.0,-1.0
2021/05/14,439.0,444.66666666666663,436.66666666666663,439.0,290700,-1.0,-1.0,-1.0
2021/05/17,429.0,435.3333333333333,417.3333333333333,422.3333333333333,384900,-1.0,-1.0,-1.0
2021/05/18,418.66666666666663,433.3333333333333,418.66666666666663,431.66666666666663,335400,-1.0,-1.0,-1.0
2021/05/19,426.0,441.66666666666663,425.0,437.0,248100,-1.0,-1.0,-1.0
2021/05/20,434.66666666666663,444.66666666666663,434.66666666666663,439.3333333333333,156600,-1.0,-1.0,-1.0
2021/05/21,446.0,455.66666666666663,444.66666666666663,450.3333333333333,313200,-1.0,-1.0,-1.0
2021/05/24,450.3333333333333,451.66666666666663,439.3333333333333,446.0,219300,-1.0,-1.0,-1.0
2021/05/25,450.0,455.66666666666663,439.3333333333333,441.3333333333333,219600,-1.0,-1.0,-1.0
2021/05/26,441.3333333333333,445.66666666666663,438.0,440.66666666666663,157500,-1.0,-1.0,-1.0
2021/05/27,440.66666666666663,443.66666666666663,433.3333333333333,435.66666666666663,224400,-1.0,-1.0,-1.0
2021/05/28,439.3333333333333,440.66666666666663,432.0,437.0,286800,-1.0,-1.0,-1.0
2021/05/31,439.66666666666663,448.0,436.66666666666663,439.66666666666663,261300,-1.0,-1.0,-1.0
2021/06/01,440.3333333333333,442.0,428.0,428.0,263400,-1.0,-1.0,-1.0
2021/06/02,427.66666666666663,428.0,417.3333333333333,425.0,372000,-1.0,-1.0,-1.0
2021/06/03,428.3333333333333,430.0,423.66666666666663,425.3333333333333,324900,-1.0,-1.0,-1.0
2021/06/04,423.3333333333333,423.3333333333333,413.66666666666663,419.0,337800,-1.0,-1.0,-1.0
2021/06/07,423.66666666666663,431.3333333333333,421.0,428.3333333333333,397500,-1.0,-1.0,-1.0
2021/06/08,435.0,439.0,430.3333333333333,434.66666666666663,219600,-1.0,-1.0,-1.0
2021/06/09,437.3333333333333,439.0,433.66666666666663,436.0,363600,-1.0,-1.0,-1.0
2021/06/10,470.66666666666663,486.0,460.3333333333333,469.3333333333333,1782300,-1.0,-1.0,-1.0
2021/06/11,476.3333333333333,477.3333333333333,457.66666666666663,458.0,599100,-1.0,-1.0,-1.0
2021/06/14,464.0,464.0,446.3333333333333,460.66666666666663,324900,-1.0,-1.0,-1.0
2021/06/15,463.3333333333333,470.0,458.0,466.3333333333333,257100,-1.0,-1.0,-1.0
2021/06/16,467.3333333333333,467.3333333333333,460.66666666666663,465.0,165000,-1.0,-1.0,-1.0
2021/06/17,460.0,460.3333333333333,453.66666666666663,455.0,254100,-1.0,-1.0,-1.0
2021/06/18,456.66666666666663,459.0,452.3333333333333,456.0,169500,-1.0,-1.0,-1.0
2021/06/21,449.0,450.3333333333333,442.3333333333333,442.66666666666663,243000,-1.0,-1.0,-1.0
2021/06/22,454.3333333333333,466.3333333333333,451.0,462.3333333333333,381600,-1.0,-1.0,-1.0
2021/06/23,463.66666666666663,466.66666666666663,458.66666666666663,459.66666666666663,168900,-1.0,-1.0,-1.0
2021/06/24,455.3333333333333,459.0,449.0,450.3333333333333,201600,-1.0,-1.0,-1.0
2021/06/25,454.66666666666663,455.0,448.66666666666663,448.66666666666663,175800,-1.0,-1.0,-1.0
2021/06/28,450.0,450.0,438.0,439.66666666666663,171900,-1.0,-1.0,-1.0
2021/06/29,444.66666666666663,449.66666666666663,444.0,446.3333333333333,117300,-1.0,-1.0,-1.0
2021/06/30,447.66666666666663,449.66666666666663,440.3333333333333,440.3333333333333,122400,-1.0,-1.0,-1.0
2021/07/01,438.3333333333333,438.3333333333333,422.0,423.0,401700,-1.0,-1.0,-1.0
2021/07/02,426.66666666666663,426.66666666666663,420.0,423.3333333333333,159600,-1.0,-1.0,-1.0
2021/07/05,425.66666666666663,425.66666666666663,412.3333333333333,412.66666666666663,272700,-1.0,-1.0,-1.0
2021/07/06,412.3333333333333,414.3333333333333,404.66666666666663,406.0,297000,-1.0,-1.0,-1.0
2021/07/07,404.66666666666663,414.66666666666663,404.66666666666663,407.0,204600,-1.0,-1.0,-1.0
2021/07/08,405.66666666666663,411.0,395.0,395.0,433800,-1.0,-1.0,-1.0
2021/07/09,385.0,394.0,382.3333333333333,393.66666666666663,607500,-1.0,-1.0,-1.0
2021/07/12,395.0,403.0,392.3333333333333,401.66666666666663,329100,-1.0,-1.0,-1.0
2021/07/13,407.66666666666663,408.0,399.3333333333333,403.66666666666663,321300,-1.0,-1.0,-1.0
2021/07/14,407.3333333333333,415.3333333333333,403.3333333333333,403.3333333333333,312600,-1.0,-1.0,-1.0
2021/07/15,403.3333333333333,406.3333333333333,389.66666666666663,389.66666666666663,255000,-1.0,-1.0,-1.0
2021/07/16,389.0,394.66666666666663,384.3333333333333,387.0,195900,-1.0,-1.0,-1.0
2021/07/19,385.0,385.66666666666663,377.0,385.3333333333333,246000,-1.0,-1.0,-1.0
2021/07/20,382.3333333333333,395.0,381.66666666666663,387.0,296100,-1.0,-1.0,-1.0
2021/07/21,389.66666666666663,396.66666666666663,389.3333333333333,392.3333333333333,205500,-1.0,-1.0,-1.0
2021/07/26,396.66666666666663,400.3333333333333,391.66666666666663,395.0,199800,-1.0,-1.0,-1.0
2021/07/27,394.0,396.66666666666663,390.0,394.3333333333333,150000,-1.0,-1.0,-1.0
2021/07/28,394.3333333333333,396.66666666666663,386.0,388.3333333333333,176400,-1.0,-1.0,-1.0
2021/07/29,391.0,396.66666666666663,390.66666666666663,395.3333333333333,180900,-1.0,-1.0,-1.0
2021/07/30,391.0,393.0,380.3333333333333,380.66666666666663,170700,-1.0,-1.0,-1.0
2021/08/02,387.0,389.66666666666663,383.0,386.66666666666663,140700,-1.0,-1.0,-1.0
2021/08/03,388.3333333333333,391.0,379.3333333333333,379.3333333333333,122400,-1.0,-1.0,-1.0
2021/08/04,379.3333333333333,380.0,364.66666666666663,365.66666666666663,213600,-1.0,-1.0,-1.0
2021/08/05,365.66666666666663,373.0,361.66666666666663,364.0,222300,-1.0,-1.0,-1.0
2021/08/06,360.3333333333333,371.66666666666663,360.3333333333333,364.3333333333333,200700,-1.0,-1.0,-1.0
2021/08/10,364.3333333333333,374.3333333333333,364.3333333333333,373.66666666666663,166200,-1.0,-1.0,-1.0
2021/08/11,376.3333333333333,379.66666666666663,371.66666666666663,378.3333333333333,192600,-1.0,-1.0,-1.0
2021/08/12,378.3333333333333,382.0,375.66666666666663,375.66666666666663,165000,-1.0,-1.0,-1.0
2021/08/13,375.3333333333333,375.66666666666663,363.3333333333333,364.66666666666663,451200,-1.0,-1.0,-1.0
2021/08/16,362.0,365.0,342.3333333333333,349.3333333333333,568500,-1.0,-1.0,-1.0
2021/08/17,355.0,355.0,338.0,339.3333333333333,456300,-1.0,-1.0,-1.0
2021/08/18,341.0,364.66666666666663,340.3333333333333,364.66666666666663,361200,-1.0,-1.0,-1.0
2021/08/19,359.0,384.3333333333333,359.0,375.0,390300,-1.0,-1.0,-1.0
2021/08/20,375.0,392.66666666666663,375.0,384.66666666666663,499200,-1.0,-1.0,-1.0
2021/08/23,392.0,398.0,385.66666666666663,393.0,290700,-1.0,-1.0,-1.0
2021/08/24,401.0,409.3333333333333,398.3333333333333,405.66666666666663,315300,-1.0,-1.0,-1.0
2021/08/25,406.66666666666663,423.3333333333333,401.0,417.3333333333333,401400,-1.0,-1.0,-1.0
2021/08/26,421.3333333333333,429.66666666666663,421.3333333333333,426.66666666666663,270600,-1.0,-1.0,-1.0
2021/08/27,428.0,428.0,410.0,418.66666666666663,209700,-1.0,-1.0,-1.0
2021/08/30,423.0,425.66666666666663,411.66666666666663,425.66666666666663,183600,-1.0,-1.0,-1.0
2021/08/31,428.3333333333333,434.66666666666663,425.0,429.3333333333333,197400,-1.0,-1.0,-1.0
2021/09/01,430.66666666666663,440.0,425.0,438.66666666666663,230100,-1.0,-1.0,-1.0
2021/09/02,441.66666666666663,441.66666666666663,427.0,427.3333333333333,185400,-1.0,-1.0,-1.0
2021/09/03,423.0,431.66666666666663,420.0,423.0,148500,-1.0,-1.0,-1.0
2021/09/06,424.3333333333333,427.66666666666663,417.3333333333333,427.66666666666663,149400,-1.0,-1.0,-1.0
2021/09/07,428.66666666666663,431.0,419.66666666666663,424.66666666666663,176100,-1.0,-1.0,-1.0
2021/09/08,423.3333333333333,428.0,420.3333333333333,422.0,177000,-1.0,-1.0,-1.0
2021/09/09,419.0,419.66666666666663,412.66666666666663,417.3333333333333,205500,-1.0,-1.0,-1.0
2021/09/10,423.3333333333333,448.66666666666663,423.3333333333333,448.0,899100,-1.0,-1.0,-1.0
2021/09/13,418.66666666666663,419.3333333333333,400.66666666666663,412.0,999000,-1.0,-1.0,-1.0
2021/09/14,412.3333333333333,423.66666666666663,402.0,407.3333333333333,604800,-1.0,-1.0,-1.0
2021/09/15,401.0,409.66666666666663,395.66666666666663,407.3333333333333,320100,-1.0,-1.0,-1.0
2021/09/16,411.66666666666663,416.0,401.0,412.3333333333333,449100,-1.0,-1.0,-1.0
2021/09/17,413.3333333333333,436.3333333333333,413.3333333333333,434.66666666666663,455400,-1.0,-1.0,-1.0
2021/09/21,418.0,423.0,412.0,416.66666666666663,453900,-1.0,-1.0,-1.0
2021/09/22,416.66666666666663,416.66666666666663,403.0,405.3333333333333,325800,-1.0,-1.0,-1.0
2021/09/24,410.0,419.3333333333333,410.0,418.66666666666663,232200,-1.0,-1.0,-1.0
2021/09/27,420.66666666666663,422.3333333333333,410.0,411.66666666666663,239700,-1.0,-1.0,-1.0
2021/09/28,411.66666666666663,412.66666666666663,390.0,394.0,376200,-1.0,-1.0,-1.0
2021/09/29,387.3333333333333,403.3333333333333,383.3333333333333,400.3333333333333,288000,-1.0,-1.0,-1.0
2021/09/30,409.66666666666663,409.66666666666663,396.3333333333333,401.66666666666663,149400,-1.0,-1.0,-1.0
2021/10/01,400.0,403.0,391.66666666666663,397.0,211500,-1.0,-1.0,-1.0
2021/10/04,404.0,406.3333333333333,395.0,398.66666666666663,228000,-1.0,-1.0,-1.0
2021/10/05,388.66666666666663,395.66666666666663,375.66666666666663,386.0,276300,-1.0,-1.0,-1.0
2021/10/06,391.3333333333333,398.3333333333333,386.66666666666663,388.0,232800,-1.0,-1.0,-1.0
2021/10/07,397.66666666666663,406.66666666666663,395.66666666666663,398.0,183900,-1.0,-1.0,-1.0
2021/10/08,403.3333333333333,418.66666666666663,403.3333333333333,418.66666666666663,286800,-1.0,-1.0,-1.0
2021/10/11,423.0,424.3333333333333,415.3333333333333,421.66666666666663,144900,-1.0,-1.0,-1.0
2021/10/12,421.66666666666663,436.3333333333333,421.66666666666663,421.66666666666663,350700,-1.0,-1.0,-1.0
2021/10/13,421.66666666666663,426.66666666666663,417.3333333333333,422.0,146700,-1.0,-1.0,-1.0
2021/10/14,432.0,452.0,431.0,439.66666666666663,580200,-1.0,-1.0,-1.0
2021/10/15,447.0,447.0,434.0,440.0,202500,-1.0,-1.0,-1.0
2021/10/18,431.66666666666663,432.0,412.3333333333333,413.0,458100,-1.0,-1.0,-1.0
2021/10/19,410.3333333333333,428.3333333333333,410.3333333333333,428.0,281400,-1.0,-1.0,-1.0
2021/10/20,436.66666666666663,459.66666666666663,436.0,449.66666666666663,715800,-1.0,-1.0,-1.0
2021/10/21,440.66666666666663,444.0,430.0,431.66666666666663,334200,-1.0,-1.0,-1.0
2021/10/22,429.3333333333333,437.0,424.0,425.0,167400,-1.0,-1.0,-1.0
2021/10/25,420.0,431.0,417.0,429.66666666666663,179100,-1.0,-1.0,-1.0
2021/10/26,432.0,444.3333333333333,428.3333333333333,444.3333333333333,204900,-1.0,-1.0,-1.0
2021/10/27,446.0,446.3333333333333,431.0,443.3333333333333,164100,-1.0,-1.0,-1.0
2021/10/28,433.66666666666663,448.3333333333333,433.3333333333333,444.0,688200,-1.0,-1.0,-1.0
2021/10/29,443.66666666666663,443.66666666666663,429.66666666666663,436.66666666666663,203100,-1.0,-1.0,-1.0
2021/11/01,441.0,443.0,432.0,440.66666666666663,178200,-1.0,-1.0,-1.0
2021/11/02,440.0,443.0,432.3333333333333,442.0,167100,-1.0,-1.0,-1.0
2021/11/04,443.0,443.0,434.66666666666663,442.66666666666663,131700,-1.0,-1.0,-1.0
2021/11/05,443.0,444.3333333333333,432.66666666666663,444.0,128100,-1.0,-1.0,-1.0
2021/11/08,448.3333333333333,448.3333333333333,434.3333333333333,443.0,137400,-1.0,-1.0,-1.0
2021/11/09,443.0,453.3333333333333,442.3333333333333,450.3333333333333,167700,-1.0,-1.0,-1.0
2021/11/10,447.3333333333333,449.66666666666663,441.0,449.3333333333333,142500,-1.0,-1.0,-1.0
2021/11/11,445.0,452.66666666666663,440.0,450.3333333333333,129000,-1.0,-1.0,-1.0
2021/11/12,452.66666666666663,459.3333333333333,450.3333333333333,457.66666666666663,269700,-1.0,-1.0,-1.0
2021/11/15,460.0,469.66666666666663,457.3333333333333,459.0,263400,-1.0,-1.0,-1.0
2021/11/16,457.0,457.0,445.3333333333333,447.0,221700,-1.0,-1.0,-1.0
2021/11/17,442.3333333333333,447.66666666666663,423.3333333333333,423.3333333333333,276600,-1.0,-1.0,-1.0
2021/11/18,423.3333333333333,425.66666666666663,397.66666666666663,406.66666666666663,578100,-1.0,-1.0,-1.0
2021/11/19,406.66666666666663,414.66666666666663,401.0,412.0,290100,-1.0,-1.0,-1.0
2021/11/22,420.0,429.0,416.66666666666663,426.66666666666663,152700,-1.0,-1.0,-1.0
2021/11/24,420.0,425.3333333333333,411.3333333333333,413.0,138600,-1.0,-1.0,-1.0
2021/11/25,414.66666666666663,422.0,404.0,404.0,156300,-1.0,-1.0,-1.0
2021/11/26,400.66666666666663,406.66666666666663,394.66666666666663,404.66666666666663,204600,-1.0,-1.0,-1.0
2021/11/29,394.66666666666663,407.3333333333333,389.0,395.0,201300,-1.0,-1.0,-1.0
2021/11/30,401.66666666666663,411.0,387.66666666666663,389.0,192300,-1.0,-1.0,-1.0
2021/12/01,391.66666666666663,394.3333333333333,381.0,391.66666666666663,199200,-1.0,-1.0,-1.0
2021/12/02,381.66666666666663,390.66666666666663,371.0,373.3333333333333,247500,-1.0,-1.0,-1.0
2021/12/03,376.0,385.3333333333333,367.3333333333333,385.3333333333333,147900,-1.0,-1.0,-1.0
2021/12/06,385.3333333333333,386.3333333333333,376.0,377.3333333333333,143100,-1.0,-1.0,-1.0
2021/12/07,378.3333333333333,392.66666666666663,378.3333333333333,391.66666666666663,149400,-1.0,-1.0,-1.0
2021/12/08,400.0,403.66666666666663,395.66666666666663,398.0,174300,-1.0,-1.0,-1.0
2021/12/09,400.0,401.66666666666663,395.66666666666663,401.66666666666663,152400,-1.0,-1.0,-1.0
2021/12/10,398.3333333333333,398.3333333333333,386.66666666666663,392.0,242100,-1.0,-1.0,-1.0
2021/12/13,373.3333333333333,375.3333333333333,347.66666666666663,351.66666666666663,710100,-1.0,-1.0,-1.0
2021/12/14,348.0,348.0,332.0,338.3333333333333,540900,-1.0,-1.0,-1.0
2021/12/15,334.0,344.66666666666663,332.0,336.3333333333333,255000,-1.0,-1.0,-1.0
2021/12/16,336.66666666666663,340.66666666666663,329.3333333333333,330.66666666666663,244500,-1.0,-1.0,-1.0
2021/12/17,326.66666666666663,328.0,317.3333333333333,321.0,292500,-1.0,-1.0,-1.0
2021/12/20,320.0,325.0,311.0,316.3333333333333,316800,-1.0,-1.0,-1.0
2021/12/21,316.66666666666663,320.66666666666663,312.0,315.0,285300,-1.0,-1.0,-1.0
2021/12/22,315.0,320.3333333333333,312.66666666666663,315.0,292800,-1.0,-1.0,-1.0
2021/12/23,316.66666666666663,319.3333333333333,311.0,312.0,259800,-1.0,-1.0,-1.0
2021/12/24,314.66666666666663,314.66666666666663,307.66666666666663,310.0,257400,-1.0,-1.0,-1.0
2021/12/27,309.3333333333333,309.66666666666663,300.0,305.66666666666663,388200,-1.0,-1.0,-1.0
2021/12/28,305.66666666666663,316.66666666666663,305.0,314.66666666666663,404100,-1.0,-1.0,-1.0
2021/12/29,315.0,321.0,313.3333333333333,321.0,166800,-1.0,-1.0,-1.0
2021/12/30,319.66666666666663,320.0,313.3333333333333,320.0,109500,-1.0,-1.0,-1.0
2022/01/04,323.3333333333333,329.0,314.0,314.3333333333333,139800,-1.0,-1.0,-1.0
2022/01/05,314.3333333333333,314.3333333333333,301.0,303.0,239400,-1.0,-1.0,-1.0
2022/01/06,299.3333333333333,301.0,293.0,295.3333333333333,291900,-1.0,-1.0,-1.0
2022/01/07,295.3333333333333,299.0,286.0,290.3333333333333,288300,-1.0,-1.0,-1.0
2022/01/11,286.0,290.66666666666663,285.0,289.0,165000,-1.0,-1.0,-1.0
2022/01/12,290.0,292.66666666666663,286.0,287.66666666666663,242400,-1.0,-1.0,-1.0
2022/01/13,288.3333333333333,288.3333333333333,277.66666666666663,279.3333333333333,365400,-1.0,-1.0,-1.0
2022/01/14,272.66666666666663,274.66666666666663,269.3333333333333,273.3333333333333,269100,-1.0,-1.0,-1.0
2022/01/17,273.3333333333333,273.3333333333333,265.66666666666663,266.66666666666663,207300,-1.0,-1.0,-1.0
2022/01/18,266.66666666666663,270.66666666666663,261.3333333333333,265.3333333333333,320100,-1.0,-1.0,-1.0
2022/01/19,257.66666666666663,260.0,250.0,252.0,393300,-1.0,-1.0,-1.0
2022/01/20,247.0,266.3333333333333,244.0,256.66666666666663,1076700,-1.0,-1.0,-1.0
2022/01/21,253.33333333333331,256.3333333333333,251.0,254.66666666666666,453000,-1.0,-1.0,-1.0
2022/01/24,252.0,256.0,246.0,255.33333333333331,387000,-1.0,-1.0,-1.0
2022/01/25,255.33333333333331,257.66666666666663,241.33333333333331,243.33333333333331,551400,-1.0,-1.0,-1.0
2022/01/26,243.33333333333331,250.0,241.0,247.0,335700,-1.0,-1.0,-1.0
2022/01/27,247.0,247.0,228.33333333333331,231.33333333333331,661800,-1.0,-1.0,-1.0
2022/01/28,232.33333333333331,233.0,224.66666666666666,227.66666666666666,375900,-1.0,-1.0,-1.0
2022/01/31,225.0,234.66666666666666,225.0,234.0,330900,-1.0,-1.0,-1.0
2022/02/01,238.66666666666666,243.33333333333331,233.33333333333331,235.33333333333331,247200,-1.0,-1.0,-1.0
2022/02/02,238.0,246.0,236.0,246.0,265200,-1.0,-1.0,-1.0
2022/02/03,244.0,244.0,235.0,239.33333333333331,285000,-1.0,-1.0,-1.0
2022/02/04,236.66666666666666,241.66666666666666,234.66666666666666,240.33333333333331,162300,-1.0,-1.0,-1.0
2022/02/07,240.33333333333331,243.33333333333331,236.33333333333331,236.33333333333331,141300,-1.0,-1.0,-1.0
2022/02/08,236.66666666666666,241.33333333333331,234.66666666666666,235.33333333333331,154200,-1.0,-1.0,-1.0
2022/02/09,236.66666666666666,242.33333333333331,235.0,242.0,181500,-1.0,-1.0,-1.0
2022/02/10,243.0,247.66666666666666,242.33333333333331,247.0,200400,-1.0,-1.0,-1.0
2022/02/14,240.33333333333331,240.33333333333331,235.0,237.0,238200,-1.0,-1.0,-1.0
2022/02/15,238.66666666666666,238.66666666666666,231.33333333333331,234.0,284400,-1.0,-1.0,-1.0
2022/02/16,238.33333333333331,238.33333333333331,231.0,232.66666666666666,186000,-1.0,-1.0,-1.0
2022/02/17,233.33333333333331,233.33333333333331,227.33333333333331,230.0,275100,-1.0,-1.0,-1.0
2022/02/18,226.66666666666666,234.33333333333331,224.33333333333331,232.33333333333331,205800,-1.0,-1.0,-1.0
2022/02/21,232.33333333333331,233.66666666666666,227.33333333333331,233.0,148800,-1.0,-1.0,-1.0
2022/02/22,229.0,233.0,226.33333333333331,229.66666666666666,204900,-1.0,-1.0,-1.0
2022/02/24,227.0,228.66666666666666,221.0,224.0,290400,-1.0,-1.0,-1.0
2022/02/25,225.66666666666666,237.33333333333331,224.33333333333331,237.0,302700,-1.0,-1.0,-1.0
2022/02/28,237.0,242.66666666666666,234.66666666666666,242.0,185400,-1.0,-1.0,-1.0
2022/03/01,246.0,257.3333333333333,244.0,256.3333333333333,511500,-1.0,-1.0,-1.0
2022/03/02,255.66666666666666,255.66666666666666,247.0,250.66666666666666,240900,-1.0,-1.0,-1.0
2022/03/03,254.33333333333331,256.0,246.66666666666666,246.66666666666666,219900,-1.0,-1.0,-1.0
2022/03/04,245.0,245.0,235.66666666666666,241.66666666666666,221700,-1.0,-1.0,-1.0
2022/03/07,240.33333333333331,242.33333333333331,233.0,238.33333333333331,250200,-1.0,-1.0,-1.0
2022/03/08,233.33333333333331,243.33333333333331,232.33333333333331,235.33333333333331,299400,-1.0,-1.0,-1.0
2022/03/09,235.33333333333331,241.0,235.33333333333331,236.0,324600,-1.0,-1.0,-1.0
2022/03/10,241.0,247.66666666666666,240.33333333333331,247.0,315300,-1.0,-1.0,-1.0
2022/03/11,253.66666666666666,254.66666666666666,244.33333333333331,247.66666666666666,721200,-1.0,-1.0,-1.0
2022/03/14,249.0,262.66666666666663,249.0,250.0,661500,-1.0,-1.0,-1.0
2022/03/15,246.66666666666666,246.66666666666666,231.66666666666666,239.0,653700,-1.0,-1.0,-1.0
2022/03/16,242.0,243.0,234.66666666666666,242.0,468900,-1.0,-1.0,-1.0
2022/03/17,245.0,252.66666666666666,245.0,249.66666666666666,453600,-1.0,-1.0,-1.0
2022/03/18,246.66666666666666,250.66666666666666,245.0,247.33333333333331,256200,-1.0,-1.0,-1.0
2022/03/22,247.66666666666666,248.66666666666666,242.33333333333331,245.0,295500,-1.0,-1.0,-1.0
2022/03/23,249.66666666666666,254.0,247.33333333333331,249.0,402600,-1.0,-1.0,-1.0
2022/03/24,248.66666666666666,255.33333333333331,246.33333333333331,253.66666666666666,349800,-1.0,-1.0,-1.0
2022/03/25,255.0,256.3333333333333,251.0,255.33333333333331,324600,-1.0,-1.0,-1.0
2022/03/28,258.66666666666663,258.66666666666663,242.33333333333331,243.0,444000,-1.0,-1.0,-1.0
2022/03/29,245.0,247.0,242.66666666666666,244.0,313800,-1.0,-1.0,-1.0
2022/03/30,247.0,263.3333333333333,246.0,261.0,1114500,-1.0,-1.0,-1.0
2022/03/31,258.66666666666663,278.66666666666663,255.0,277.0,742200,-1.0,-1.0,-1.0
2022/04/01,274.3333333333333,277.66666666666663,264.66666666666663,270.66666666666663,833400,-1.0,-1.0,-1.0
2022/04/04,272.66666666666663,281.66666666666663,268.66666666666663,279.0,331800,-1.0,-1.0,-1.0
2022/04/05,283.66666666666663,284.3333333333333,272.0,278.66666666666663,283500,-1.0,-1.0,-1.0
2022/04/06,275.0,275.66666666666663,267.3333333333333,269.66666666666663,389100,-1.0,-1.0,-1.0
2022/04/07,263.3333333333333,264.66666666666663,255.33333333333331,256.3333333333333,378900,-1.0,-1.0,-1.0
2022/04/08,256.66666666666663,262.0,256.66666666666663,261.0,256200,-1.0,-1.0,-1.0
2022/04/11,260.3333333333333,260.3333333333333,249.0,250.66666666666666,281400,-1.0,-1.0,-1.0
2022/04/12,245.66666666666666,250.33333333333331,242.0,242.66666666666666,238800,-1.0,-1.0,-1.0
2022/04/13,244.0,252.0,244.0,250.66666666666666,241800,-1.0,-1.0,-1.0
2022/04/14,252.0,252.0,245.33333333333331,250.0,166500,-1.0,-1.0,-1.0
2022/04/15,248.0,248.0,244.0,246.0,111000,-1.0,-1.0,-1.0
2022/04/18,248.0,248.0,238.66666666666666,242.33333333333331,166800,-1.0,-1.0,-1.0
2022/04/19,241.0,243.33333333333331,239.66666666666666,240.33333333333331,116400,-1.0,-1.0,-1.0
2022/04/20,241.66666666666666,244.66666666666666,238.0,238.66666666666666,183000,-1.0,-1.0,-1.0
2022/04/21,238.33333333333331,239.66666666666666,236.0,238.66666666666666,139200,-1.0,-1.0,-1.0
2022/04/22,236.66666666666666,239.0,233.33333333333331,234.66666666666666,177600,-1.0,-1.0,-1.0
2022/04/25,229.66666666666666,233.66666666666666,229.66666666666666,231.0,210600,-1.0,-1.0,-1.0
2022/04/26,231.33333333333331,237.66666666666666,231.0,237.33333333333331,120600,-1.0,-1.0,-1.0
2022/04/27,232.66666666666666,239.33333333333331,228.66666666666666,239.33333333333331,263700,-1.0,-1.0,-1.0
2022/04/28,239.33333333333331,241.33333333333331,234.33333333333331,239.66666666666666,136500,-1.0,-1.0,-1.0
2022/05/02,239.0,239.66666666666666,236.0,236.66666666666666,111900,-1.0,-1.0,-1.0
2022/05/06,234.66666666666666,238.0,231.66666666666666,236.66666666666666,152400,-1.0,-1.0,-1.0
2022/05/09,233.33333333333331,236.0,230.0,230.0,234600,-1.0,-1.0,-1.0
2022/05/10,227.66666666666666,232.33333333333331,225.0,231.0,180600,-1.0,-1.0,-1.0
2022/05/11,229.33333333333331,236.66666666666666,229.0,236.33333333333331,143100,-1.0,-1.0,-1.0
2022/05/12,233.0,233.0,226.0,226.0,215100,-1.0,-1.0,-1.0
2022/05/13,226.0,237.33333333333331,226.0,234.33333333333331,195000,-1.0,-1.0,-1.0
2022/05/16,237.33333333333331,240.33333333333331,233.33333333333331,239.33333333333331,213900,-1.0,-1.0,-1.0
2022/05/17,238.33333333333331,239.66666666666666,234.66666666666666,238.66666666666666,117000,-1.0,-1.0,-1.0
2022/05/18,237.33333333333331,244.0,236.66666666666666,241.66666666666666,197100,-1.0,-1.0,-1.0
2022/05/19,236.66666666666666,244.66666666666666,236.66666666666666,243.0,152100,-1.0,-1.0,-1.0
2022/05/20,243.0,247.66666666666666,241.0,247.33333333333331,174000,-1.0,-1.0,-1.0
2022/05/23,247.33333333333331,253.66666666666666,246.0,253.66666666666666,215100,-1.0,-1.0,-1.0
2022/05/24,250.66666666666666,254.66666666666666,248.0,249.66666666666666,209100,-1.0,-1.0,-1.0
2022/05/25,246.66666666666666,246.66666666666666,241.33333333333331,244.66666666666666,180000,-1.0,-1.0,-1.0
2022/05/26,243.66666666666666,252.33333333333331,243.66666666666666,249.33333333333331,198300,-1.0,-1.0,-1.0
2022/05/27,249.33333333333331,252.0,243.33333333333331,244.33333333333331,141300,-1.0,-1.0,-1.0
2022/05/30,245.0,254.33333333333331,245.0,254.33333333333331,222900,-1.0,-1.0,-1.0
2022/05/31,252.66666666666666,253.33333333333331,250.0,251.0,139800,-1.0,-1.0,-1.0
2022/06/01,251.0,257.3333333333333,251.0,255.66666666666666,150900,-1.0,-1.0,-1.0
2022/06/02,253.0,253.0,249.0,249.0,150300,-1.0,-1.0,-1.0
2022/06/03,249.0,252.33333333333331,247.33333333333331,251.33333333333331,165000,-1.0,-1.0,-1.0
2022/06/06,250.0,256.0,248.0,254.66666666666666,141600,-1.0,-1.0,-1.0
2022/06/07,254.66666666666666,254.66666666666666,248.0,248.0,145200,-1.0,-1.0,-1.0
2022/06/08,248.0,252.0,248.0,248.33333333333331,173400,-1.0,-1.0,-1.0
2022/06/09,248.0,252.33333333333331,246.0,251.0,169500,-1.0,-1.0,-1.0
2022/06/10,247.33333333333331,248.0,243.33333333333331,243.33333333333331,165300,-1.0,-1.0,-1.0
2022/06/13,238.66666666666666,239.66666666666666,236.33333333333331,237.33333333333331,191700,-1.0,-1.0,-1.0
2022/06/14,220.33333333333331,223.0,211.0,216.33333333333331,626400,-1.0,-1.0,-1.0
2022/06/15,218.33333333333331,223.33333333333331,213.33333333333331,213.33333333333331,220500,-1.0,-1.0,-1.0
2022/06/16,220.0,223.66666666666666,216.66666666666666,216.66666666666666,339900,-1.0,-1.0,-1.0
2022/06/17,213.33333333333331,216.33333333333331,209.33333333333331,211.0,298200,-1.0,-1.0,-1.0
2022/06/20,214.33333333333331,215.0,203.66666666666666,208.0,214800,-1.0,-1.0,-1.0
2022/06/21,208.66666666666666,210.66666666666666,206.66666666666666,207.66666666666666,280200,-1.0,-1.0,-1.0
2022/06/22,207.33333333333331,207.66666666666666,201.66666666666666,202.33333333333331,263100,-1.0,-1.0,-1.0
2022/06/23,202.66666666666666,207.66666666666666,202.33333333333331,204.66666666666666,194100,-1.0,-1.0,-1.0
2022/06/24,207.33333333333331,216.0,207.33333333333331,213.0,325500,-1.0,-1.0,-1.0
2022/06/27,215.0,220.66666666666666,214.66666666666666,220.0,229500,-1.0,-1.0,-1.0
2022/06/28,220.0,221.66666666666666,216.66666666666666,220.0,124800,-1.0,-1.0,-1.0
2022/06/29,220.0,220.0,211.66666666666666,215.66666666666666,213900,-1.0,-1.0,-1.0
2022/06/30,212.33333333333331,213.0,206.66666666666666,206.66666666666666,242100,-1.0,-1.0,-1.0
2022/07/01,207.0,207.66666666666666,200.33333333333331,201.66666666666666,308700,-1.0,-1.0,-1.0
2022/07/04,203.33333333333331,205.0,199.66666666666666,199.66666666666666,197400,-1.0,-1.0,-1.0
2022/07/05,200.66666666666666,205.66666666666666,200.66666666666666,205.33333333333331,125400,-1.0,-1.0,-1.0
2022/07/06,205.0,206.33333333333331,202.0,204.33333333333331,181200,-1.0,-1.0,-1.0
2022/07/07,204.66666666666666,206.0,201.33333333333331,203.0,142500,-1.0,-1.0,-1.0
2022/07/08,204.33333333333331,209.33333333333331,203.33333333333331,207.0,224400,-1.0,-1.0,-1.0
2022/07/11,210.66666666666666,212.33333333333331,208.0,209.66666666666666,105300,-1.0,-1.0,-1.0
2022/07/12,209.0,209.0,204.0,205.66666666666666,90900,-1.0,-1.0,-1.0
2022/07/13,204.33333333333331,205.0,202.33333333333331,204.0,87300,-1.0,-1.0,-1.0
2022/07/14,205.33333333333331,206.33333333333331,202.66666666666666,205.33333333333331,70500,-1.0,-1.0,-1.0
2022/07/15,205.33333333333331,208.33333333333331,203.66666666666666,203.66666666666666,69900,-1.0,-1.0,-1.0
2022/07/19,203.66666666666666,204.33333333333331,202.0,203.66666666666666,88800,-1.0,-1.0,-1.0
2022/07/20,203.66666666666666,209.0,203.66666666666666,206.33333333333331,110100,-1.0,-1.0,-1.0
2022/07/21,208.33333333333331,215.66666666666666,208.33333333333331,215.66666666666666,159900,-1.0,-1.0,-1.0
2022/07/22,216.66666666666666,221.0,214.33333333333331,220.0,158400,-1.0,-1.0,-1.0
2022/07/25,220.0,220.0,212.66666666666666,215.33333333333331,138300,-1.0,-1.0,-1.0
2022/07/26,215.0,215.0,211.66666666666666,211.66666666666666,104700,-1.0,-1.0,-1.0
2022/07/27,211.66666666666666,215.33333333333331,211.66666666666666,215.33333333333331,80700,-1.0,-1.0,-1.0
2022/07/28,217.33333333333331,219.0,211.0,213.33333333333331,126900,-1.0,-1.0,-1.0
2022/07/29,214.33333333333331,214.33333333333331,206.0,206.0,241500,-1.0,-1.0,-1.0
2022/08/01,206.66666666666666,208.0,204.0,206.66666666666666,119100,-1.0,-1.0,-1.0
2022/08/02,208.33333333333331,209.66666666666666,206.0,208.0,111000,-1.0,-1.0,-1.0
2022/08/03,207.33333333333331,211.33333333333331,207.33333333333331,210.0,99000,-1.0,-1.0,-1.0
2022/08/04,211.66666666666666,217.0,211.66666666666666,217.0,149400,-1.0,-1.0,-1.0
2022/08/05,214.66666666666666,219.33333333333331,214.66666666666666,219.33333333333331,94500,-1.0,-1.0,-1.0
2022/08/08,219.0,219.0,216.0,219.0,72600,-1.0,-1.0,-1.0
2022/08/09,216.66666666666666,221.66666666666666,216.66666666666666,218.33333333333331,125400,-1.0,-1.0,-1.0
2022/08/10,216.66666666666666,217.33333333333331,213.0,214.0,115500,-1.0,-1.0,-1.0
2022/08/12,216.33333333333331,218.33333333333331,215.33333333333331,218.0,72600,-1.0,-1.0,-1.0
2022/08/15,219.66666666666666,221.0,213.0,214.66666666666666,236100,-1.0,-1.0,-1.0
2022/08/16,216.0,225.66666666666666,216.0,225.0,217500,-1.0,-1.0,-1.0
2022/08/17,226.33333333333331,229.33333333333331,225.0,225.66666666666666,188100,-1.0,-1.0,-1.0
2022/08/18,223.66666666666666,224.33333333333331,220.0,220.0,89100,-1.0,-1.0,-1.0
2022/08/19,222.66666666666666,224.33333333333331,220.0,221.33333333333331,41100,-1.0,-1.0,-1.0
2022/08/22,220.0,220.0,215.33333333333331,216.66666666666666,86100,-1.0,-1.0,-1.0
2022/08/23,215.0,216.0,213.0,213.33333333333331,65100,-1.0,-1.0,-1.0
2022/08/24,213.66666666666666,218.0,213.66666666666666,215.33333333333331,56100,-1.0,-1.0,-1.0
2022/08/25,216.66666666666666,217.66666666666666,213.66666666666666,214.66666666666666,96900,-1.0,-1.0,-1.0
2022/08/26,215.66666666666666,218.33333333333331,215.66666666666666,216.66666666666666,52200,-1.0,-1.0,-1.0
2022/08/29,212.33333333333331,212.33333333333331,208.33333333333331,209.33333333333331,124200,-1.0,-1.0,-1.0
2022/08/30,209.0,212.66666666666666,209.0,211.66666666666666,43200,-1.0,-1.0,-1.0
2022/08/31,209.66666666666666,211.0,208.66666666666666,211.0,42000,-1.0,-1.0,-1.0
2022/09/01,208.66666666666666,209.33333333333331,207.0,207.33333333333331,116100,-1.0,-1.0,-1.0
2022/09/02,208.33333333333331,208.33333333333331,203.33333333333331,205.66666666666666,131100,-1.0,-1.0,-1.0
2022/09/05,205.0,209.66666666666666,204.66666666666666,209.66666666666666,82800,-1.0,-1.0,-1.0
2022/09/06,211.66666666666666,214.0,208.33333333333331,209.33333333333331,145800,-1.0,-1.0,-1.0
2022/09/07,209.0,210.66666666666666,206.66666666666666,208.33333333333331,95400,-1.0,-1.0,-1.0
2022/09/08,210.33333333333331,212.66666666666666,209.0,212.33333333333331,93300,-1.0,-1.0,-1.0
2022/09/09,211.0,214.0,210.66666666666666,211.0,87300,-1.0,-1.0,-1.0
2022/09/12,211.0,215.0,211.0,215.0,69600,-1.0,-1.0,-1.0
2022/09/13,216.0,219.33333333333331,215.33333333333331,216.33333333333331,209100,-1.0,-1.0,-1.0
2022/09/14,210.0,216.33333333333331,210.0,213.0,129600,-1.0,-1.0,-1.0
2022/09/15,203.33333333333331,206.0,200.66666666666666,204.33333333333331,335400,-1.0,-1.0,-1.0
2022/09/16,204.33333333333331,204.33333333333331,198.66666666666666,200.33333333333331,192900,-1.0,-1.0,-1.0
2022/09/20,201.33333333333331,202.0,195.33333333333331,195.66666666666666,218700,-1.0,-1.0,-1.0
2022/09/21,192.66666666666666,195.33333333333331,192.0,193.66666666666666,213000,-1.0,-1.0,-1.0
2022/09/22,193.66666666666666,197.66666666666666,190.66666666666666,197.66666666666666,158400,-1.0,-1.0,-1.0
2022/09/26,195.0,195.33333333333331,190.66666666666666,190.66666666666666,218400,-1.0,-1.0,-1.0
2022/09/27,191.66666666666666,192.33333333333331,186.33333333333331,187.0,304200,-1.0,-1.0,-1.0
2022/09/28,184.66666666666666,186.66666666666666,178.33333333333331,182.0,279000,-1.0,-1.0,-1.0
2022/09/29,182.66666666666666,183.66666666666666,180.33333333333331,180.66666666666666,175200,-1.0,-1.0,-1.0
2022/09/30,178.0,183.0,174.66666666666666,177.0,193800,-1.0,-1.0,-1.0
2022/10/03,174.33333333333331,175.66666666666666,171.66666666666666,172.66666666666666,255900,-1.0,-1.0,-1.0
2022/10/04,175.66666666666666,179.66666666666666,173.0,176.33333333333331,443400,-1.0,-1.0,-1.0
2022/10/05,178.33333333333331,184.66666666666666,176.66666666666666,179.66666666666666,323400,-1.0,-1.0,-1.0
2022/10/06,179.66666666666666,189.0,177.66666666666666,182.0,298500,-1.0,-1.0,-1.0
2022/10/07,178.66666666666666,182.0,177.66666666666666,178.33333333333331,207000,-1.0,-1.0,-1.0
2022/10/11,176.0,176.0,170.0,170.0,252000,-1.0,-1.0,-1.0
2022/10/12,169.66666666666666,171.66666666666666,167.66666666666666,168.0,149700,-1.0,-1.0,-1.0
2022/10/13,168.0,168.33333333333331,162.0,165.33333333333331,243300,-1.0,-1.0,-1.0
2022/10/14,168.0,172.33333333333331,168.0,171.0,141300,-1.0,-1.0,-1.0
2022/10/17,171.0,172.66666666666666,168.33333333333331,170.33333333333331,67500,-1.0,-1.0,-1.0
2022/10/18,173.0,176.0,172.66666666666666,174.66666666666666,141900,-1.0,-1.0,-1.0
2022/10/19,172.66666666666666,174.66666666666666,171.66666666666666,174.66666666666666,94200,-1.0,-1.0,-1.0
2022/10/20,172.0,173.0,171.0,172.33333333333331,55200,-1.0,-1.0,-1.0
2022/10/21,171.0,172.66666666666666,170.33333333333331,171.33333333333331,71700,-1.0,-1.0,-1.0
2022/10/24,173.33333333333331,173.33333333333331,170.66666666666666,172.0,75300,-1.0,-1.0,-1.0
2022/10/25,172.0,172.66666666666666,169.33333333333331,169.33333333333331,106200,-1.0,-1.0,-1.0
2022/10/26,169.33333333333331,174.33333333333331,169.33333333333331,172.66666666666666,129000,-1.0,-1.0,-1.0
2022/10/27,171.66666666666666,173.33333333333331,170.66666666666666,172.33333333333331,75300,-1.0,-1.0,-1.0
2022/10/28,170.66666666666666,171.66666666666666,169.33333333333331,169.33333333333331,244800,-1.0,-1.0,-1.0
2022/10/31,170.0,170.0,166.0,167.66666666666666,179700,-1.0,-1.0,-1.0
2022/11/01,167.66666666666666,172.0,167.0,172.0,88500,-1.0,-1.0,-1.0
2022/11/02,171.66666666666666,173.0,170.33333333333331,171.66666666666666,111600,-1.0,-1.0,-1.0
2022/11/04,169.0,170.33333333333331,168.0,168.66666666666666,103800,-1.0,-1.0,-1.0
2022/11/07,168.66666666666666,170.0,167.0,169.33333333333331,127200,-1.0,-1.0,-1.0
2022/11/08,169.33333333333331,173.0,169.33333333333331,171.66666666666666,90000,-1.0,-1.0,-1.0
2022/11/09,172.0,174.66666666666666,171.0,171.33333333333331,105900,-1.0,-1.0,-1.0
2022/11/10,169.66666666666666,170.0,167.0,167.0,129600,-1.0,-1.0,-1.0
2022/11/11,168.66666666666666,173.66666666666666,168.66666666666666,173.66666666666666,147900,-1.0,-1.0,-1.0
2022/11/14,173.33333333333331,174.66666666666666,171.33333333333331,171.66666666666666,119100,-1.0,-1.0,-1.0
2022/11/15,171.66666666666666,177.0,170.66666666666666,175.66666666666666,188100,-1.0,-1.0,-1.0
2022/11/16,175.0,180.0,175.0,179.0,199800,-1.0,-1.0,-1.0
2022/11/17,178.0,184.33333333333331,178.0,183.33333333333331,184200,-1.0,-1.0,-1.0
2022/11/18,181.66666666666666,182.0,178.0,178.33333333333331,97500,-1.0,-1.0,-1.0
2022/11/21,179.0,180.0,176.33333333333331,179.33333333333331,163200,-1.0,-1.0,-1.0
2022/11/22,179.33333333333331,179.33333333333331,176.66666666666666,177.33333333333331,107400,-1.0,-1.0,-1.0
2022/11/24,178.66666666666666,181.66666666666666,178.0,181.66666666666666,218400,-1.0,-1.0,-1.0
2022/11/25,181.66666666666666,181.66666666666666,178.33333333333331,179.0,110100,-1.0,-1.0,-1.0
2022/11/28,177.66666666666666,178.0,174.33333333333331,174.33333333333331,142200,-1.0,-1.0,-1.0
2022/11/29,173.66666666666666,175.0,172.66666666666666,175.0,99900,-1.0,-1.0,-1.0
2022/11/30,172.66666666666666,172.66666666666666,169.66666666666666,170.66666666666666,193200,-1.0,-1.0,-1.0
2022/12/01,173.0,176.0,171.66666666666666,174.33333333333331,220800,-1.0,-1.0,-1.0
2022/12/02,173.33333333333331,173.66666666666666,171.0,171.66666666666666,140400,-1.0,-1.0,-1.0
2022/12/05,171.0,171.0,166.33333333333331,167.33333333333331,294600,-1.0,-1.0,-1.0
2022/12/06,166.66666666666666,167.0,164.33333333333331,166.0,164100,-1.0,-1.0,-1.0
2022/12/07,164.66666666666666,166.33333333333331,163.0,166.33333333333331,157500,-1.0,-1.0,-1.0
2022/12/08,165.66666666666666,165.66666666666666,161.33333333333331,163.66666666666666,221400,-1.0,-1.0,-1.0
2022/12/09,163.0,168.33333333333331,162.66666666666666,168.0,237600,-1.0,-1.0,-1.0
2022/12/12,167.0,167.0,163.33333333333331,164.33333333333331,156600,-1.0,-1.0,-1.0
2022/12/13,164.0,165.66666666666666,163.66666666666666,164.66666666666666,108300,-1.0,-1.0,-1.0
2022/12/14,164.66666666666666,165.0,162.33333333333331,163.0,213600,-1.0,-1.0,-1.0
2022/12/15,163.33333333333331,172.33333333333331,162.66666666666666,167.66666666666666,477600,-1.0,-1.0,-1.0
2022/12/16,165.33333333333331,165.33333333333331,156.66666666666666,157.66666666666666,645900,-1.0,-1.0,-1.0
2022/12/19,156.66666666666666,156.66666666666666,151.33333333333331,154.0,373500,-1.0,-1.0,-1.0
2022/12/20,155.0,155.0,147.66666666666666,149.66666666666666,484800,-1.0,-1.0,-1.0
2022/12/21,149.66666666666666,151.33333333333331,145.0,148.66666666666666,344700,-1.0,-1.0,-1.0
2022/12/22,148.66666666666666,148.66666666666666,144.33333333333331,144.33333333333331,377100,-1.0,-1.0,-1.0
2022/12/23,143.33333333333331,143.66666666666666,140.66666666666666,142.0,310500,-1.0,-1.0,-1.0
2022/12/26,140.33333333333331,141.0,137.0,138.33333333333331,311400,-1.0,-1.0,-1.0
2022/12/27,140.0,142.66666666666666,138.0,139.33333333333331,375600,-1.0,-1.0,-1.0
2022/12/28,139.0,140.33333333333331,135.33333333333331,139.66666666666666,441300,-1.0,-1.0,-1.0
2022/12/29,139.33333333333331,141.0,136.33333333333331,141.0,322500,-1.0,-1.0,-1.0
2022/12/30,142.66666666666666,147.0,142.66666666666666,145.0,252300,-1.0,-1.0,-1.0
2023/01/04,145.0,146.0,142.0,142.0,240900,-1.0,-1.0,-1.0
2023/01/05,142.66666666666666,144.33333333333331,142.0,142.0,72300,-1.0,-1.0,-1.0
2023/01/06,142.0,142.33333333333331,139.66666666666666,141.33333333333331,80100,-1.0,-1.0,-1.0
2023/01/10,143.66666666666666,145.66666666666666,143.33333333333331,144.66666666666666,76500,-1.0,-1.0,-1.0
2023/01/11,145.0,149.66666666666666,145.0,149.66666666666666,194100,-1.0,-1.0,-1.0
2023/01/12,150.33333333333331,155.66666666666666,150.0,154.0,355200,-1.0,-1.0,-1.0
2023/01/13,153.66666666666666,155.33333333333331,149.33333333333331,149.33333333333331,250800,-1.0,-1.0,-1.0
2023/01/16,148.0,152.33333333333331,147.33333333333331,148.66666666666666,109800,-1.0,-1.0,-1.0
2023/01/17,148.33333333333331,151.33333333333331,148.33333333333331,148.66666666666666,68400,-1.0,-1.0,-1.0
2023/01/18,149.33333333333331,155.0,149.33333333333331,153.66666666666666,230100,-1.0,-1.0,-1.0
2023/01/19,152.0,157.66666666666666,152.0,157.66666666666666,151200,-1.0,-1.0,-1.0
2023/01/20,157.66666666666666,160.33333333333331,156.66666666666666,159.0,130500,-1.0,-1.0,-1.0
2023/01/23,161.33333333333331,162.66666666666666,160.0,161.66666666666666,92400,-1.0,-1.0,-1.0
2023/01/24,163.33333333333331,164.33333333333331,160.33333333333331,161.66666666666666,241800,-1.0,-1.0,-1.0
2023/01/25,163.0,167.0,162.33333333333331,165.66666666666666,147000,-1.0,-1.0,-1.0
2023/01/26,167.66666666666666,169.66666666666666,165.66666666666666,166.0,304800,-1.0,-1.0,-1.0
2023/01/27,168.66666666666666,172.66666666666666,165.33333333333331,166.0,735600,-1.0,-1.0,-1.0
2023/01/30,162.66666666666666,169.33333333333331,161.66666666666666,167.66666666666666,198900,-1.0,-1.0,-1.0
2023/01/31,169.33333333333331,170.33333333333331,166.33333333333331,167.33333333333331,127500,-1.0,-1.0,-1.0
2023/02/01,169.33333333333331,169.33333333333331,165.33333333333331,165.33333333333331,109500,-1.0,-1.0,-1.0
2023/02/02,167.33333333333331,175.0,166.33333333333331,173.33333333333331,371700,-1.0,-1.0,-1.0
2023/02/03,172.66666666666666,180.66666666666666,172.66666666666666,177.66666666666666,350700,-1.0,-1.0,-1.0
2023/02/06,180.66666666666666,183.0,176.33333333333331,178.0,297300,-1.0,-1.0,-1.0
2023/02/07,179.66666666666666,187.33333333333331,178.33333333333331,187.33333333333331,328800,-1.0,-1.0,-1.0
2023/02/08,187.0,188.33333333333331,182.33333333333331,184.66666666666666,240600,-1.0,-1.0,-1.0
2023/02/09,183.33333333333331,188.0,183.0,186.33333333333331,215700,-1.0,-1.0,-1.0
2023/02/10,188.33333333333331,189.66666666666666,186.33333333333331,188.66666666666666,190500,-1.0,-1.0,-1.0
2023/02/13,189.33333333333331,189.33333333333331,177.33333333333331,178.33333333333331,328800,-1.0,-1.0,-1.0
2023/02/14,178.66666666666666,181.33333333333331,177.66666666666666,178.66666666666666,100200,-1.0,-1.0,-1.0
2023/02/15,178.66666666666666,179.33333333333331,173.0,175.0,180000,-1.0,-1.0,-1.0
2023/02/16,175.66666666666666,179.0,175.66666666666666,176.33333333333331,49200,-1.0,-1.0,-1.0
2023/02/17,175.0,176.33333333333331,172.66666666666666,172.66666666666666,78300,-1.0,-1.0,-1.0
2023/02/20,172.66666666666666,173.66666666666666,169.33333333333331,173.66666666666666,75600,-1.0,-1.0,-1.0
2023/02/21,172.66666666666666,176.0,172.66666666666666,175.33333333333331,85500,-1.0,-1.0,-1.0
2023/02/22,174.66666666666666,175.66666666666666,172.0,172.0,98400,-1.0,-1.0,-1.0
2023/02/24,173.33333333333331,173.66666666666666,168.66666666666666,168.66666666666666,126900,-1.0,-1.0,-1.0
2023/02/27,167.0,171.0,167.0,170.66666666666666,69300,-1.0,-1.0,-1.0
2023/02/28,170.66666666666666,174.0,170.33333333333331,173.66666666666666,68100,-1.0,-1.0,-1.0
2023/03/01,173.33333333333331,175.33333333333331,170.66666666666666,171.0,50400,-1.0,-1.0,-1.0
2023/03/02,174.33333333333331,174.33333333333331,169.66666666666666,170.66666666666666,42900,-1.0,-1.0,-1.0
2023/03/03,170.33333333333331,174.0,170.33333333333331,174.0,52200,-1.0,-1.0,-1.0
2023/03/06,175.66666666666666,177.33333333333331,174.66666666666666,175.33333333333331,105600,-1.0,-1.0,-1.0
2023/03/07,177.33333333333331,178.0,175.33333333333331,177.33333333333331,49500,-1.0,-1.0,-1.0
2023/03/08,175.66666666666666,178.33333333333331,175.66666666666666,178.33333333333331,60300,-1.0,-1.0,-1.0
2023/03/09,178.33333333333331,178.33333333333331,175.0,176.0,66300,-1.0,-1.0,-1.0
2023/03/10,173.33333333333331,173.66666666666666,171.0,171.66666666666666,79800,-1.0,-1.0,-1.0
2023/03/13,167.0,169.0,165.33333333333331,169.0,148500,-1.0,-1.0,-1.0
2023/03/14,166.0,167.66666666666666,163.66666666666666,165.66666666666666,169800,-1.0,-1.0,-1.0
2023/03/15,170.0,170.0,160.66666666666666,161.66666666666666,257700,-1.0,-1.0,-1.0
2023/03/16,167.0,176.33333333333331,158.33333333333331,160.66666666666666,1248000,-1.0,-1.0,-1.0
2023/03/17,160.33333333333331,178.0,157.66666666666666,174.33333333333331,870900,-1.0,-1.0,-1.0
2023/03/20,172.33333333333331,172.33333333333331,165.66666666666666,167.33333333333331,312600,-1.0,-1.0,-1.0
2023/03/22,169.33333333333331,173.0,168.66666666666666,172.33333333333331,89100,-1.0,-1.0,-1.0
2023/03/23,170.66666666666666,179.33333333333331,166.66666666666666,179.33333333333331,199200,-1.0,-1.0,-1.0
2023/03/24,177.33333333333331,182.33333333333331,176.66666666666666,181.66666666666666,129600,-1.0,-1.0,-1.0
2023/03/27,181.0,185.0,179.66666666666666,184.0,70500,-1.0,-1.0,-1.0
2023/03/28,184.0,184.0,179.0,181.66666666666666,90300,-1.0,-1.0,-1.0
2023/03/29,180.33333333333331,188.0,180.33333333333331,187.33333333333331,109500,-1.0,-1.0,-1.0
2023/03/30,187.33333333333331,192.66666666666666,186.0,186.66666666666666,115200,-1.0,-1.0,-1.0
2023/03/31,186.66666666666666,187.0,181.33333333333331,186.0,93300,-1.0,-1.0,-1.0
2023/04/03,186.66666666666666,189.33333333333331,185.66666666666666,186.66666666666666,63300,-1.0,-1.0,-1.0
2023/04/04,187.33333333333331,188.0,184.33333333333331,186.33333333333331,81000,-1.0,-1.0,-1.0
2023/04/05,183.33333333333331,183.66666666666666,178.0,178.0,84900,-1.0,-1.0,-1.0
2023/04/06,177.66666666666666,177.66666666666666,174.33333333333331,175.0,76200,-1.0,-1.0,-1.0
2023/04/07,180.66666666666666,180.66666666666666,174.66666666666666,177.33333333333331,58800,-1.0,-1.0,-1.0
2023/04/10,177.0,180.66666666666666,176.66666666666666,180.33333333333331,57600,-1.0,-1.0,-1.0
2023/04/11,181.0,185.33333333333331,181.0,184.0,61500,-1.0,-1.0,-1.0
2023/04/12,186.33333333333331,186.33333333333331,183.0,185.0,54900,-1.0,-1.0,-1.0
2023/04/13,185.0,187.33333333333331,182.0,182.0,106500,-1.0,-1.0,-1.0
2023/04/14,183.33333333333331,185.0,182.33333333333331,182.33333333333331,46200,-1.0,-1.0,-1.0
2023/04/17,184.0,189.33333333333331,183.0,188.0,95400,-1.0,-1.0,-1.0
2023/04/18,196.66666666666666,212.66666666666666,196.66666666666666,212.33333333333331,1219200,-1.0,-1.0,-1.0
2023/04/19,213.66666666666666,214.33333333333331,199.33333333333331,200.66666666666666,730500,-1.0,-1.0,-1.0
2023/04/20,198.66666666666666,206.66666666666666,197.33333333333331,200.0,312300,-1.0,-1.0,-1.0
2023/04/21,200.0,200.0,193.33333333333331,195.66666666666666,175800,-1.0,-1.0,-1.0
2023/04/24,199.0,201.66666666666666,196.33333333333331,198.66666666666666,120300,-1.0,-1.0,-1.0
2023/04/25,198.33333333333331,198.33333333333331,192.0,195.33333333333331,187800,-1.0,-1.0,-1.0
2023/04/26,194.33333333333331,194.33333333333331,190.66666666666666,192.0,154200,-1.0,-1.0,-1.0
2023/04/27,192.33333333333331,193.66666666666666,191.33333333333331,192.66666666666666,80400,-1.0,-1.0,-1.0
2023/04/28,195.33333333333331,196.0,192.33333333333331,196.0,75000,-1.0,-1.0,-1.0
2023/05/01,197.33333333333331,198.66666666666666,194.0,194.33333333333331,143100,-1.0,-1.0,-1.0
2023/05/02,194.33333333333331,195.0,192.33333333333331,193.66666666666666,126300,-1.0,-1.0,-1.0
2023/05/08,192.0,193.66666666666666,190.66666666666666,192.33333333333331,162600,-1.0,-1.0,-1.0
2023/05/09,192.0,192.66666666666666,189.33333333333331,190.66666666666666,175500,-1.0,-1.0,-1.0
2023/05/10,191.66666666666666,191.66666666666666,187.66666666666666,188.33333333333331,102000,-1.0,-1.0,-1.0
2023/05/11,188.0,189.0,187.0,187.66666666666666,42900,-1.0,-1.0,-1.0
2023/05/12,188.0,191.33333333333331,187.66666666666666,189.66666666666666,146400,-1.0,-1.0,-1.0
2023/05/15,191.66666666666666,191.66666666666666,185.66666666666666,188.33333333333331,137400,-1.0,-1.0,-1.0
2023/05/16,187.66666666666666,188.66666666666666,185.66666666666666,187.0,140100,-1.0,-1.0,-1.0
2023/05/17,187.0,192.66666666666666,186.66666666666666,190.66666666666666,201600,-1.0,-1.0,-1.0
2023/05/18,191.33333333333331,191.66666666666666,188.33333333333331,188.33333333333331,163200,-1.0,-1.0,-1.0
2023/05/19,188.66666666666666,192.33333333333331,185.0,185.0,327600,-1.0,-1.0,-1.0
2023/05/22,186.0,198.33333333333331,186.0,190.33333333333331,417300,-1.0,-1.0,-1.0
2023/05/23,191.0,195.33333333333331,188.0,188.0,191400,-1.0,-1.0,-1.0
2023/05/24,186.0,190.0,185.66666666666666,188.66666666666666,61800,-1.0,-1.0,-1.0
2023/05/25,192.0,212.33333333333331,188.0,211.33333333333331,1898400,-1.0,-1.0,-1.0
2023/05/26,212.66666666666666,216.66666666666666,200.33333333333331,201.66666666666666,1323900,-1.0,-1.0,-1.0
2023/05/29,206.0,210.66666666666666,202.66666666666666,209.33333333333331,471900,-1.0,-1.0,-1.0
2023/05/30,210.66666666666666,219.33333333333331,208.0,215.33333333333331,617700,-1.0,-1.0,-1.0
2023/05/31,213.0,214.0,208.0,208.33333333333331,251400,-1.0,-1.0,-1.0
2023/06/01,207.0,215.66666666666666,205.33333333333331,214.0,265500,-1.0,-1.0,-1.0
2023/06/02,217.33333333333331,237.66666666666666,216.0,235.0,1505700,-1.0,-1.0,-1.0
2023/06/05,242.66666666666666,243.33333333333331,229.66666666666666,233.66666666666666,987000,-1.0,-1.0,-1.0
2023/06/06,232.0,251.33333333333331,231.33333333333331,239.33333333333331,777600,-1.0,-1.0,-1.0
2023/06/07,244.33333333333331,245.0,234.33333333333331,239.66666666666666,407400,-1.0,-1.0,-1.0
2023/06/08,236.0,240.66666666666666,234.0,237.66666666666666,256200,-1.0,-1.0,-1.0
2023/06/09,236.33333333333331,238.66666666666666,231.33333333333331,236.33333333333331,341100,-1.0,-1.0,-1.0
2023/06/12,241.33333333333331,256.3333333333333,241.33333333333331,249.66666666666666,1071000,-1.0,-1.0,-1.0
2023/06/13,226.33333333333331,226.33333333333331,208.0,213.66666666666666,2262600,-1.0,-1.0,-1.0
2023/06/14,216.0,237.0,214.66666666666666,230.33333333333331,2221200,-1.0,-1.0,-1.0
2023/06/15,233.66666666666666,237.33333333333331,219.66666666666666,222.33333333333331,724500,-1.0,-1.0,-1.0
2023/06/16,224.66666666666666,234.0,222.66666666666666,232.66666666666666,594900,-1.0,-1.0,-1.0
2023/06/19,233.33333333333331,238.0,229.0,232.0,529500,-1.0,-1.0,-1.0
2023/06/20,229.33333333333331,229.33333333333331,224.33333333333331,228.66666666666666,264300,-1.0,-1.0,-1.0
2023/06/21,225.33333333333331,225.66666666666666,219.33333333333331,221.0,511800,-1.0,-1.0,-1.0
2023/06/22,217.66666666666666,221.33333333333331,215.0,216.66666666666666,316200,-1.0,-1.0,-1.0
2023/06/23,219.33333333333331,221.66666666666666,211.33333333333331,215.0,243600,-1.0,-1.0,-1.0
2023/06/26,212.0,214.0,208.66666666666666,209.66666666666666,219000,-1.0,-1.0,-1.0
2023/06/27,206.66666666666666,208.0,202.66666666666666,206.0,384900,-1.0,-1.0,-1.0
2023/06/28,208.66666666666666,210.66666666666666,206.0,207.0,170700,-1.0,-1.0,-1.0
2023/06/29,209.66666666666666,211.33333333333331,207.33333333333331,208.66666666666666,160500,-1.0,-1.0,-1.0
2023/06/30,208.66666666666666,212.0,205.33333333333331,212.0,192000,-1.0,-1.0,-1.0
2023/07/03,215.0,217.0,212.66666666666666,216.66666666666666,210300,-1.0,-1.0,-1.0
2023/07/04,216.66666666666666,217.33333333333331,213.66666666666666,214.0,133800,-1.0,-1.0,-1.0
2023/07/05,212.0,225.33333333333331,210.0,225.33333333333331,600600,-1.0,-1.0,-1.0
2023/07/06,222.0,230.33333333333331,220.33333333333331,228.33333333333331,634500,-1.0,-1.0,-1.0
2023/07/07,226.0,233.0,224.33333333333331,225.33333333333331,392400,-1.0,-1.0,-1.0
2023/07/10,228.66666666666666,233.0,223.66666666666666,224.66666666666666,346500,-1.0,-1.0,-1.0
2023/07/11,230.0,236.33333333333331,229.66666666666666,235.33333333333331,507000,-1.0,-1.0,-1.0
2023/07/12,234.0,234.66666666666666,225.33333333333331,225.66666666666666,321000,-1.0,-1.0,-1.0
2023/07/13,228.33333333333331,235.0,226.33333333333331,234.66666666666666,305700,-1.0,-1.0,-1.0
2023/07/14,235.33333333333331,240.33333333333331,231.66666666666666,235.33333333333331,294600,-1.0,-1.0,-1.0
2023/07/18,236.66666666666666,238.66666666666666,231.0,234.66666666666666,183000,-1.0,-1.0,-1.0
2023/07/19,237.66666666666666,239.33333333333331,229.0,231.66666666666666,150600,-1.0,-1.0,-1.0
2023/07/20,229.33333333333331,229.66666666666666,224.0,225.0,262800,-1.0,-1.0,-1.0
2023/07/21,221.66666666666666,222.33333333333331,218.66666666666666,219.0,157500,-1.0,-1.0,-1.0
2023/07/24,224.66666666666666,225.0,221.33333333333331,225.0,147000,-1.0,-1.0,-1.0
2023/07/25,225.33333333333331,225.66666666666666,219.33333333333331,221.0,224100,-1.0,-1.0,-1.0
2023/07/26,221.33333333333331,221.33333333333331,217.66666666666666,218.33333333333331,82200,-1.0,-1.0,-1.0
2023/07/27,217.66666666666666,220.0,216.0,216.0,132600,-1.0,-1.0,-1.0
2023/07/28,215.33333333333331,219.33333333333331,210.66666666666666,219.33333333333331,202500,-1.0,-1.0,-1.0
2023/07/31,219.66666666666666,221.0,215.66666666666666,216.0,132000,-1.0,-1.0,-1.0
2023/08/01,216.0,217.33333333333331,213.33333333333331,216.33333333333331,93900,-1.0,-1.0,-1.0
2023/08/02,217.0,217.0,213.33333333333331,214.66666666666666,98700,-1.0,-1.0,-1.0
2023/08/03,211.33333333333331,220.66666666666666,210.33333333333331,211.66666666666666,280200,-1.0,-1.0,-1.0
2023/08/04,211.66666666666666,213.66666666666666,210.66666666666666,213.0,78000,-1.0,-1.0,-1.0
2023/08/07,211.33333333333331,216.33333333333331,208.0,216.33333333333331,140100,-1.0,-1.0,-1.0
2023/08/08,214.33333333333331,214.66666666666666,209.66666666666666,210.33333333333331,124500,-1.0,-1.0,-1.0
2023/08/09,212.0,212.0,207.0,207.33333333333331,106800,-1.0,-1.0,-1.0
2023/08/10,208.33333333333331,208.33333333333331,205.66666666666666,207.0,97500,-1.0,-1.0,-1.0
2023/08/14,208.33333333333331,208.66666666666666,203.66666666666666,205.33333333333331,107100,-1.0,-1.0,-1.0
2023/08/15,205.33333333333331,206.66666666666666,203.33333333333331,206.66666666666666,44100,-1.0,-1.0,-1.0
2023/08/16,204.33333333333331,209.33333333333331,204.0,205.66666666666666,244500,-1.0,-1.0,-1.0
2023/08/17,202.66666666666666,202.66666666666666,198.33333333333331,201.33333333333331,179100,-1.0,-1.0,-1.0
2023/08/18,199.33333333333331,200.0,197.33333333333331,198.66666666666666,90000,-1.0,-1.0,-1.0
2023/08/21,198.66666666666666,202.66666666666666,198.33333333333331,201.0,64500,-1.0,-1.0,-1.0
2023/08/22,201.0,203.0,199.33333333333331,200.0,157200,-1.0,-1.0,-1.0
2023/08/23,198.33333333333331,202.0,197.0,200.66666666666666,85500,-1.0,-1.0,-1.0
2023/08/24,210.0,210.66666666666666,204.66666666666666,208.66666666666666,186900,-1.0,-1.0,-1.0
2023/08/25,205.0,208.33333333333331,204.0,208.0,55200,-1.0,-1.0,-1.0
2023/08/28,207.0,211.0,207.0,211.0,63900,-1.0,-1.0,-1.0
2023/08/29,212.66666666666666,213.33333333333331,210.33333333333331,210.66666666666666,99300,-1.0,-1.0,-1.0
2023/08/30,212.66666666666666,212.66666666666666,209.33333333333331,211.33333333333331,68400,-1.0,-1.0,-1.0
2023/08/31,212.66666666666666,213.0,210.66666666666666,212.33333333333331,87000,-1.0,-1.0,-1.0
2023/09/01,209.0,211.0,206.33333333333331,211.0,132000,-1.0,-1.0,-1.0
2023/09/04,211.66666666666666,214.0,210.66666666666666,212.33333333333331,93900,-1.0,-1.0,-1.0
2023/09/05,213.0,216.33333333333331,212.66666666666666,215.66666666666666,102900,-1.0,-1.0,-1.0
2023/09/06,215.66666666666666,216.0,212.33333333333331,212.33333333333331,132600,-1.0,-1.0,-1.0
2023/09/07,210.66666666666666,212.33333333333331,208.66666666666666,209.66666666666666,177300,-1.0,-1.0,-1.0
2023/09/08,208.66666666666666,210.0,204.0,205.66666666666666,198600,-1.0,-1.0,-1.0
2023/09/11,203.66666666666666,206.33333333333331,200.0,200.66666666666666,183900,-1.0,-1.0,-1.0
2023/09/12,203.0,203.66666666666666,199.66666666666666,201.33333333333331,132000,-1.0,-1.0,-1.0
2023/09/13,201.33333333333331,201.33333333333331,198.0,199.33333333333331,426300,-1.0,-1.0,-1.0
2023/09/14,196.33333333333331,197.0,183.66666666666666,183.66666666666666,734100,-1.0,-1.0,-1.0
2023/09/15,182.33333333333331,183.66666666666666,176.33333333333331,177.33333333333331,764700,-1.0,-1.0,-1.0
2023/09/19,184.66666666666666,187.0,175.0,179.66666666666666,476700,-1.0,-1.0,-1.0
2023/09/20,177.66666666666666,178.33333333333331,174.0,174.33333333333331,268500,-1.0,-1.0,-1.0
2023/09/21,172.0,172.66666666666666,168.33333333333331,168.66666666666666,298500,-1.0,-1.0,-1.0
2023/09/22,166.66666666666666,175.33333333333331,165.33333333333331,174.33333333333331,313800,-1.0,-1.0,-1.0
2023/09/25,173.33333333333331,181.0,173.33333333333331,180.66666666666666,241800,-1.0,-1.0,-1.0
2023/09/26,180.66666666666666,180.66666666666666,176.0,176.33333333333331,132900,-1.0,-1.0,-1.0
2023/09/27,175.33333333333331,178.66666666666666,173.66666666666666,178.66666666666666,107100,-1.0,-1.0,-1.0
2023/09/28,178.66666666666666,178.66666666666666,175.33333333333331,176.66666666666666,108000,-1.0,-1.0,-1.0
2023/09/29,180.33333333333331,182.0,176.66666666666666,178.0,129600,-1.0,-1.0,-1.0
2023/10/02,178.0,181.0,175.66666666666666,176.0,143700,-1.0,-1.0,-1.0
2023/10/03,176.0,176.66666666666666,171.0,171.33333333333331,198900,-1.0,-1.0,-1.0
2023/10/04,168.0,171.33333333333331,167.0,169.0,205200,-1.0,-1.0,-1.0
2023/10/05,171.33333333333331,175.0,171.0,175.0,135000,-1.0,-1.0,-1.0
2023/10/06,175.66666666666666,178.0,175.33333333333331,176.0,96300,-1.0,-1.0,-1.0
2023/10/10,177.33333333333331,179.0,177.0,178.33333333333331,131700,-1.0,-1.0,-1.0
2023/10/11,176.66666666666666,179.0,174.33333333333331,175.33333333333331,90900,-1.0,-1.0,-1.0
2023/10/12,176.66666666666666,177.0,173.33333333333331,177.0,151500,-1.0,-1.0,-1.0
2023/10/13,175.66666666666666,175.66666666666666,169.0,169.0,158400,-1.0,-1.0,-1.0
2023/10/16,169.0,173.33333333333331,168.66666666666666,171.33333333333331,175800,-1.0,-1.0,-1.0
2023/10/17,172.0,174.33333333333331,170.33333333333331,171.33333333333331,157500,-1.0,-1.0,-1.0
2023/10/18,170.0,171.0,165.66666666666666,168.33333333333331,202800,-1.0,-1.0,-1.0
2023/10/19,166.66666666666666,166.66666666666666,164.0,165.33333333333331,153000,-1.0,-1.0,-1.0
2023/10/20,163.66666666666666,165.33333333333331,161.0,164.33333333333331,147000,-1.0,-1.0,-1.0
2023/10/23,161.66666666666666,163.33333333333331,158.66666666666666,159.33333333333331,145500,-1.0,-1.0,-1.0
2023/10/24,160.66666666666666,166.0,157.0,166.0,206100,-1.0,-1.0,-1.0
2023/10/25,167.33333333333331,167.33333333333331,164.0,164.66666666666666,115200,-1.0,-1.0,-1.0
2023/10/26,164.66666666666666,170.0,164.0,165.66666666666666,164100,-1.0,-1.0,-1.0
2023/10/27,168.0,172.0,167.33333333333331,170.0,159300,-1.0,-1.0,-1.0
2023/10/30,167.66666666666666,169.66666666666666,165.33333333333331,168.66666666666666,417600,-1.0,-1.0,-1.0
2023/10/31,169.33333333333331,170.33333333333331,165.33333333333331,170.0,151800,-1.0,-1.0,-1.0
2023/11/01,170.0,170.33333333333331,167.0,167.66666666666666,106500,-1.0,-1.0,-1.0
2023/11/02,169.66666666666666,176.33333333333331,169.33333333333331,175.33333333333331,162000,-1.0,-1.0,-1.0
2023/11/06,176.66666666666666,177.33333333333331,175.0,175.66666666666666,166200,-1.0,-1.0,-1.0
2023/11/07,175.66666666666666,175.66666666666666,172.33333333333331,172.33333333333331,93300,-1.0,-1.0,-1.0
2023/11/08,174.0,174.0,171.0,171.66666666666666,78300,-1.0,-1.0,-1.0
2023/11/09,172.66666666666666,175.0,172.33333333333331,175.0,39300,-1.0,-1.0,-1.0
2023/11/10,174.66666666666666,174.66666666666666,171.33333333333331,174.66666666666666,47100,-1.0,-1.0,-1.0
2023/11/13,176.66666666666666,177.66666666666666,174.0,174.66666666666666,90900,-1.0,-1.0,-1.0
2023/11/14,173.33333333333331,174.66666666666666,172.0,173.0,82200,-1.0,-1.0,-1.0
2023/11/15,174.0,176.66666666666666,173.66666666666666,176.0,86100,-1.0,-1.0,-1.0
2023/11/16,174.33333333333331,175.66666666666666,173.0,174.66666666666666,55500,-1.0,-1.0,-1.0
2023/11/17,173.33333333333331,175.66666666666666,172.0,175.66666666666666,81000,-1.0,-1.0,-1.0
2023/11/20,176.0,180.33333333333331,176.0,177.33333333333331,140700,-1.0,-1.0,-1.0
2023/11/21,177.33333333333331,184.0,177.33333333333331,184.0,154800,-1.0,-1.0,-1.0
2023/11/22,186.0,186.33333333333331,180.33333333333331,181.0,124800,-1.0,-1.0,-1.0
2023/11/24,181.33333333333331,183.33333333333331,181.33333333333331,181.33333333333331,68700,-1.0,-1.0,-1.0
2023/11/27,181.0,186.0,181.0,182.66666666666666,125100,-1.0,-1.0,-1.0
2023/11/28,181.66666666666666,187.0,181.0,185.66666666666666,127200,-1.0,-1.0,-1.0
2023/11/29,185.33333333333331,188.33333333333331,185.33333333333331,186.33333333333331,139500,-1.0,-1.0,-1.0
2023/11/30,188.0,193.66666666666666,186.66666666666666,191.66666666666666,231600,-1.0,-1.0,-1.0
2023/12/01,192.33333333333331,192.33333333333331,186.0,186.0,169200,-1.0,-1.0,-1.0
2023/12/04,184.66666666666666,190.0,182.66666666666666,189.0,206400,-1.0,-1.0,-1.0
2023/12/05,188.33333333333331,189.0,181.0,181.0,194700,-1.0,-1.0,-1.0
2023/12/06,181.0,184.66666666666666,181.0,182.33333333333331,86700,-1.0,-1.0,-1.0
2023/12/07,181.66666666666666,181.66666666666666,175.33333333333331,175.33333333333331,220200,-1.0,-1.0,-1.0
2023/12/08,172.33333333333331,174.66666666666666,171.0,172.33333333333331,197700,-1.0,-1.0,-1.0
2023/12/11,174.33333333333331,175.0,172.0,174.66666666666666,180600,-1.0,-1.0,-1.0
2023/12/12,175.0,175.66666666666666,172.33333333333331,174.0,166500,-1.0,-1.0,-1.0
2023/12/13,171.0,172.0,168.33333333333331,169.66666666666666,183900,-1.0,-1.0,-1.0
2023/12/14,168.33333333333331,169.66666666666666,165.66666666666666,166.0,316800,-1.0,-1.0,-1.0
2023/12/15,165.66666666666666,169.0,165.66666666666666,167.0,130200,-1.0,-1.0,-1.0
2023/12/18,163.66666666666666,166.66666666666666,163.66666666666666,165.66666666666666,136500,-1.0,-1.0,-1.0
2023/12/19,166.33333333333331,169.0,165.33333333333331,167.66666666666666,66000,-1.0,-1.0,-1.0
2023/12/20,169.33333333333331,169.33333333333331,165.66666666666666,167.0,171300,-1.0,-1.0,-1.0
2023/12/21,164.66666666666666,166.33333333333331,163.66666666666666,164.0,99000,-1.0,-1.0,-1.0
2023/12/22,164.0,166.33333333333331,164.0,164.66666666666666,117000,-1.0,-1.0,-1.0
2023/12/25,164.66666666666666,165.66666666666666,161.33333333333331,161.66666666666666,124200,-1.0,-1.0,-1.0
2023/12/26,161.0,164.33333333333331,161.0,163.0,133200,-1.0,-1.0,-1.0
2023/12/27,163.0,165.33333333333331,160.66666666666666,164.33333333333331,321300,-1.0,-1.0,-1.0
2023/12/28,165.33333333333331,168.0,163.66666666666666,168.0,172200,-1.0,-1.0,-1.0
2023/12/29,168.0,169.33333333333331,166.33333333333331,167.0,94800,-1.0,-1.0,-1.0
2024/01/04,166.33333333333331,171.66666666666666,164.66666666666666,170.33333333333331,126600,-1.0,-1.0,-1.0
2024/01/05,172.66666666666666,172.66666666666666,168.0,168.0,120300,-1.0,-1.0,-1.0
2024/01/09,168.66666666666666,171.66666666666666,168.33333333333331,170.0,91800,-1.0,-1.0,-1.0
2024/01/10,170.0,170.33333333333331,168.33333333333331,168.33333333333331,144900,-1.0,-1.0,-1.0
2024/01/11,170.0,170.0,167.33333333333331,168.0,159600,-1.0,-1.0,-1.0
2024/01/12,167.66666666666666,169.0,165.33333333333331,166.0,198000,-1.0,-1.0,-1.0
2024/01/15,166.66666666666666,168.0,165.0,166.33333333333331,98100,-1.0,-1.0,-1.0
2024/01/16,166.66666666666666,167.33333333333331,164.33333333333331,164.33333333333331,112500,-1.0,-1.0,-1.0
2024/01/17,165.33333333333331,165.66666666666666,163.0,163.33333333333331,180000,-1.0,-1.0,-1.0
2024/01/18,163.33333333333331,164.66666666666666,162.66666666666666,164.33333333333331,53100,-1.0,-1.0,-1.0
2024/01/19,191.0,191.0,181.0,191.0,4537200,-1.0,-1.0,-1.0
2024/01/22,196.0,198.66666666666666,188.66666666666666,191.0,2771700,-1.0,-1.0,-1.0
2024/01/23,189.66666666666666,202.33333333333331,189.0,196.0,1433700,-1.0,-1.0,-1.0
2024/01/24,193.66666666666666,198.33333333333331,189.66666666666666,190.33333333333331,643800,-1.0,-1.0,-1.0
2024/01/25,189.33333333333331,195.66666666666666,189.0,194.66666666666666,413700,-1.0,-1.0,-1.0
2024/01/26,196.0,200.0,192.66666666666666,195.66666666666666,483300,-1.0,-1.0,-1.0
2024/01/29,195.0,218.0,192.0,202.0,6581700,-1.0,-1.0,-1.0
2024/01/30,202.33333333333331,204.66666666666666,192.33333333333331,195.33333333333331,1831800,-1.0,-1.0,-1.0
2024/01/31,194.33333333333331,197.33333333333331,189.33333333333331,194.0,557700,-1.0,-1.0,-1.0
2024/02/01,190.66666666666666,191.33333333333331,187.0,187.33333333333331,419100,-1.0,-1.0,-1.0
2024/02/02,190.66666666666666,196.33333333333331,190.66666666666666,195.66666666666666,495300,-1.0,-1.0,-1.0
2024/02/05,196.0,198.0,193.66666666666666,196.0,241800,-1.0,-1.0,-1.0
2024/02/06,194.66666666666666,196.33333333333331,192.33333333333331,193.66666666666666,164700,-1.0,-1.0,-1.0
2024/02/07,193.0,194.33333333333331,188.66666666666666,190.0,257400,-1.0,-1.0,-1.0
2024/02/08,190.0,193.66666666666666,189.0,193.66666666666666,343200,-1.0,-1.0,-1.0
2024/02/09,193.66666666666666,196.66666666666666,193.33333333333331,196.0,318900,-1.0,-1.0,-1.0
2024/02/13,197.33333333333331,199.33333333333331,193.0,194.0,236100,-1.0,-1.0,-1.0
2024/02/14,193.33333333333331,197.66666666666666,192.0,196.66666666666666,257400,-1.0,-1.0,-1.0
2024/02/15,196.0,202.33333333333331,193.66666666666666,201.33333333333331,335700,-1.0,-1.0,-1.0
2024/02/16,204.33333333333331,212.33333333333331,203.66666666666666,211.33333333333331,819000,-1.0,-1.0,-1.0
2024/02/19,211.66666666666666,214.33333333333331,208.66666666666666,214.33333333333331,684900,-1.0,-1.0,-1.0
2024/02/20,213.66666666666666,213.66666666666666,204.33333333333331,205.66666666666666,493500,-1.0,-1.0,-1.0
2024/02/21,208.33333333333331,211.33333333333331,205.66666666666666,208.33333333333331,297300,-1.0,-1.0,-1.0
2024/02/22,218.33333333333331,225.0,214.66666666666666,218.0,905100,-1.0,-1.0,-1.0
2024/02/26,222.33333333333331,236.0,218.66666666666666,233.33333333333331,1109100,-1.0,-1.0,-1.0
2024/02/27,233.66666666666666,240.33333333333331,232.0,236.33333333333331,713400,-1.0,-1.0,-1.0
2024/02/28,239.66666666666666,241.33333333333331,226.66666666666666,229.66666666666666,628800,-1.0,-1.0,-1.0
2024/02/29,236.33333333333331,239.66666666666666,227.66666666666666,228.33333333333331,329700,-1.0,-1.0,-1.0
2024/03/01,228.33333333333331,228.66666666666666,223.66666666666666,223.66666666666666,484500,-1.0,-1.0,-1.0
2024/03/04,223.0,230.33333333333331,222.33333333333331,225.0,405300,-1.0,-1.0,-1.0
2024/03/05,224.66666666666666,238.33333333333331,222.33333333333331,237.33333333333331,701700,-1.0,-1.0,-1.0
2024/03/06,234.33333333333331,250.0,231.33333333333331,243.66666666666666,866400,-1.0,-1.0,-1.0
2024/03/07,244.0,258.0,241.66666666666666,246.0,1059300,-1.0,-1.0,-1.0
2024/03/08,241.0,245.0,236.0,242.0,612900,-1.0,-1.0,-1.0
2024/03/11,237.0,239.66666666666666,226.66666666666666,229.66666666666666,955500,-1.0,-1.0,-1.0
2024/03/12,228.33333333333331,234.66666666666666,226.66666666666666,234.0,219600,-1.0,-1.0,-1.0
2024/03/13,238.33333333333331,238.33333333333331,230.0,231.33333333333331,214800,-1.0,-1.0,-1.0
2024/03/14,227.0,232.0,225.0,232.0,457500,-1.0,-1.0,-1.0
2024/03/15,232.33333333333331,232.66666666666666,224.33333333333331,232.33333333333331,739500,-1.0,-1.0,-1.0
2024/03/18,215.66666666666666,223.66666666666666,209.66666666666666,220.0,1326600,-1.0,-1.0,-1.0
2024/03/19,223.33333333333331,226.0,212.66666666666666,224.66666666666666,883200,-1.0,-1.0,-1.0
2024/03/21,218.0,220.33333333333331,211.33333333333331,212.33333333333331,1306800,-1.0,-1.0,-1.0
2024/03/22,210.0,213.0,208.33333333333331,210.0,1084800,-1.0,-1.0,-1.0
2024/03/25,206.66666666666666,210.0,205.0,206.0,533100,-1.0,-1.0,-1.0
2024/03/26,203.66666666666666,210.0,201.66666666666666,208.33333333333331,522600,-1.0,-1.0,-1.0
2024/03/27,206.66666666666666,206.66666666666666,201.66666666666666,202.66666666666666,400500,-1.0,-1.0,-1.0
2024/03/28,203.33333333333331,206.0,202.66666666666666,203.66666666666666,222600,-1.0,-1.0,-1.0
2024/03/29,205.0,206.66666666666666,203.33333333333331,204.33333333333331,294300,-1.0,-1.0,-1.0
2024/04/01,204.66666666666666,204.66666666666666,193.33333333333331,193.66666666666666,963900,-1.0,-1.0,-1.0
2024/04/02,193.0,193.0,183.66666666666666,185.0,1223700,-1.0,-1.0,-1.0
2024/04/03,181.66666666666666,183.0,173.33333333333331,182.0,1968300,-1.0,-1.0,-1.0
2024/04/04,181.33333333333331,181.66666666666666,177.0,177.66666666666666,600600,-1.0,-1.0,-1.0
2024/04/05,174.33333333333331,181.66666666666666,173.66666666666666,179.33333333333331,605700,-1.0,-1.0,-1.0
2024/04/08,178.33333333333331,182.0,178.33333333333331,182.0,303600,-1.0,-1.0,-1.0
2024/04/09,182.0,184.0,179.33333333333331,181.66666666666666,374100,-1.0,-1.0,-1.0
2024/04/10,181.66666666666666,187.33333333333331,181.66666666666666,186.0,295500,-1.0,-1.0,-1.0
2024/04/11,185.0,191.33333333333331,183.0,189.66666666666666,490500,-1.0,-1.0,-1.0
2024/04/12,187.0,187.0,177.0,177.0,694500,-1.0,-1.0,-1.0
2024/04/15,180.0,185.0,178.33333333333331,184.66666666666666,589800,-1.0,-1.0,-1.0
2024/04/16,184.66666666666666,186.0,182.33333333333331,185.0,225000,-1.0,-1.0,-1.0
2024/04/17,186.33333333333331,187.0,181.66666666666666,182.0,288900,-1.0,-1.0,-1.0
2024/04/18,180.0,181.66666666666666,178.33333333333331,179.0,503100,-1.0,-1.0,-1.0
2024/04/19,179.33333333333331,179.33333333333331,171.0,172.33333333333331,506100,-1.0,-1.0,-1.0
2024/04/22,173.0,176.33333333333331,172.0,175.33333333333331,163800,-1.0,-1.0,-1.0
2024/04/23,177.0,177.33333333333331,175.0,177.0,118200,-1.0,-1.0,-1.0
2024/04/24,177.0,177.66666666666666,174.33333333333331,175.0,281700,-1.0,-1.0,-1.0
2024/04/25,174.66666666666666,176.66666666666666,173.66666666666666,174.0,214500,-1.0,-1.0,-1.0
2024/04/26,174.0,177.33333333333331,172.33333333333331,176.66666666666666,420300,-1.0,-1.0,-1.0
2024/04/30,177.33333333333331,180.33333333333331,176.66666666666666,179.33333333333331,333600,-1.0,-1.0,-1.0
2024/05/01,179.33333333333331,180.0,176.0,180.0,167700,-1.0,-1.0,-1.0
2024/05/02,180.0,180.66666666666666,178.33333333333331,179.0,144600,-1.0,-1.0,-1.0
2024/05/07,180.33333333333331,185.0,180.33333333333331,182.0,220800,-1.0,-1.0,-1.0
2024/05/08,182.0,185.0,182.0,183.66666666666666,172800,-1.0,-1.0,-1.0
2024/05/09,184.66666666666666,185.33333333333331,182.66666666666666,184.0,158100,-1.0,-1.0,-1.0
2024/05/10,186.0,186.33333333333331,181.0,181.33333333333331,368700,-1.0,-1.0,-1.0
2024/05/13,182.0,183.33333333333331,180.0,180.66666666666666,177600,-1.0,-1.0,-1.0
2024/05/14,180.0,183.33333333333331,180.0,182.66666666666666,125100,-1.0,-1.0,-1.0
2024/05/15,183.0,183.33333333333331,178.0,178.66666666666666,177600,-1.0,-1.0,-1.0
2024/05/16,180.66666666666666,181.0,177.33333333333331,180.0,195000,-1.0,-1.0,-1.0
2024/05/17,180.0,183.0,179.0,182.33333333333331,105600,-1.0,-1.0,-1.0
2024/05/20,182.33333333333331,187.0,182.0,186.0,262500,-1.0,-1.0,-1.0
2024/05/21,186.33333333333331,193.33333333333331,186.33333333333331,193.33333333333331,585300,-1.0,-1.0,-1.0
2024/05/22,195.33333333333331,196.33333333333331,189.66666666666666,193.33333333333331,734100,-1.0,-1.0,-1.0
2024/05/23,198.0,198.0,188.66666666666666,189.0,569100,-1.0,-1.0,-1.0
2024/05/24,189.0,194.0,188.66666666666666,189.66666666666666,242100,-1.0,-1.0,-1.0
2024/05/27,192.33333333333331,192.66666666666666,187.66666666666666,191.66666666666666,207900,-1.0,-1.0,-1.0
2024/05/28,192.66666666666666,197.33333333333331,190.66666666666666,191.66666666666666,411000,-1.0,-1.0,-1.0
2024/05/29,194.33333333333331,194.33333333333331,183.0,183.66666666666666,510600,-1.0,-1.0,-1.0
2024/05/30,181.66666666666666,182.0,177.66666666666666,179.66666666666666,388500,-1.0,-1.0,-1.0
2024/05/31,180.0,185.33333333333331,180.0,185.33333333333331,143400,-1.0,-1.0,-1.0
2024/06/03,189.66666666666666,189.66666666666666,184.33333333333331,185.66666666666666,161100,-1.0,-1.0,-1.0
2024/06/04,186.0,191.66666666666666,186.0,190.0,236100,-1.0,-1.0,-1.0
2024/06/05,189.0,191.33333333333331,186.33333333333331,189.0,168600,-1.0,-1.0,-1.0
2024/06/06,189.66666666666666,189.66666666666666,184.33333333333331,185.0,130200,-1.0,-1.0,-1.0
2024/06/07,188.33333333333331,191.66666666666666,187.0,189.66666666666666,269100,-1.0,-1.0,-1.0
2024/06/10,196.33333333333331,201.0,193.33333333333331,200.33333333333331,905400,-1.0,-1.0,-1.0
2024/06/11,201.66666666666666,202.66666666666666,197.0,199.33333333333331,618900,-1.0,-1.0,-1.0
2024/06/12,200.66666666666666,204.0,200.0,202.0,332100,-1.0,-1.0,-1.0
2024/06/13,202.0,202.33333333333331,199.0,200.33333333333331,316200,-1.0,-1.0,-1.0
2024/06/14,198.66666666666666,201.0,195.33333333333331,200.0,533700,-1.0,-1.0,-1.0
2024/06/17,183.33333333333331,191.0,182.33333333333331,186.33333333333331,912900,-1.0,-1.0,-1.0
2024/06/18,186.66666666666666,193.0,186.66666666666666,190.33333333333331,259800,-1.0,-1.0,-1.0
2024/06/19,192.66666666666666,192.66666666666666,183.0,183.33333333333331,351300,-1.0,-1.0,-1.0
2024/06/20,183.33333333333331,185.0,180.66666666666666,182.66666666666666,229800,-1.0,-1.0,-1.0
2024/06/21,183.33333333333331,186.66666666666666,182.0,183.66666666666666,222300,-1.0,-1.0,-1.0
2024/06/24,183.66666666666666,187.33333333333331,183.33333333333331,186.33333333333331,146700,-1.0,-1.0,-1.0
2024/06/25,187.66666666666666,189.66666666666666,186.66666666666666,188.33333333333331,114900,-1.0,-1.0,-1.0
2024/06/26,187.66666666666666,189.0,187.33333333333331,187.33333333333331,70800,-1.0,-1.0,-1.0
2024/06/27,187.33333333333331,188.66666666666666,185.0,185.0,186600,-1.0,-1.0,-1.0
2024/06/28,187.0,187.33333333333331,185.0,185.0,139200,-1.0,-1.0,-1.0
2024/07/01,187.66666666666666,193.66666666666666,187.66666666666666,191.0,243300,-1.0,-1.0,-1.0
2024/07/02,193.33333333333331,197.33333333333331,192.33333333333331,197.0,321600,-1.0,-1.0,-1.0
2024/07/03,196.66666666666666,198.66666666666666,191.66666666666666,194.0,288600,-1.0,-1.0,-1.0
2024/07/04,196.0,197.66666666666666,194.66666666666666,195.0,174900,-1.0,-1.0,-1.0
2024/07/05,195.33333333333331,197.33333333333331,193.0,193.0,126300,-1.0,-1.0,-1.0
2024/07/08,196.0,202.66666666666666,196.0,201.33333333333331,350700,-1.0,-1.0,-1.0
2024/07/09,202.0,209.33333333333331,201.0,206.33333333333331,681900,-1.0,-1.0,-1.0
2024/07/10,208.33333333333331,208.66666666666666,204.33333333333331,206.33333333333331,389100,-1.0,-1.0,-1.0
2024/07/11,207.66666666666666,208.66666666666666,204.0,204.0,236100,-1.0,-1.0,-1.0
2024/07/12,204.33333333333331,213.0,204.0,210.0,627600,-1.0,-1.0,-1.0
2024/07/16,209.66666666666666,211.33333333333331,207.33333333333331,208.33333333333331,219300,-1.0,-1.0,-1.0
2024/07/17,208.33333333333331,211.0,206.0,208.0,290400,-1.0,-1.0,-1.0
2024/07/18,207.0,207.0,201.33333333333331,201.33333333333331,212100,-1.0,-1.0,-1.0
2024/07/19,200.0,201.0,196.66666666666666,197.0,302100,-1.0,-1.0,-1.0
2024/07/22,199.0,201.0,194.66666666666666,200.0,256800,-1.0,-1.0,-1.0
2024/07/23,200.33333333333331,206.66666666666666,200.33333333333331,204.33333333333331,195000,-1.0,-1.0,-1.0
2024/07/24,205.0,205.33333333333331,198.33333333333331,198.33333333333331,279300,-1.0,-1.0,-1.0
2024/07/25,196.66666666666666,200.33333333333331,195.66666666666666,196.66666666666666,197100,-1.0,-1.0,-1.0
2024/07/26,198.66666666666666,199.33333333333331,194.0,194.0,213900,-1.0,-1.0,-1.0
2024/07/29,194.66666666666666,200.0,194.66666666666666,200.0,156600,-1.0,-1.0,-1.0
2024/07/30,197.66666666666666,198.0,193.66666666666666,194.0,194400,-1.0,-1.0,-1.0
2024/07/31,191.66666666666666,196.0,190.66666666666666,196.0,196500,-1.0,-1.0,-1.0
2024/08/01,196.0,196.0,189.33333333333331,189.33333333333331,282300,-1.0,-1.0,-1.0
2024/08/02,179.33333333333331,180.33333333333331,169.0,169.33333333333331,678600,-1.0,-1.0,-1.0
2024/08/05,161.66666666666666,162.66666666666666,136.33333333333331,140.33333333333331,1277700,-1.0,-1.0,-1.0
2024/08/06,148.33333333333331,158.0,148.33333333333331,153.33333333333331,464700,-1.0,-1.0,-1.0
2024/08/07,150.66666666666666,168.33333333333331,150.66666666666666,164.33333333333331,382800,-1.0,-1.0,-1.0
2024/08/08,160.0,165.33333333333331,158.66666666666666,159.66666666666666,292500,-1.0,-1.0,-1.0
2024/08/09,166.0,167.0,160.0,164.33333333333331,311100,-1.0,-1.0,-1.0
2024/08/13,167.66666666666666,168.33333333333331,164.0,167.33333333333331,162600,-1.0,-1.0,-1.0
2024/08/14,168.33333333333331,173.33333333333331,165.33333333333331,171.33333333333331,183900,-1.0,-1.0,-1.0
2024/08/15,171.33333333333331,173.0,169.33333333333331,171.0,131100,-1.0,-1.0,-1.0
2024/08/16,173.33333333333331,176.33333333333331,172.0,176.33333333333331,132300,-1.0,-1.0,-1.0
2024/08/19,174.66666666666666,177.66666666666666,170.33333333333331,171.66666666666666,213000,-1.0,-1.0,-1.0
2024/08/20,175.0,180.66666666666666,175.0,179.66666666666666,172500,-1.0,-1.0,-1.0
2024/08/21,178.33333333333331,182.33333333333331,177.33333333333331,181.33333333333331,145200,-1.0,-1.0,-1.0
2024/08/22,182.66666666666666,184.33333333333331,179.66666666666666,183.0,142800,-1.0,-1.0,-1.0
2024/08/23,181.66666666666666,188.33333333333331,181.66666666666666,187.33333333333331,190500,-1.0,-1.0,-1.0
2024/08/26,188.0,189.66666666666666,185.66666666666666,186.0,227400,-1.0,-1.0,-1.0
2024/08/27,184.33333333333331,187.33333333333331,184.33333333333331,186.66666666666666,132000,-1.0,-1.0,-1.0
2024/08/28,186.66666666666666,187.0,183.0,185.0,160800,-1.0,-1.0,-1.0
2024/08/29,186.66666666666666,187.66666666666666,182.33333333333331,186.33333333333331,116400,-1.0,-1.0,-1.0
2024/08/30,185.33333333333331,187.66666666666666,185.0,186.66666666666666,113700,-1.0,-1.0,-1.0
2024/09/02,188.0,191.33333333333331,185.33333333333331,185.33333333333331,279300,-1.0,-1.0,-1.0
2024/09/03,187.33333333333331,193.33333333333331,186.66666666666666,193.33333333333331,252300,-1.0,-1.0,-1.0
2024/09/04,186.66666666666666,190.33333333333331,186.66666666666666,187.33333333333331,302400,-1.0,-1.0,-1.0
2024/09/05,189.0,190.33333333333331,182.66666666666666,184.66666666666666,431700,-1.0,-1.0,-1.0
2024/09/06,185.33333333333331,187.0,180.66666666666666,182.33333333333331,232500,-1.0,-1.0,-1.0
2024/09/09,175.66666666666666,179.66666666666666,174.33333333333331,178.66666666666666,129600,-1.0,-1.0,-1.0
2024/09/10,180.66666666666666,181.66666666666666,178.33333333333331,181.66666666666666,72000,-1.0,-1.0,-1.0
2024/09/11,182.0,183.66666666666666,172.66666666666666,174.66666666666666,417000,-1.0,-1.0,-1.0
2024/09/12,192.0,201.0,191.66666666666666,200.0,2428500,-1.0,-1.0,-1.0
2024/09/13,199.66666666666666,202.0,194.0,195.66666666666666,927600,-1.0,-1.0,-1.0
2024/09/17,198.0,205.0,193.33333333333331,197.33333333333331,530100,-1.0,-1.0,-1.0
2024/09/18,196.66666666666666,200.0,194.33333333333331,196.66666666666666,219900,-1.0,-1.0,-1.0
2024/09/19,199.33333333333331,203.66666666666666,198.33333333333331,203.0,360300,-1.0,-1.0,-1.0
2024/09/20,203.66666666666666,205.66666666666666,196.0,196.0,508200,-1.0,-1.0,-1.0
2024/09/24,196.66666666666666,198.0,193.33333333333331,193.33333333333331,196800,-1.0,-1.0,-1.0
2024/09/25,193.66666666666666,196.33333333333331,192.33333333333331,193.66666666666666,207000,-1.0,-1.0,-1.0
2024/09/26,206.33333333333331,212.0,201.66666666666666,207.66666666666666,2640000,-1.0,-1.0,-1.0
2024/09/27,211.66666666666666,213.0,204.33333333333331,204.66666666666666,584100,-1.0,-1.0,-1.0
2024/09/30,201.33333333333331,207.66666666666666,197.0,202.0,549300,-1.0,-1.0,-1.0
2024/10/01,202.0,205.33333333333331,201.33333333333331,203.0,163200,-1.0,-1.0,-1.0
2024/10/02,200.0,207.33333333333331,198.33333333333331,201.0,403800,-1.0,-1.0,-1.0
2024/10/03,203.33333333333331,213.0,202.33333333333331,213.0,593100,-1.0,-1.0,-1.0
2024/10/04,209.66666666666666,211.66666666666666,207.0,208.0,565800,-1.0,-1.0,-1.0
2024/10/07,210.66666666666666,215.0,209.0,211.0,489000,-1.0,-1.0,-1.0
2024/10/08,209.33333333333331,216.0,208.66666666666666,215.66666666666666,572100,-1.0,-1.0,-1.0
2024/10/09,217.66666666666666,219.0,215.33333333333331,217.0,303300,-1.0,-1.0,-1.0
2024/10/10,216.66666666666666,217.66666666666666,213.33333333333331,215.33333333333331,213300,-1.0,-1.0,-1.0
2024/10/11,215.0,215.33333333333331,212.0,212.33333333333331,254700,-1.0,-1.0,-1.0
2024/10/15,214.66666666666666,216.66666666666666,210.0,216.66666666666666,370800,-1.0,-1.0,-1.0
2024/10/16,215.0,224.33333333333331,215.0,224.33333333333331,474600,-1.0,-1.0,-1.0
2024/10/17,225.33333333333331,229.33333333333331,223.0,229.0,457500,-1.0,-1.0,-1.0
2024/10/18,229.0,234.66666666666666,229.0,234.66666666666666,514200,-1.0,-1.0,-1.0
2024/10/21,238.33333333333331,240.0,228.33333333333331,230.33333333333331,492300,-1.0,-1.0,-1.0
2024/10/22,231.0,234.0,220.33333333333331,222.33333333333331,727200,-1.0,-1.0,-1.0
2024/10/23,222.33333333333331,223.66666666666666,216.0,217.33333333333331,360000,-1.0,-1.0,-1.0
2024/10/24,214.0,218.33333333333331,212.66666666666666,216.66666666666666,240300,-1.0,-1.0,-1.0
2024/10/25,214.33333333333331,216.66666666666666,206.33333333333331,211.33333333333331,666600,-1.0,-1.0,-1.0
2024/10/28,212.0,218.33333333333331,210.0,218.0,319800,-1.0,-1.0,-1.0
2024/10/29,217.66666666666666,218.0,212.66666666666666,217.0,184800,-1.0,-1.0,-1.0
2024/10/30,217.66666666666666,218.0,213.33333333333331,213.33333333333331,225300,-1.0,-1.0,-1.0
2024/10/31,213.33333333333331,217.33333333333331,213.33333333333331,217.0,100800,-1.0,-1.0,-1.0
2024/11/01,212.66666666666666,213.0,207.66666666666666,207.66666666666666,228600,-1.0,-1.0,-1.0
2024/11/05,211.0,211.0,205.66666666666666,205.66666666666666,170100,-1.0,-1.0,-1.0
2024/11/06,206.33333333333331,211.33333333333331,206.33333333333331,207.66666666666666,365700,-1.0,-1.0,-1.0
2024/11/07,206.66666666666666,208.66666666666666,202.66666666666666,203.33333333333331,240900,-1.0,-1.0,-1.0
2024/11/08,203.33333333333331,208.0,203.33333333333331,204.33333333333331,127200,-1.0,-1.0,-1.0
2024/11/11,203.66666666666666,206.0,203.33333333333331,203.66666666666666,96900,-1.0,-1.0,-1.0
2024/11/12,204.66666666666666,212.33333333333331,203.33333333333331,203.66666666666666,325500,-1.0,-1.0,-1.0
2024/11/13,203.66666666666666,204.66666666666666,201.0,201.33333333333331,158400,-1.0,-1.0,-1.0
2024/11/14,202.0,202.0,198.66666666666666,199.66666666666666,162300,-1.0,-1.0,-1.0
2024/11/15,201.33333333333331,201.33333333333331,197.0,197.33333333333331,181200,-1.0,-1.0,-1.0
2024/11/18,196.33333333333331,202.33333333333331,195.33333333333331,202.0,140400,-1.0,-1.0,-1.0
2024/11/19,200.66666666666666,209.33333333333331,200.33333333333331,209.0,247800,-1.0,-1.0,-1.0
2024/11/20,211.33333333333331,218.66666666666666,211.33333333333331,217.0,453600,-1.0,-1.0,-1.0
2024/11/21,219.66666666666666,221.66666666666666,216.33333333333331,217.66666666666666,211200,-1.0,-1.0,-1.0
2024/11/22,218.33333333333331,219.66666666666666,217.0,218.33333333333331,110400,-1.0,-1.0,-1.0
2024/11/25,220.0,220.66666666666666,216.66666666666666,217.33333333333331,122400,-1.0,-1.0,-1.0
2024/11/26,217.0,218.33333333333331,216.0,217.33333333333331,181500,-1.0,-1.0,-1.0
2024/11/27,250.66666666666666,250.66666666666666,250.66666666666666,250.66666666666666,168300,-1.0,-1.0,-1.0
2024/11/28,272.3333333333333,284.66666666666663,257.0,277.3333333333333,6350700,-1.0,-1.0,-1.0
2024/11/29,274.0,283.3333333333333,271.66666666666663,279.0,1941000,-1.0,-1.0,-1.0
2024/12/02,283.0,285.3333333333333,273.66666666666663,283.3333333333333,1040100,-1.0,-1.0,-1.0
2024/12/03,280.66666666666663,282.3333333333333,274.3333333333333,279.0,686700,-1.0,-1.0,-1.0
2024/12/04,278.0,283.66666666666663,275.66666666666663,280.0,906600,-1.0,-1.0,-1.0
2024/12/05,283.0,289.66666666666663,280.0,287.66666666666663,884700,-1.0,-1.0,-1.0
2024/12/06,291.3333333333333,292.0,282.66666666666663,287.66666666666663,640200,-1.0,-1.0,-1.0
2024/12/09,290.3333333333333,293.0,287.0,292.0,504600,-1.0,-1.0,-1.0
2024/12/10,287.0,290.66666666666663,283.3333333333333,288.66666666666663,417000,-1.0,-1.0,-1.0
2024/12/11,286.66666666666663,300.0,282.66666666666663,295.66666666666663,1590600,-1.0,-1.0,-1.0
2024/12/12,290.66666666666663,294.66666666666663,282.66666666666663,290.66666666666663,1327800,-1.0,-1.0,-1.0
2024/12/13,291.0,304.3333333333333,290.66666666666663,292.66666666666663,926700,-1.0,-1.0,-1.0
2024/12/16,296.66666666666663,307.66666666666663,293.3333333333333,304.0,1068300,-1.0,-1.0,-1.0
2024/12/17,289.0,309.3333333333333,267.0,299.0,4524300,-1.0,-1.0,-1.0
2024/12/18,301.3333333333333,323.3333333333333,297.3333333333333,319.0,1722900,-1.0,-1.0,-1.0
2024/12/19,314.0,325.0,311.0,322.0,971100,-1.0,-1.0,-1.0
2024/12/20,318.3333333333333,318.66666666666663,309.0,315.3333333333333,905700,-1.0,-1.0,-1.0
2024/12/23,320.3333333333333,346.3333333333333,320.3333333333333,341.66666666666663,1876800,-1.0,-1.0,-1.0
2024/12/24,341.66666666666663,347.3333333333333,336.3333333333333,342.3333333333333,1009800,-1.0,-1.0,-1.0
2024/12/25,343.0,343.0,318.0,322.0,1110900,-1.0,-1.0,-1.0
2024/12/26,320.3333333333333,331.66666666666663,318.3333333333333,326.0,988800,-1.0,-1.0,-1.0
2024/12/27,329.3333333333333,336.66666666666663,323.3333333333333,325.0,853200,-1.0,-1.0,-1.0
2024/12/30,324.0,335.0,320.0,330.0,826200,-1.0,-1.0,-1.0
2025/01/06,336.66666666666663,338.3333333333333,317.66666666666663,317.66666666666663,729600,-1.0,-1.0,-1.0
2025/01/07,313.0,317.3333333333333,301.3333333333333,304.66666666666663,1057500,-1.0,-1.0,-1.0
2025/01/08,294.66666666666663,303.0,291.66666666666663,300.3333333333333,931800,-1.0,-1.0,-1.0
2025/01/09,299.3333333333333,304.3333333333333,296.0,303.66666666666663,640500,-1.0,-1.0,-1.0
2025/01/10,303.3333333333333,310.66666666666663,296.0,296.0,448200,-1.0,-1.0,-1.0
2025/01/14,293.66666666666663,308.66666666666663,293.3333333333333,305.0,786300,-1.0,-1.0,-1.0
2025/01/15,303.0,303.0,292.3333333333333,295.3333333333333,470100,-1.0,-1.0,-1.0
2025/01/16,296.0,296.0,288.66666666666663,295.3333333333333,512400,-1.0,-1.0,-1.0
2025/01/17,294.3333333333333,298.3333333333333,289.66666666666663,298.3333333333333,306900,-1.0,-1.0,-1.0
2025/01/20,299.3333333333333,301.66666666666663,296.0,296.66666666666663,452100,-1.0,-1.0,-1.0
2025/01/21,300.0,316.0,300.0,312.66666666666663,1039200,-1.0,-1.0,-1.0
2025/01/22,310.66666666666663,310.66666666666663,294.66666666666663,298.66666666666663,921600,-1.0,-1.0,-1.0
2025/01/23,300.0,304.66666666666663,297.3333333333333,304.3333333333333,480300,-1.0,-1.0,-1.0
2025/01/24,302.66666666666663,311.3333333333333,297.3333333333333,309.66666666666663,493500,-1.0,-1.0,-1.0
2025/01/27,312.3333333333333,317.3333333333333,300.0,302.0,567000,-1.0,-1.0,-1.0
2025/01/28,303.3333333333333,311.66666666666663,302.66666666666663,308.0,631800,-1.0,-1.0,-1.0
2025/01/29,303.0,305.0,297.66666666666663,305.0,822900,-1.0,-1.0,-1.0
2025/01/30,302.0,309.0,297.3333333333333,300.3333333333333,556200,-1.0,-1.0,-1.0
2025/01/31,298.3333333333333,302.66666666666663,297.66666666666663,300.0,314700,-1.0,-1.0,-1.0
2025/02/03,301.0,301.0,290.3333333333333,290.3333333333333,453600,-1.0,-1.0,-1.0
2025/02/04,293.3333333333333,299.66666666666663,289.0,293.0,419100,-1.0,-1.0,-1.0
2025/02/05,290.66666666666663,292.66666666666663,285.66666666666663,290.66666666666663,363000,-1.0,-1.0,-1.0
2025/02/06,290.0,296.66666666666663,290.0,294.0,269700,-1.0,-1.0,-1.0
2025/02/07,295.3333333333333,316.3333333333333,295.3333333333333,308.66666666666663,781800,-1.0,-1.0,-1.0
2025/02/10,308.66666666666663,314.66666666666663,304.66666666666663,312.66666666666663,426600,-1.0,-1.0,-1.0
2025/02/12,319.0,329.0,316.0,328.3333333333333,660600,-1.0,-1.0,-1.0
2025/02/13,328.3333333333333,331.0,322.66666666666663,326.0,339300,-1.0,-1.0,-1.0
2025/02/14,327.3333333333333,337.0,325.3333333333333,326.66666666666663,630600,-1.0,-1.0,-1.0
2025/02/17,326.66666666666663,336.66666666666663,325.66666666666663,330.66666666666663,405300,-1.0,-1.0,-1.0
2025/02/18,380.66666666666663,380.66666666666663,380.66666666666663,380.66666666666663,190500,-1.0,-1.0,-1.0
2025/02/19,381.0,383.0,341.0,361.66666666666663,4287300,-1.0,-1.0,-1.0
2025/02/20,362.0,387.0,357.66666666666663,387.0,1743300,-1.0,-1.0,-1.0
2025/02/21,392.66666666666663,396.3333333333333,367.0,373.0,1776600,-1.0,-1.0,-1.0
2025/02/25,371.3333333333333,382.66666666666663,367.3333333333333,375.3333333333333,1155900,-1.0,-1.0,-1.0
2025/02/26,367.3333333333333,367.66666666666663,349.0,356.3333333333333,1135500,-1.0,-1.0,-1.0
2025/02/27,346.3333333333333,353.3333333333333,341.66666666666663,344.0,884400,-1.0,-1.0,-1.0
2025/02/28,346.3333333333333,354.0,340.0,349.3333333333333,860400,-1.0,-1.0,-1.0
2025/03/03,352.0,356.0,344.66666666666663,356.0,837000,-1.0,-1.0,-1.0
2025/03/04,355.66666666666663,362.3333333333333,346.0,357.0,925200,-1.0,-1.0,-1.0
2025/03/05,356.3333333333333,365.3333333333333,347.3333333333333,363.3333333333333,1021500,-1.0,-1.0,-1.0
2025/03/06,364.3333333333333,369.3333333333333,358.3333333333333,367.3333333333333,986400,-1.0,-1.0,-1.0
2025/03/07,365.0,371.3333333333333,351.0,353.3333333333333,1077600,-1.0,-1.0,-1.0
2025/03/10,354.66666666666663,359.66666666666663,345.3333333333333,354.0,760800,-1.0,-1.0,-1.0
2025/03/11,336.0,347.0,329.0,344.66666666666663,1329600,-1.0,-1.0,-1.0
2025/03/12,339.3333333333333,347.3333333333333,339.0,342.0,587700,-1.0,-1.0,-1.0
2025/03/13,346.3333333333333,347.66666666666663,334.66666666666663,341.3333333333333,548400,-1.0,-1.0,-1.0
2025/03/14,349.3333333333333,372.3333333333333,344.66666666666663,370.3333333333333,1520700,-1.0,-1.0,-1.0
2025/03/17,370.66666666666663,374.0,363.0,369.66666666666663,1579200,-1.0,-1.0,-1.0
2025/03/18,350.0,431.3333333333333,342.0,413.66666666666663,6919500,-1.0,-1.0,-1.0
2025/03/19,416.66666666666663,435.0,406.66666666666663,413.3333333333333,3351600,-1.0,-1.0,-1.0
2025/03/21,412.66666666666663,428.3333333333333,410.0,425.0,1730700,-1.0,-1.0,-1.0
2025/03/24,435.0,444.0,411.66666666666663,416.3333333333333,1572000,-1.0,-1.0,-1.0
2025/03/25,423.3333333333333,423.66666666666663,395.66666666666663,397.66666666666663,1035300,-1.0,-1.0,-1.0
2025/03/26,404.0,415.3333333333333,398.3333333333333,399.3333333333333,677400,-1.0,-1.0,-1.0
2025/03/27,396.66666666666663,398.3333333333333,384.3333333333333,392.0,900000,-1.0,-1.0,-1.0
2025/03/28,391.0,395.3333333333333,385.0,388.0,393300,-1.0,-1.0,-1.0
2025/03/31,383.0,389.0,370.3333333333333,375.0,1374000,-1.0,-1.0,-1.0
2025/04/01,380.3333333333333,380.3333333333333,358.66666666666663,361.3333333333333,921900,-1.0,-1.0,-1.0
2025/04/02,368.0,368.0,351.3333333333333,355.0,574500,-1.0,-1.0,-1.0
2025/04/03,337.66666666666663,351.66666666666663,336.3333333333333,349.66666666666663,757500,-1.0,-1.0,-1.0
2025/04/04,344.0,348.3333333333333,314.66666666666663,330.3333333333333,1246200,-1.0,-1.0,-1.0
2025/04/07,307.0,312.66666666666663,289.3333333333333,292.0,1330800,-1.0,-1.0,-1.0
2025/04/08,327.0,341.66666666666663,323.3333333333333,331.0,1195800,-1.0,-1.0,-1.0
2025/04/09,326.0,344.66666666666663,318.66666666666663,340.66666666666663,1149600,-1.0,-1.0,-1.0
2025/04/10,370.3333333333333,371.3333333333333,353.0,360.3333333333333,1095300,-1.0,-1.0,-1.0
2025/04/11,356.66666666666663,375.0,350.66666666666663,371.3333333333333,747300,-1.0,-1.0,-1.0
2025/04/14,376.66666666666663,394.0,373.3333333333333,385.0,649200,-1.0,-1.0,-1.0
2025/04/15,385.0,390.3333333333333,378.66666666666663,380.0,378000,-1.0,-1.0,-1.0
2025/04/16,384.66666666666663,388.0,375.66666666666663,379.66666666666663,356100,-1.0,-1.0,-1.0
2025/04/17,382.3333333333333,395.0,381.66666666666663,384.66666666666663,447600,-1.0,-1.0,-1.0
2025/04/18,385.3333333333333,401.3333333333333,381.66666666666663,399.0,537900,-1.0,-1.0,-1.0
2025/04/21,394.3333333333333,401.3333333333333,388.3333333333333,396.3333333333333,436800,-1.0,-1.0,-1.0
2025/04/22,392.66666666666663,402.3333333333333,388.66666666666663,391.3333333333333,486300,-1.0,-1.0,-1.0
2025/04/23,398.3333333333333,404.0,391.0,391.3333333333333,470400,-1.0,-1.0,-1.0
2025/04/24,392.66666666666663,399.0,383.3333333333333,387.0,451800,-1.0,-1.0,-1.0
2025/04/25,387.0,409.0,384.66666666666663,403.3333333333333,943800,-1.0,-1.0,-1.0
2025/04/28,405.3333333333333,431.0,405.0,420.66666666666663,1267800,-1.0,-1.0,-1.0
2025/04/30,417.66666666666663,429.66666666666663,407.66666666666663,416.0,975300,-1.0,-1.0,-1.0
2025/05/01,414.3333333333333,423.66666666666663,411.3333333333333,423.0,435000,-1.0,-1.0,-1.0
2025/05/02,417.66666666666663,421.0,399.0,407.0,816600,-1.0,-1.0,-1.0
2025/05/07,411.0,416.0,403.66666666666663,412.3333333333333,325800,-1.0,-1.0,-1.0
2025/05/08,412.3333333333333,417.3333333333333,408.3333333333333,414.0,368100,-1.0,-1.0,-1.0
2025/05/09,414.0,429.0,413.3333333333333,427.3333333333333,492600,-1.0,-1.0,-1.0
2025/05/12,430.66666666666663,437.0,424.3333333333333,435.3333333333333,489300,-1.0,-1.0,-1.0
2025/05/13,439.0,441.66666666666663,427.66666666666663,438.0,608400,-1.0,-1.0,-1.0
2025/05/14,444.66666666666663,461.3333333333333,444.66666666666663,448.66666666666663,817200,-1.0,-1.0,-1.0
2025/05/15,447.3333333333333,457.66666666666663,446.66666666666663,454.66666666666663,411000,-1.0,-1.0,-1.0
2025/05/16,457.3333333333333,463.0,450.3333333333333,453.0,628500,-1.0,-1.0,-1.0
2025/05/19,460.66666666666663,464.3333333333333,441.66666666666663,450.3333333333333,747300,-1.0,-1.0,-1.0
2025/05/20,451.66666666666663,461.66666666666663,450.66666666666663,455.3333333333333,549000,-1.0,-1.0,-1.0
2025/05/21,456.66666666666663,457.0,421.0,424.0,1209000,-1.0,-1.0,-1.0
2025/05/22,424.66666666666663,426.3333333333333,419.3333333333333,424.0,513900,-1.0,-1.0,-1.0
2025/05/23,433.3333333333333,436.0,419.0,420.3333333333333,538800,-1.0,-1.0,-1.0
2025/05/26,424.66666666666663,444.0,422.3333333333333,435.66666666666663,810300,-1.0,-1.0,-1.0
2025/05/27,441.66666666666663,443.0,434.66666666666663,443.0,434400,-1.0,-1.0,-1.0
2025/05/28,441.66666666666663,449.0,434.3333333333333,445.3333333333333,566400,-1.0,-1.0,-1.0
2025/05/29,445.0,446.66666666666663,440.0,442.0,436200,-1.0,-1.0,-1.0
2025/05/30,441.66666666666663,456.66666666666663,435.0,455.3333333333333,525900,-1.0,-1.0,-1.0
2025/06/02,505.3333333333333,506.66666666666663,476.66666666666663,484.0,2388900,-1.0,-1.0,-1.0
2025/06/03,486.66666666666663,508.66666666666663,477.3333333333333,494.66666666666663,1410600,-1.0,-1.0,-1.0
2025/06/04,490.0,495.0,482.0,484.66666666666663,663000,-1.0,-1.0,-1.0
2025/06/05,490.0,491.3333333333333,473.3333333333333,477.66666666666663,539700,-1.0,-1.0,-1.0
2025/06/06,474.3333333333333,480.3333333333333,465.0,473.0,594600,-1.0,-1.0,-1.0
2025/06/09,479.0,480.3333333333333,468.0,473.66666666666663,454500,-1.0,-1.0,-1.0
2025/06/10,473.0,480.3333333333333,468.66666666666663,476.66666666666663,498900,-1.0,-1.0,-1.0
2025/06/11,471.66666666666663,485.3333333333333,466.3333333333333,483.3333333333333,730500,-1.0,-1.0,-1.0
2025/06/12,475.0,484.66666666666663,472.66666666666663,484.0,681900,-1.0,-1.0,-1.0
2025/06/13,486.0,487.66666666666663,465.66666666666663,469.66666666666663,832200,-1.0,-1.0,-1.0
2025/06/16,483.66666666666663,489.66666666666663,473.3333333333333,488.66666666666663,1859700,-1.0,-1.0,-1.0
2025/06/17,569.6666666666666,588.6666666666666,568.0,588.6666666666666,5466300,-1.0,-1.0,-1.0
2025/06/18,586.6666666666666,644.3333333333333,567.3333333333333,570.3333333333333,4997400,-1.0,-1.0,-1.0
2025/06/19,574.0,591.0,574.0,580.3333333333333,1238100,-1.0,-1.0,-1.0
2025/06/20,577.0,581.3333333333333,572.6666666666666,579.6666666666666,945900,-1.0,-1.0,-1.0
2025/06/23,575.0,580.3333333333333,573.0,576.0,875100,-1.0,-1.0,-1.0
2025/06/24,575.6666666666666,576.6666666666666,567.0,572.0,1215000,-1.0,-1.0,-1.0
2025/06/25,568.0,568.0,563.0,565.6666666666666,1005000,-1.0,-1.0,-1.0
2025/06/26,562.6666666666666,564.3333333333333,560.0,562.0,1244400,-1.0,-1.0,-1.0
2025/06/27,561.0,562.0,559.6666666666666,560.0,1687800,-1.0,-1.0,-1.0
2025/06/30,559.3333333333333,566.0,559.0,561.3333333333333,2187600,-1.0,-1.0,-1.0
2025/07/01,561.0,562.0,560.0,560.0,1067700,-1.0,-1.0,-1.0
2025/07/02,560.0,560.6666666666666,559.6666666666666,560.0,1717200,-1.0,-1.0,-1.0
2025/07/03,560.0,561.0,559.6666666666666,559.6666666666666,903600,-1.0,-1.0,-1.0
2025/07/04,560.6666666666666,560.6666666666666,559.3333333333333,559.3333333333333,1324500,-1.0,-1.0,-1.0
2025/07/07,559.6666666666666,560.6666666666666,559.6666666666666,559.6666666666666,674400,-1.0,-1.0,-1.0
2025/07/08,559.6666666666666,561.0,559.3333333333333,560.3333333333333,787800,-1.0,-1.0,-1.0
2025/07/09,561.0,567.6666666666666,560.6666666666666,564.3333333333333,906300,-1.0,-1.0,-1.0
2025/07/10,565.0,565.6666666666666,560.0,560.3333333333333,583800,-1.0,-1.0,-1.0
2025/07/11,560.3333333333333,561.3333333333333,559.6666666666666,559.6666666666666,758100,-1.0,-1.0,-1.0
2025/07/14,559.6666666666666,560.0,559.0,559.0,920700,-1.0,-1.0,-1.0
2025/07/15,559.3333333333333,559.6666666666666,558.3333333333333,558.6666666666666,1585200,-1.0,-1.0,-1.0
2025/07/16,558.6666666666666,559.3333333333333,558.3333333333333,558.6666666666666,1472700,-1.0,-1.0,-1.0
2025/07/17,558.6666666666666,559.6666666666666,558.6666666666666,559.0,832800,-1.0,-1.0,-1.0
2025/07/18,559.0,560.0,559.0,559.3333333333333,518400,-1.0,-1.0,-1.0
2025/07/22,559.6666666666666,560.0,559.3333333333333,559.3333333333333,689100,-1.0,-1.0,-1.0
2025/07/23,559.3333333333333,559.6666666666666,559.0,559.0,960300,-1.0,-1.0,-1.0
2025/07/24,559.3333333333333,559.6666666666666,559.0,559.0,659700,-1.0,-1.0,-1.0
2025/07/25,559.0,559.6666666666666,559.0,559.6666666666666,549900,-1.0,-1.0,-1.0
2025/07/28,559.3333333333333,559.6666666666666,559.0,559.0,394200,-1.0,-1.0,-1.0
2025/07/29,559.3333333333333,559.6666666666666,559.3333333333333,559.6666666666666,402900,-1.0,-1.0,-1.0
2025/07/30,559.3333333333333,566.6666666666666,559.3333333333333,562.3333333333333,1263300,-1.0,-1.0,-1.0
2025/07/31,561.6666666666666,562.6666666666666,559.3333333333333,559.3333333333333,338100,-1.0,-1.0,-1.0
2025/08/01,557.0,559.3333333333333,555.0,557.6666666666666,716400,-1.0,-1.0,-1.0
2025/08/04,556.0,558.3333333333333,556.0,556.3333333333333,713100,-1.0,-1.0,-1.0
2025/08/05,546.6666666666666,560.3333333333333,518.0,526.3333333333333,5674800,-1.0,-1.0,-1.0
2025/08/06,531.6666666666666,578.0,531.6666666666666,558.0,4882200,-1.0,-1.0,-1.0
2025/08/07,559.6666666666666,580.6666666666666,545.6666666666666,574.6666666666666,2504700,-1.0,-1.0,-1.0
2025/08/08,577.6666666666666,621.3333333333333,576.3333333333333,608.6666666666666,3741300,-1.0,-1.0,-1.0
2025/08/12,622.0,664.0,601.6666666666666,613.0,3051600,-1.0,-1.0,-1.0
2025/08/13,613.3333333333333,639.3333333333333,600.0,610.3333333333333,2381400,-1.0,-1.0,-1.0
2025/08/14,598.6666666666666,613.0,583.6666666666666,590.3333333333333,1333200,-1.0,-1.0,-1.0
2025/08/15,590.3333333333333,602.6666666666666,561.6666666666666,586.6666666666666,1505100,-1.0,-1.0,-1.0
2025/08/18,600.0,610.3333333333333,563.3333333333333,567.0,1607400,-1.0,-1.0,-1.0
2025/08/19,568.0,577.0,554.0,567.0,1786500,-1.0,-1.0,-1.0
2025/08/20,566.6666666666666,566.6666666666666,551.6666666666666,560.3333333333333,836100,-1.0,-1.0,-1.0
2025/08/21,572.3333333333333,578.0,538.3333333333333,573.3333333333333,2418300,-1.0,-1.0,-1.0
2025/08/22,578.6666666666666,587.3333333333333,546.0,547.3333333333333,1434300,-1.0,-1.0,-1.0
2025/08/25,550.3333333333333,561.6666666666666,541.0,550.3333333333333,1066800,-1.0,-1.0,-1.0
2025/08/26,549.3333333333333,550.0,532.0,538.3333333333333,1175400,-1.0,-1.0,-1.0
2025/08/27,537.0,544.3333333333333,532.0,540.6666666666666,796500,-1.0,-1.0,-1.0
2025/08/28,538.3333333333333,540.6666666666666,525.3333333333333,536.3333333333333,843300,-1.0,-1.0,-1.0
2025/08/29,536.3333333333333,557.6666666666666,535.0,551.3333333333333,601800,-1.0,-1.0,-1.0
2025/09/01,560.0,593.3333333333333,554.6666666666666,593.3333333333333,1646400,-1.0,-1.0,-1.0
2025/09/02,593.3333333333333,611.0,586.0,597.6666666666666,1263000,-1.0,-1.0,-1.0
2025/09/03,593.3333333333333,595.3333333333333,567.3333333333333,568.6666666666666,750600,-1.0,-1.0,-1.0
2025/09/04,569.0,576.6666666666666,559.6666666666666,574.6666666666666,276600,-1.0,-1.0,-1.0
2025/09/05,575.0,598.3333333333333,572.6666666666666,595.6666666666666,457800,-1.0,-1.0,-1.0
2025/09/08,601.3333333333333,608.6666666666666,588.0,594.6666666666666,432300,-1.0,-1.0,-1.0
2025/09/09,595.3333333333333,604.6666666666666,577.0,581.6666666666666,650400,-1.0,-1.0,-1.0
2025/09/10,585.0,593.3333333333333,570.3333333333333,579.3333333333333,572400,-1.0,-1.0,-1.0
2025/09/11,579.3333333333333,585.0,560.3333333333333,565.6666666666666,763200,-1.0,-1.0,-1.0
2025/09/12,567.3333333333333,582.6666666666666,565.0,582.6666666666666,640500,-1.0,-1.0,-1.0
2025/09/16,583.6666666666666,615.0,570.3333333333333,600.0,3639000,-1.0,-1.0,-1.0
2025/09/17,546.6666666666666,553.0,499.66666666666663,512.0,6394800,-1.0,-1.0,-1.0
2025/09/18,510.0,515.6666666666666,500.0,510.0,1679100,-1.0,-1.0,-1.0
2025/09/19,513.6666666666666,530.0,504.3333333333333,524.0,1637400,-1.0,-1.0,-1.0
2025/09/22,530.6666666666666,543.6666666666666,518.3333333333333,528.6666666666666,944700,-1.0,-1.0,-1.0
2025/09/24,534.0,538.0,525.6666666666666,537.3333333333333,768000,-1.0,-1.0,-1.0
2025/09/25,543.0,544.0,532.3333333333333,536.0,416100,-1.0,-1.0,-1.0
2025/09/26,536.6666666666666,541.6666666666666,528.3333333333333,532.6666666666666,668400,-1.0,-1.0,-1.0
2025/09/29,528.3333333333333,529.6666666666666,511.0,511.0,401400,-1.0,-1.0,-1.0
2025/09/30,513.3333333333333,518.3333333333333,507.3333333333333,507.66666666666663,311700,-1.0,-1.0,-1.0
2025/10/01,508.3333333333333,508.3333333333333,492.3333333333333,493.3333333333333,1101600,-1.0,-1.0,-1.0
2025/10/02,497.3333333333333,504.0,493.66666666666663,498.66666666666663,567600,-1.0,-1.0,-1.0
2025/10/03,498.3333333333333,531.6666666666666,498.3333333333333,524.0,682800,-1.0,-1.0,-1.0
2025/10/06,531.3333333333333,531.3333333333333,510.66666666666663,511.3333333333333,632700,-1.0,-1.0,-1.0
2025/10/07,510.3333333333333,513.3333333333333,495.0,498.3333333333333,513000,-1.0,-1.0,-1.0
2025/10/08,497.0,505.0,494.3333333333333,495.0,718500,-1.0,-1.0,-1.0
2025/10/09,497.3333333333333,499.3333333333333,493.3333333333333,494.3333333333333,469500,-1.0,-1.0,-1.0
2025/10/10,493.3333333333333,502.0,485.3333333333333,493.0,555600,-1.0,-1.0,-1.0
2025/10/14,483.3333333333333,497.66666666666663,481.66666666666663,493.3333333333333,919500,-1.0,-1.0,-1.0
2025/10/15,500.0,513.3333333333333,495.0,511.0,380700,-1.0,-1.0,-1.0
2025/10/16,504.66666666666663,515.6666666666666,497.3333333333333,499.66666666666663,444000,-1.0,-1.0,-1.0
2025/10/17,495.66666666666663,499.3333333333333,489.3333333333333,489.3333333333333,298800,-1.0,-1.0,-1.0
2025/10/20,496.0,504.0,493.66666666666663,496.0,291300,-1.0,-1.0,-1.0
2025/10/21,495.0,496.0,489.0,490.0,256500,-1.0,-1.0,-1.0
2025/10/22,490.0,510.0,490.0,507.66666666666663,211500,-1.0,-1.0,-1.0
2025/10/23,506.66666666666663,516.6666666666666,502.3333333333333,515.3333333333333,264900,-1.0,-1.0,-1.0
2025/10/24,509.0,512.6666666666666,497.66666666666663,501.66666666666663,227700,-1.0,-1.0,-1.0
2025/10/27,503.66666666666663,509.3333333333333,493.66666666666663,494.3333333333333,358200,-1.0,-1.0,-1.0
2025/10/28,492.3333333333333,492.3333333333333,478.0,480.0,514200,-1.0,-1.0,-1.0
2025/10/29,478.3333333333333,479.0,460.3333333333333,465.0,626700,-1.0,-1.0,-1.0
2025/10/30,471.66666666666663,475.3333333333333,462.3333333333333,475.0,369600,-1.0,-1.0,-1.0
2025/10/31,476.66666666666663,479.66666666666663,465.3333333333333,475.66666666666663,501300,-1.0,-1.0,-1.0
2025/11/04,481.0,481.0,464.3333333333333,467.66666666666663,299700,-1.0,-1.0,-1.0
2025/11/05,473.3333333333333,473.3333333333333,452.0,470.3333333333333,400800,-1.0,-1.0,-1.0
2025/11/06,473.0,476.0,468.3333333333333,470.0,169800,-1.0,-1.0,-1.0
2025/11/07,466.66666666666663,472.3333333333333,462.0,470.66666666666663,294000,-1.0,-1.0,-1.0
2025/11/10,473.3333333333333,477.66666666666663,467.3333333333333,467.3333333333333,192300,-1.0,-1.0,-1.0
2025/11/11,471.66666666666663,473.3333333333333,461.66666666666663,463.3333333333333,258000,-1.0,-1.0,-1.0
2025/11/12,464.0,475.66666666666663,464.0,466.66666666666663,293400,-1.0,-1.0,-1.0
2025/11/13,470.0,471.3333333333333,460.66666666666663,463.3333333333333,271200,-1.0,-1.0,-1.0
2025/11/14,460.3333333333333,473.0,458.0,461.0,480300,-1.0,-1.0,-1.0
2025/11/17,458.66666666666663,464.0,451.66666666666663,461.3333333333333,343200,-1.0,-1.0,-1.0
2025/11/18,457.3333333333333,459.0,440.66666666666663,441.0,329400,-1.0,-1.0,-1.0
2025/11/19,448.66666666666663,449.3333333333333,436.66666666666663,445.66666666666663,303900,-1.0,-1.0,-1.0
2025/11/20,450.0,458.3333333333333,443.3333333333333,448.0,404700,-1.0,-1.0,-1.0
2025/11/21,442.0,455.3333333333333,442.0,455.0,279900,-1.0,-1.0,-1.0
2025/11/25,456.66666666666663,459.66666666666663,433.3333333333333,438.0,644700,-1.0,-1.0,-1.0
2025/11/26,450.0,458.0,442.0,454.66666666666663,669900,-1.0,-1.0,-1.0
2025/11/27,450.66666666666663,458.3333333333333,450.3333333333333,458.3333333333333,162600,-1.0,-1.0,-1.0
2025/11/28,459.0,462.66666666666663,451.0,455.3333333333333,347700,-1.0,-1.0,-1.0
2025/12/01,457.0,458.3333333333333,443.66666666666663,448.0,268500,-1.0,-1.0,-1.0
2025/12/02,447.3333333333333,447.66666666666663,439.3333333333333,440.3333333333333,189600,-1.0,-1.0,-1.0
2025/12/03,446.66666666666663,447.66666666666663,439.66666666666663,441.66666666666663,372900,-1.0,-1.0,-1.0
2025/12/04,441.66666666666663,448.3333333333333,441.66666666666663,448.3333333333333,200700,-1.0,-1.0,-1.0
2025/12/05,447.3333333333333,449.66666666666663,442.3333333333333,442.66666666666663,259200,-1.0,-1.0,-1.0
2025/12/08,441.66666666666663,446.3333333333333,439.0,445.0,166500,-1.0,-1.0,-1.0
2025/12/09,443.3333333333333,448.0,436.3333333333333,436.66666666666663,489300,-1.0,-1.0,-1.0
2025/12/10,439.0,468.0,439.0,450.0,868500,-1.0,-1.0,-1.0
2025/12/11,450.0,450.66666666666663,431.66666666666663,433.66666666666663,456900,-1.0,-1.0,-1.0
2025/12/12,441.66666666666663,448.66666666666663,438.0,448.0,353700,-1.0,-1.0,-1.0
2025/12/15,439.66666666666663,451.3333333333333,431.66666666666663,435.0,1094100,-1.0,-1.0,-1.0
2025/12/16,531.6666666666666,535.0,493.0,518.0,9873000,-1.0,-1.0,-1.0
2025/12/17,524.0,571.0,523.6666666666666,549.6666666666666,5440800,-1.0,-1.0,-1.0
2025/12/18,539.6666666666666,561.6666666666666,535.0,537.6666666666666,1505400,-1.0,-1.0,-1.0
2025/12/19,538.3333333333333,544.3333333333333,524.6666666666666,540.6666666666666,1151700,-1.0,-1.0,-1.0
2025/12/22,541.3333333333333,550.6666666666666,532.3333333333333,534.6666666666666,705300,-1.0,-1.0,-1.0
2025/12/23,534.6666666666666,552.3333333333333,534.0,551.0,574800,-1.0,-1.0,-1.0
2025/12/24,546.3333333333333,546.3333333333333,533.3333333333333,540.0,583200,-1.0,-1.0,-1.0
2025/12/25,540.0,569.6666666666666,536.3333333333333,556.0,1043700,-1.0,-1.0,-1.0
2025/12/26,561.6666666666666,600.0,556.3333333333333,575.0,1643400,-1.0,-1.0,-1.0
2025/12/29,572.3333333333333,584.3333333333333,562.6666666666666,572.6666666666666,574800,-1.0,-1.0,-1.0
2025/12/30,571.6666666666666,571.6666666666666,543.3333333333333,547.3333333333333,696000,-1.0,-1.0,-1.0
2026/01/05,549.6666666666666,553.3333333333333,530.0,539.0,701700,-1.0,-1.0,-1.0
2026/01/06,540.6666666666666,553.6666666666666,534.0,540.0,408000,-1.0,-1.0,-1.0
2026/01/07,541.0,543.3333333333333,527.0,532.0,433500,-1.0,-1.0,-1.0
2026/01/08,534.6666666666666,541.3333333333333,526.6666666666666,537.6666666666666,261000,-1.0,-1.0,-1.0
2026/01/09,539.0,545.6666666666666,533.3333333333333,534.6666666666666,265500,-1.0,-1.0,-1.0
2026/01/13,535.3333333333333,540.3333333333333,520.3333333333333,529.3333333333333,481200,-1.0,-1.0,-1.0
2026/01/14,535.3333333333333,547.3333333333333,533.3333333333333,541.6666666666666,340200,-1.0,-1.0,-1.0
2026/01/15,547.3333333333333,550.0,535.3333333333333,538.6666666666666,361200,-1.0,-1.0,-1.0
2026/01/16,538.6666666666666,540.6666666666666,524.3333333333333,525.0,486600,-1.0,-1.0,-1.0
2026/01/19,530.3333333333333,532.6666666666666,524.0,527.0,398400,-1.0,-1.0,-1.0
2026/01/20,530.0,530.6666666666666,518.6666666666666,522.0,311100,-1.0,-1.0,-1.0
2026/01/21,514.0,514.6666666666666,501.3333333333333,505.3333333333333,555600,-1.0,-1.0,-1.0
2026/01/22,511.66666666666663,532.3333333333333,508.3333333333333,522.0,543000,-1.0,-1.0,-1.0
2026/01/23,529.3333333333333,552.6666666666666,526.6666666666666,549.0,754800,-1.0,-1.0,-1.0
2026/01/26,541.6666666666666,541.6666666666666,507.66666666666663,510.66666666666663,720300,-1.0,-1.0,-1.0
2026/01/27,513.0,524.0,507.0,508.3333333333333,763500,-1.0,-1.0,-1.0
2026/01/28,513.6666666666666,518.6666666666666,505.0,507.66666666666663,1641600,-1.0,-1.0,-1.0
2026/01/29,504.66666666666663,504.66666666666663,486.66666666666663,495.66666666666663,836100,-1.0,-1.0,-1.0
2026/01/30,496.66666666666663,507.0,485.3333333333333,489.66666666666663,366000,-1.0,-1.0,-1.0
2026/02/02,489.3333333333333,518.0,472.66666666666663,474.66666666666663,785100,-1.0,-1.0,-1.0
2026/02/03,484.66666666666663,486.3333333333333,474.0,477.0,339600,-1.0,-1.0,-1.0
2026/02/04,471.3333333333333,473.0,453.66666666666663,455.66666666666663,662100,-1.0,-1.0,-1.0
2026/02/05,451.0,467.66666666666663,445.66666666666663,463.0,381000,-1.0,-1.0,-1.0
2026/02/06,459.3333333333333,474.0,457.0,470.66666666666663,318900,-1.0,-1.0,-1.0
2026/02/09,480.66666666666663,481.0,473.3333333333333,479.0,236400,-1.0,-1.0,-1.0
2026/02/10,476.66666666666663,499.3333333333333,474.3333333333333,493.66666666666663,320700,-1.0,-1.0,-1.0
2026/02/12,487.66666666666663,494.3333333333333,467.0,471.66666666666663,464100,-1.0,-1.0,-1.0
2026/02/13,463.3333333333333,468.66666666666663,450.3333333333333,452.0,511200,-1.0,-1.0,-1.0
2026/02/16,454.0,471.0,453.0,471.0,315600,-1.0,-1.0,-1.0
2026/02/17,471.0,479.3333333333333,465.3333333333333,468.0,429300,-1.0,-1.0,-1.0
2026/02/18,469.3333333333333,476.66666666666663,462.0,469.66666666666663,262800,-1.0,-1.0,-1.0
2026/02/19,466.66666666666663,466.66666666666663,446.3333333333333,447.3333333333333,914700,-1.0,-1.0,-1.0
2026/02/20,445.3333333333333,446.66666666666663,433.3333333333333,434.66666666666663,546300,-1.0,-1.0,-1.0
2026/02/24,428.3333333333333,432.3333333333333,410.3333333333333,420.3333333333333,852300,-1.0,-1.0,-1.0
2026/02/25,417.66666666666663,420.3333333333333,411.0,413.3333333333333,648000,-1.0,-1.0,-1.0
2026/02/26,417.0,435.66666666666663,414.0,432.3333333333333,339000,-1.0,-1.0,-1.0
2026/02/27,442.3333333333333,446.3333333333333,434.0,442.3333333333333,464700,-1.0,-1.0,-1.0
2026/03/02,425.3333333333333,426.3333333333333,415.3333333333333,422.3333333333333,468900,-1.0,-1.0,-1.0
2026/03/02,425.3333333333333,426.3333333333333,415.3333333333333,422.3333333333333,468900,-1.0,-1.0,-1.0
2026/03/02,425.3333333333333,426.3333333333333,415.3333333333333,422.3333333333333,468900,-1.0,-1.0,-1.0
2026/03/02,425.3333333333333,426.3333333333333,415.3333333333333,422.3333333333333,468900,-1.0,-1.0,-1.0
2026/03/03,422.66666666666663,423.66666666666663,408.3333333333333,408.3333333333333,382800,-1.0,-1.0,-1.0
2026/03/04,398.3333333333333,404.3333333333333,385.0,387.3333333333333,1035900,-1.0,-1.0,-1.0
2026/03/05,402.3333333333333,408.0,398.3333333333333,402.0,345300,-1.0,-1.0,-1.0
2026/03/06,410.3333333333333,424.3333333333333,407.3333333333333,419.0,398100,-1.0,-1.0,-1.0
2026/03/09,400.3333333333333,408.3333333333333,396.66666666666663,405.0,600900,-1.0,-1.0,-1.0
2026/03/10,415.0,425.3333333333333,409.3333333333333,425.0,441600,-1.0,-1.0,-1.0
2026/03/11,428.3333333333333,428.3333333333333,420.3333333333333,423.3333333333333,259200,-1.0,-1.0,-1.0
2026/03/12,421.0,421.0,404.0,408.0,477900,-1.0,-1.0,-1.0
2026/03/13,401.66666666666663,412.66666666666663,400.66666666666663,411.66666666666663,215100,-1.0,-1.0,-1.0
2026/03/16,413.3333333333333,423.3333333333333,413.3333333333333,423.0,322200,-1.0,-1.0,-1.0
2026/03/17,423.3333333333333,427.0,410.66666666666663,420.3333333333333,1364400,-1.0,-1.0,-1.0
2026/03/18,380.3333333333333,386.3333333333333,367.66666666666663,371.3333333333333,2600100,-1.0,-1.0,-1.0
2026/03/19,363.3333333333333,363.3333333333333,349.0,349.66666666666663,1217400,-1.0,-1.0,-1.0
2026/03/23,339.66666666666663,359.0,335.3333333333333,348.66666666666663,1317000,-1.0,-1.0,-1.0
2026/03/24,355.3333333333333,364.66666666666663,355.3333333333333,362.3333333333333,543300,-1.0,-1.0,-1.0
2026/03/25,365.3333333333333,372.0,364.0,371.0,831900,-1.0,-1.0,-1.0
2026/03/26,366.66666666666663,373.0,362.66666666666663,368.0,453900,-1.0,-1.0,-1.0
2026/03/27,375.66666666666663,380.66666666666663,371.0,379.66666666666663,586200,-1.0,-1.0,-1.0
2026/03/30,369.66666666666663,388.3333333333333,364.3333333333333,383.3333333333333,735000,-1.0,-1.0,-1.0
2026/03/31,386.3333333333333,407.3333333333333,386.0,392.66666666666663,802800,-1.0,-1.0,-1.0
2026/04/01,407.66666666666663,408.3333333333333,401.66666666666663,408.3333333333333,465000,-1.0,-1.0,-1.0
2026/04/02,411.66666666666663,414.3333333333333,402.3333333333333,405.3333333333333,319500,-1.0,-1.0,-1.0
2026/04/03,411.3333333333333,426.0,409.3333333333333,420.3333333333333,528900,-1.0,-1.0,-1.0
2026/04/06,421.66666666666663,447.3333333333333,421.66666666666663,445.0,552900,-1.0,-1.0,-1.0
2026/04/07,443.3333333333333,451.3333333333333,434.66666666666663,434.66666666666663,375900,-1.0,-1.0,-1.0
2026/04/08,442.0,443.0,434.66666666666663,439.0,309300,-1.0,-1.0,-1.0
2026/04/09,440.66666666666663,440.66666666666663,433.66666666666663,433.66666666666663,271800,-1.0,-1.0,-1.0
2026/04/10,433.66666666666663,440.3333333333333,427.0,427.0,427200,-1.0,-1.0,-1.0
2026/04/13,426.66666666666663,426.66666666666663,417.0,418.66666666666663,158100,-1.0,-1.0,-1.0
2026/04/14,423.0,429.66666666666663,421.66666666666663,426.0,121200,-1.0,-1.0,-1.0
2026/04/15,430.0,435.66666666666663,425.0,426.0,171900,-1.0,-1.0,-1.0
2026/04/16,436.0,441.0,427.66666666666663,434.3333333333333,206100,-1.0,-1.0,-1.0
2026/04/17,435.66666666666663,446.0,435.3333333333333,446.0,220800,-1.0,-1.0,-1.0
2026/04/20,446.66666666666663,449.3333333333333,441.0,441.0,185400,-1.0,-1.0,-1.0
2026/04/21,444.66666666666663,445.66666666666663,440.3333333333333,443.66666666666663,163200,-1.0,-1.0,-1.0
2026/04/22,443.66666666666663,449.0,443.3333333333333,445.66666666666663,160500,-1.0,-1.0,-1.0
2026/04/23,447.0,449.0,439.3333333333333,441.3333333333333,195900,-1.0,-1.0,-1.0
2026/04/24,443.66666666666663,451.3333333333333,443.66666666666663,444.0,273000,-1.0,-1.0,-1.0
2026/04/27,446.0,457.66666666666663,446.0,446.66666666666663,289200,-1.0,-1.0,-1.0
2026/04/28,448.0,451.0,441.0,448.0,162500,-1.0,-1.0,-1.0
2026/04/30,445.0,449.0,434.0,437.0,211300,-1.0,-1.0,-1.0
2026/05/01,435.0,450.0,435.0,445.0,156700,-1.0,-1.0,-1.0
2026/05/07,451.0,457.0,439.0,448.0,203700,-1.0,-1.0,-1.0
2026/05/08,451.0,471.0,451.0,460.0,246200,-1.0,-1.0,-1.0
2026/05/11,462.0,477.0,461.0,464.0,199200,-1.0,-1.0,-1.0
2026/05/12,465.0,465.0,456.0,462.0,91600,-1.0,-1.0,-1.0
2026/05/13,467.0,467.0,460.0,465.0,120900,-1.0,-1.0,-1.0
2026/05/14,461.0,471.0,459.0,467.0,221600,-1.0,-1.0,-1.0
2026/05/15,469.0,485.0,468.0,477.0,289300,-1.0,-1.0,-1.0
2026/05/18,477.0,480.0,471.0,476.0,309000,-1.0,-1.0,-1.0
2026/05/19,480.0,497.0,480.0,491.0,308000,-1.0,-1.0,-1.0
2026/05/20,490.0,490.0,473.0,476.0,403800,-1.0,-1.0,-1.0
2026/05/21,477.0,495.0,477.0,490.0,635100,-1.0,-1.0,-1.0
2026/05/22,495.0,498.0,489.0,496.0,263800,-1.0,-1.0,-1.0
2026/05/25,494.0,495.0,478.0,488.0,230500,-1.0,-1.0,-1.0
2026/05/26,488.0,502.0,486.0,495.0,218600,-1.0,-1.0,-1.0
2026/05/27,495.0,497.0,475.0,484.0,345400,-1.0,-1.0,-1.0
2026/05/28,488.0,492.0,476.0,488.0,303300,-1.0,-1.0,-1.0
2026/05/29,501.0,505.0,485.0,485.0,358600,-1.0,-1.0,-1.0
2026/06/01,493.0,498.0,486.0,498.0,349700,-1.0,-1.0,-1.0
2026/06/02,498.0,513.0,495.0,510.0,492100,-1.0,-1.0,-1.0
2026/06/03,510.0,510.0,483.0,490.0,240700,-1.0,-1.0,-1.0
2026/06/04,484.0,493.0,481.0,487.0,334200,-1.0,-1.0,-1.0
2026/06/05,498.0,502.0,487.0,489.0,268500,-1.0,-1.0,-1.0
2026/06/08,484.0,491.0,470.0,473.0,196500,-1.0,-1.0,-1.0
2026/06/09,471.0,471.0,426.0,427.0,441800,-1.0,-1.0,-1.0
2026/06/10,430.0,432.0,402.0,407.0,360900,-1.0,-1.0,-1.0
2026/06/11,400.0,409.0,393.0,409.0,228400,-1.0,-1.0,-1.0
2026/06/12,412.0,415.0,399.0,405.0,270600,-1.0,-1.0,-1.0
2026/06/15,409.0,418.0,400.0,405.0,460000,-1.0,-1.0,-1.0
2026/06/16,397.0,441.0,394.0,419.0,955200,-1.0,-1.0,-1.0
2026/06/17,415.0,499.0,378.0,417.0,4353900,-1.0,-1.0,-1.0
2026/06/18,402.0,405.0,368.0,370.0,1793400,-1.0,-1.0,-1.0
2026/06/19,371.0,381.0,360.0,371.0,1038800,-1.0,-1.0,-1.0
2026/06/22,371.0,396.0,367.0,377.0,998300,-1.0,-1.0,-1.0
2026/06/23,376.0,376.0,345.0,349.0,1488500,-1.0,-1.0,-1.0
2026/06/24,355.0,381.0,353.0,376.0,646300,-1.0,-1.0,-1.0
2026/06/25,384.0,384.0,370.0,375.0,320600,-1.0,-1.0,-1.0
2026/06/26,377.0,379.0,370.0,379.0,256000,-1.0,-1.0,-1.0
2026/06/29,387.0,401.0,379.0,396.0,374200,-1.0,-1.0,-1.0
2026/06/30,406.0,427.0,392.0,420.0,687900,-1.0,-1.0,-1.0
2026/07/01,406.0,414.0,393.0,397.0,369500,-1.0,-1.0,-1.0
2026/07/02,403.0,414.0,401.0,407.0,278200,-1.0,-1.0,-1.0
2026/07/03,415.0,422.0,411.0,420.0,186300,-1.0,-1.0,-1.0
2026/07/06,414.0,426.0,407.0,414.0,235200,-1.0,-1.0,-1.0
2026/07/07,414.0,431.0,414.0,421.0,207200,-1.0,-1.0,-1.0
2026/07/08,424.0,425.0,416.0,423.0,116800,-1.0,-1.0,-1.0
2026/07/09,417.0,426.0,407.0,414.0,189800,-1.0,-1.0,-1.0
2026/07/10,415.0,422.0,413.0,421.0,107400,-1.0,-1.0,-1.0
2026/07/13,424.0,424.0,411.0,416.0,148400,-1.0,-1.0,-1.0
2026/07/14,419.0,442.0,419.0,439.0,227500,-1.0,-1.0,-1.0
2026/07/15,436.0,440.0,415.0,424.0,263900,-1.0,-1.0,-1.0
2026/07/16,420.0,420.0,411.0,411.0,155300,-1.0,-1.0,-1.0
2026/07/17,411.0,420.0,408.0,412.0,298700,-1.0,-1.0,-1.0
2026/07/21,418.0,433.0,416.0,428.0,184000,-1.0,-1.0,-1.0
2026/07/22,427.0,440.0,426.0,436.0,155900,-1.0,-1.0,-1.0
2026/07/23,443.0,444.0,422.0,423.0,128600,-1.0,-1.0,-1.0
2026/07/24,415.0,424.0,411.0,421.0,116900,-1.0,-1.0,-1.0
2026/07/27,421.0,441.0,418.0,440.0,214200,-1.0,-1.0,-1.0
2026/07/28,435.0,442.0,426.0,432.0,207200,-1.0,-1.0,-1.0
2026/07/29,439.0,450.0,423.0,440.0,772600,-1.0,-1.0,-1.0
2026/07/30,440.0,442.0,415.0,415.0,542600,-1.0,-1.0,-1.0
2026/07/31,415.0,423.0,406.0,417.0,209200,-1.0,-1.0,-1.0
2026/08/03,416.0,416.0,400.0,402.0,227000,-1.0,-1.0,-1.0
2026/08/04,402.0,423.0,402.0,412.0,167100,-1.0,-1.0,-1.0
2026/08/05,420.0,430.0,417.0,428.0,144100,-1.0,-1.0,-1.0
2026/08/06,422.0,426.0,415.0,419.0,141700,-1.0,-1.0,-1.0
2026/08/07,420.0,423.0,417.0,418.0,111400,-1.0,-1.0,-1.0
2026/08/10,420.0,432.0,418.0,426.0,142000,-1.0,-1.0,-1.0
2026/08/12,423.0,437.0,423.0,434.0,202500,-1.0,-1.0,-1.0
2026/08/13,431.0,448.0,428.0,448.0,290600,-1.0,-1.0,-1.0
2026/08/14,449.0,461.0,438.0,461.0,263600,-1.0,-1.0,-1.0
2026/08/17,456.0,461.0,447.0,452.0,196200,-1.0,-1.0,-1.0
2026/08/18,457.0,457.0,436.0,446.0,205500,-1.0,-1.0,-1.0
2026/08/19,444.0,446.0,436.0,440.0,139300,-1.0,-1.0,-1.0
2026/08/20,447.0,459.0,440.0,459.0,109800,-1.0,-1.0,-1.0
2026/08/21,451.0,454.0,446.0,451.0,67700,-1.0,-1.0,-1.0
2026/08/24,457.0,460.0,447.0,449.0,74700,-1.0,-1.0,-1.0
2026/08/25,446.0,447.0,439.0,446.0,41400,-1.0,-1.0,-1.0
2026/08/26,447.0,463.0,447.0,451.0,206300,-1.0,-1.0,-1.0
2026/08/27,449.0,461.0,449.0,456.0,65200,-1.0,-1.0,-1.0
2026/08/28,456.0,478.0,456.0,475.0,206800,-1.0,-1.0,-1.0
2026/08/31,470.0,487.0,468.0,482.0,157400,-1.0,-1.0,-1.0
2026/09/01,477.0,480.0,473.0,474.0,109600,-1.0,-1.0,-1.0
2026/09/02,466.0,474.0,464.0,468.0,255600,-1.0,-1.0,-1.0
2026/09/03,468.0,475.0,465.0,474.0,174300,-1.0,-1.0,-1.0
2026/09/04,477.0,490.0,476.0,484.0,150200,-1.0,-1.0,-1.0
2026/09/07,481.0,492.0,480.0,490.0,197900,-1.0,-1.0,-1.0
2026/09/08,486.0,498.0,482.0,483.0,211100,-1.0,-1.0,-1.0
2026/09/09,480.0,489.0,478.0,481.0,164800,-1.0,-1.0,-1.0
2026/09/10,477.0,493.0,477.0,490.0,267000,-1.0,-1.0,-1.0
2026/09/11,490.0,496.0,472.0,476.0,234500,-1.0,-1.0,-1.0
2026/09/14,473.0,497.0,468.0,490.0,271100,-1.0,-1.0,-1.0
2026/09/15,480.0,496.0,450.0,491.0,1164600,-1.0,-1.0,-1.0
2026/09/16,490.0,519.0,484.0,514.0,371900,-1.0,-1.0,-1.0
2026/09/17,507.0,532.0,506.0,521.0,266200,-1.0,-1.0,-1.0
2026/09/18,519.0,528.0,505.0,521.0,340200,-1.0,-1.0,-1.0
2026/09/24,521.0,536.0,510.0,512.0,228400,-1.0,-1.0,-1.0
2026/09/25,512.0,516.0,505.0,508.0,212000,-1.0,-1.0,-1.0
2026/09/28,508.0,508.0,491.0,505.0,165000,-1.0,-1.0,-1.0
2026/09/29,500.0,500.0,488.0,497.0,139500,-1.0,-1.0,-1.0
2026/09/30,496.0,504.0,493.0,493.0,93000,-1.0,-1.0,-1.0
2026/10/01,501.0,505.0,489.0,499.0,432600,-1.0,-1.0,-1.0
2026/10/02,498.0,504.0,480.0,482.0,132800,-1.0,-1.0,-1.0
2026/10/05,485.0,496.0,466.0,480.0,243200,-1.0,-1.0,-1.0
2026/10/06,484.0,500.0,483.0,493.0,137500,-1.0,-1.0,-1.0
2026/10/07,495.0,505.0,485.0,494.0,135900,-1.0,-1.0,-1.0
