date,open,high,low,close,volume,rs_nikkei,rs_topix,rs
2014/03/25,3310.0,3310.0,3200.0,3300.0,13000,-1.0,-1.0,-1.0
2014/03/26,3330.0,3330.0,3320.0,3330.0,4000,-1.0,-1.0,-1.0
2014/03/27,3350.0,3350.0,3350.0,3350.0,1000,-1.0,-1.0,-1.0
2014/03/28,3350.0,3350.0,3320.0,3340.0,8000,-1.0,-1.0,-1.0
2014/03/31,3450.0,3450.0,3350.0,3350.0,4000,-1.0,-1.0,-1.0
2014/04/02,3490.0,3490.0,3490.0,3490.0,3000,-1.0,-1.0,-1.0
2014/04/04,3420.0,3420.0,3420.0,3420.0,1000,-1.0,-1.0,-1.0
2014/04/07,3390.0,3390.0,3350.0,3350.0,4000,-1.0,-1.0,-1.0
2014/04/08,3320.0,3320.0,3300.0,3320.0,5000,-1.0,-1.0,-1.0
2014/04/09,3350.0,3350.0,3260.0,3260.0,5000,-1.0,-1.0,-1.0
2014/04/10,3300.0,3300.0,3300.0,3300.0,1000,-1.0,-1.0,-1.0
2014/04/11,3220.0,3260.0,3210.0,3260.0,9000,-1.0,-1.0,-1.0
2014/04/15,3270.0,3270.0,3260.0,3260.0,4000,-1.0,-1.0,-1.0
2014/04/16,3270.0,3270.0,3260.0,3260.0,7000,-1.0,-1.0,-1.0
2014/04/17,3260.0,3260.0,3260.0,3260.0,2000,-1.0,-1.0,-1.0
2014/04/18,3270.0,3280.0,3270.0,3280.0,3000,-1.0,-1.0,-1.0
2014/04/21,3280.0,3290.0,3280.0,3290.0,2000,-1.0,-1.0,-1.0
2014/04/22,3260.0,3260.0,3260.0,3260.0,2000,-1.0,-1.0,-1.0
2014/04/23,3260.0,3270.0,3260.0,3270.0,2000,-1.0,-1.0,-1.0
2014/04/25,3240.0,3250.0,3240.0,3250.0,2000,-1.0,-1.0,-1.0
2014/04/28,3270.0,3270.0,3250.0,3260.0,8000,-1.0,-1.0,-1.0
2014/04/30,3270.0,3270.0,3200.0,3240.0,7000,-1.0,-1.0,-1.0
2014/05/01,3250.0,3300.0,3250.0,3300.0,3000,-1.0,-1.0,-1.0
2014/05/02,3300.0,3300.0,3300.0,3300.0,9000,-1.0,-1.0,-1.0
2014/05/08,3260.0,3300.0,3260.0,3300.0,3000,-1.0,-1.0,-1.0
2014/05/12,3380.0,3380.0,3380.0,3380.0,3000,-1.0,-1.0,-1.0
2014/05/13,3380.0,3380.0,3270.0,3350.0,10000,-1.0,-1.0,-1.0
2014/05/14,3350.0,3350.0,3320.0,3330.0,8000,-1.0,-1.0,-1.0
2014/05/15,3250.0,3250.0,3110.0,3110.0,27000,-1.0,-1.0,-1.0
2014/05/16,3090.0,3090.0,2930.0,2930.0,22000,-1.0,-1.0,-1.0
2014/05/19,2950.0,2950.0,2870.0,2910.0,36000,-1.0,-1.0,-1.0
2014/05/20,2890.0,2890.0,2880.0,2880.0,2000,-1.0,-1.0,-1.0
2014/05/21,2840.0,2840.0,2750.0,2770.0,21000,-1.0,-1.0,-1.0
2014/05/22,2760.0,2790.0,2760.0,2790.0,3000,-1.0,-1.0,-1.0
2014/05/23,2840.0,2850.0,2840.0,2850.0,2000,-1.0,-1.0,-1.0
2014/05/26,2980.0,2980.0,2920.0,2930.0,5000,-1.0,-1.0,-1.0
2014/05/27,2940.0,2940.0,2930.0,2930.0,4000,-1.0,-1.0,-1.0
2014/05/28,2930.0,2930.0,2930.0,2930.0,2000,-1.0,-1.0,-1.0
2014/05/29,2930.0,2930.0,2930.0,2930.0,1000,-1.0,-1.0,-1.0
2014/05/30,2950.0,2950.0,2950.0,2950.0,3000,-1.0,-1.0,-1.0
2014/06/04,2920.0,2920.0,2900.0,2920.0,6000,-1.0,-1.0,-1.0
2014/06/05,2950.0,2960.0,2930.0,2960.0,13000,-1.0,-1.0,-1.0
2014/06/06,2950.0,2970.0,2950.0,2960.0,8000,-1.0,-1.0,-1.0
2014/06/09,3000.0,3010.0,3000.0,3010.0,2000,-1.0,-1.0,-1.0
2014/06/11,3040.0,3040.0,3040.0,3040.0,1000,-1.0,-1.0,-1.0
2014/06/12,3050.0,3050.0,3050.0,3050.0,2000,-1.0,-1.0,-1.0
2014/06/13,3000.0,3050.0,3000.0,3050.0,2000,-1.0,-1.0,-1.0
2014/06/16,3060.0,3080.0,3060.0,3070.0,10000,-1.0,-1.0,-1.0
2014/06/17,3090.0,3100.0,3090.0,3100.0,8000,-1.0,-1.0,-1.0
2014/06/18,3130.0,3130.0,3130.0,3130.0,2000,-1.0,-1.0,-1.0
2014/06/19,3130.0,3140.0,3130.0,3140.0,4000,-1.0,-1.0,-1.0
2014/06/20,3140.0,3180.0,3140.0,3180.0,9000,-1.0,-1.0,-1.0
2014/06/23,3160.0,3160.0,3150.0,3160.0,3000,-1.0,-1.0,-1.0
2014/06/24,3150.0,3150.0,3150.0,3150.0,1000,-1.0,-1.0,-1.0
2014/06/25,3160.0,3180.0,3160.0,3170.0,3000,-1.0,-1.0,-1.0
2014/06/26,3100.0,3100.0,3070.0,3070.0,5000,-1.0,-1.0,-1.0
2014/06/27,3080.0,3120.0,3080.0,3120.0,5000,-1.0,-1.0,-1.0
2014/06/30,3120.0,3180.0,3020.0,3090.0,18000,-1.0,-1.0,-1.0
2014/07/01,3080.0,3100.0,3080.0,3100.0,20000,-1.0,-1.0,-1.0
2014/07/02,3140.0,3140.0,3140.0,3140.0,2000,-1.0,-1.0,-1.0
2014/07/03,3120.0,3140.0,3110.0,3140.0,9000,-1.0,-1.0,-1.0
2014/07/04,3110.0,3150.0,3110.0,3150.0,10000,-1.0,-1.0,-1.0
2014/07/07,3140.0,3250.0,3140.0,3200.0,11000,-1.0,-1.0,-1.0
2014/07/08,3200.0,3250.0,3200.0,3220.0,24000,-1.0,-1.0,-1.0
2014/07/09,3210.0,3220.0,3200.0,3220.0,5000,-1.0,-1.0,-1.0
2014/07/10,3230.0,3250.0,3200.0,3250.0,30000,-1.0,-1.0,-1.0
2014/07/11,3210.0,3230.0,3200.0,3210.0,22000,-1.0,-1.0,-1.0
2014/07/14,3210.0,3230.0,3210.0,3230.0,32000,-1.0,-1.0,-1.0
2014/07/15,3230.0,3250.0,3230.0,3230.0,46000,-1.0,-1.0,-1.0
2014/07/16,3170.0,3200.0,3170.0,3200.0,3000,-1.0,-1.0,-1.0
2014/07/17,3200.0,3200.0,3160.0,3190.0,3000,-1.0,-1.0,-1.0
2014/07/18,3160.0,3180.0,3160.0,3180.0,9000,-1.0,-1.0,-1.0
2014/07/22,3190.0,3250.0,3150.0,3250.0,12000,-1.0,-1.0,-1.0
2014/07/24,3250.0,3250.0,3240.0,3240.0,6000,-1.0,-1.0,-1.0
2014/07/25,3220.0,3230.0,3220.0,3220.0,4000,-1.0,-1.0,-1.0
2014/07/28,3260.0,3260.0,3220.0,3250.0,9000,-1.0,-1.0,-1.0
2014/07/30,3230.0,3230.0,3230.0,3230.0,1000,-1.0,-1.0,-1.0
2014/07/31,3250.0,3280.0,3250.0,3280.0,2000,-1.0,-1.0,-1.0
2014/08/01,3220.0,3240.0,3210.0,3240.0,3000,-1.0,-1.0,-1.0
2014/08/05,3230.0,3230.0,3230.0,3230.0,1000,-1.0,-1.0,-1.0
2014/08/06,3200.0,3200.0,3160.0,3160.0,9000,-1.0,-1.0,-1.0
2014/08/07,3160.0,3240.0,3160.0,3240.0,4000,-1.0,-1.0,-1.0
2014/08/08,3170.0,3170.0,3100.0,3130.0,12000,-1.0,-1.0,-1.0
2014/08/11,3110.0,3120.0,3110.0,3120.0,3000,-1.0,-1.0,-1.0
2014/08/12,3120.0,3140.0,3110.0,3130.0,7000,-1.0,-1.0,-1.0
2014/08/13,3120.0,3120.0,3100.0,3120.0,9000,-1.0,-1.0,-1.0
2014/08/14,3190.0,3190.0,3190.0,3190.0,2000,-1.0,-1.0,-1.0
2014/08/15,3190.0,3230.0,3150.0,3230.0,12000,-1.0,-1.0,-1.0
2014/08/18,3180.0,3180.0,3130.0,3130.0,3000,-1.0,-1.0,-1.0
2014/08/19,3140.0,3140.0,3100.0,3140.0,10000,-1.0,-1.0,-1.0
2014/08/20,3140.0,3140.0,3140.0,3140.0,6000,-1.0,-1.0,-1.0
2014/08/21,3130.0,3150.0,3100.0,3150.0,15000,-1.0,-1.0,-1.0
2014/08/22,3180.0,3180.0,3180.0,3180.0,1000,-1.0,-1.0,-1.0
2014/08/26,3170.0,3170.0,3160.0,3170.0,4000,-1.0,-1.0,-1.0
2014/08/28,3180.0,3180.0,3150.0,3160.0,14000,-1.0,-1.0,-1.0
2014/08/29,3240.0,3240.0,3160.0,3180.0,5000,-1.0,-1.0,-1.0
2014/09/01,3210.0,3210.0,3150.0,3180.0,5000,-1.0,-1.0,-1.0
2014/09/02,3210.0,3210.0,3180.0,3180.0,5000,-1.0,-1.0,-1.0
2014/09/03,3220.0,3230.0,3180.0,3200.0,19000,-1.0,-1.0,-1.0
2014/09/04,3200.0,3200.0,3200.0,3200.0,3000,-1.0,-1.0,-1.0
2014/09/05,3190.0,3200.0,3190.0,3200.0,5000,-1.0,-1.0,-1.0
2014/09/08,3160.0,3270.0,3160.0,3250.0,14000,-1.0,-1.0,-1.0
2014/09/10,3230.0,3230.0,3210.0,3210.0,7000,-1.0,-1.0,-1.0
2014/09/11,3240.0,3240.0,3230.0,3230.0,5000,-1.0,-1.0,-1.0
2014/09/12,3260.0,3270.0,3260.0,3260.0,18000,-1.0,-1.0,-1.0
2014/09/16,3260.0,3260.0,3260.0,3260.0,5000,-1.0,-1.0,-1.0
2014/09/17,3260.0,3260.0,3200.0,3200.0,3000,-1.0,-1.0,-1.0
2014/09/18,3260.0,3260.0,3180.0,3180.0,5000,-1.0,-1.0,-1.0
2014/09/19,3220.0,3230.0,3200.0,3200.0,5000,-1.0,-1.0,-1.0
2014/09/22,3230.0,3300.0,3230.0,3280.0,6000,-1.0,-1.0,-1.0
2014/09/24,3220.0,3280.0,3220.0,3280.0,6000,-1.0,-1.0,-1.0
2014/09/26,3280.0,3280.0,3230.0,3250.0,9000,-1.0,-1.0,-1.0
2014/09/29,3280.0,3280.0,3280.0,3280.0,1000,-1.0,-1.0,-1.0
2014/09/30,3250.0,3270.0,3250.0,3270.0,3000,-1.0,-1.0,-1.0
2014/10/01,3240.0,3240.0,3240.0,3240.0,4000,-1.0,-1.0,-1.0
2014/10/02,3220.0,3220.0,3200.0,3200.0,3000,-1.0,-1.0,-1.0
2014/10/03,3200.0,3200.0,3200.0,3200.0,5000,-1.0,-1.0,-1.0
2014/10/06,3210.0,3230.0,3210.0,3230.0,7000,-1.0,-1.0,-1.0
2014/10/07,3230.0,3230.0,3230.0,3230.0,1000,-1.0,-1.0,-1.0
2014/10/08,3210.0,3210.0,3210.0,3210.0,1000,-1.0,-1.0,-1.0
2014/10/09,3210.0,3210.0,3200.0,3200.0,5000,-1.0,-1.0,-1.0
2014/10/10,3070.0,3170.0,3070.0,3110.0,9000,-1.0,-1.0,-1.0
2014/10/14,3060.0,3100.0,3050.0,3100.0,12000,-1.0,-1.0,-1.0
2014/10/15,3120.0,3150.0,3120.0,3150.0,3000,-1.0,-1.0,-1.0
2014/10/16,3140.0,3140.0,3100.0,3100.0,10000,-1.0,-1.0,-1.0
2014/10/17,3100.0,3100.0,3100.0,3100.0,1000,-1.0,-1.0,-1.0
2014/10/20,3100.0,3100.0,3100.0,3100.0,7000,-1.0,-1.0,-1.0
2014/10/21,3110.0,3110.0,3110.0,3110.0,1000,-1.0,-1.0,-1.0
2014/10/23,3190.0,3190.0,3190.0,3190.0,10000,-1.0,-1.0,-1.0
2014/10/24,3170.0,3170.0,3170.0,3170.0,1000,-1.0,-1.0,-1.0
2014/10/27,3150.0,3160.0,3130.0,3160.0,5000,-1.0,-1.0,-1.0
2014/10/28,3120.0,3120.0,3120.0,3120.0,3000,-1.0,-1.0,-1.0
2014/10/29,3160.0,3160.0,3160.0,3160.0,1000,-1.0,-1.0,-1.0
2014/10/31,3170.0,3230.0,3170.0,3230.0,4000,-1.0,-1.0,-1.0
2014/11/04,3250.0,3340.0,3250.0,3340.0,9000,-1.0,-1.0,-1.0
2014/11/05,3300.0,3300.0,3260.0,3260.0,7000,-1.0,-1.0,-1.0
2014/11/06,3240.0,3250.0,3210.0,3250.0,6000,-1.0,-1.0,-1.0
2014/11/07,3270.0,3270.0,3220.0,3220.0,3000,-1.0,-1.0,-1.0
2014/11/10,3260.0,3260.0,3250.0,3250.0,3000,-1.0,-1.0,-1.0
2014/11/11,3210.0,3230.0,3000.0,3190.0,20000,-1.0,-1.0,-1.0
2014/11/12,3220.0,3250.0,3210.0,3220.0,29000,-1.0,-1.0,-1.0
2014/11/13,3290.0,3290.0,3210.0,3280.0,5000,-1.0,-1.0,-1.0
2014/11/14,3280.0,3280.0,3260.0,3260.0,4000,-1.0,-1.0,-1.0
2014/11/17,3260.0,3400.0,3200.0,3390.0,67000,-1.0,-1.0,-1.0
2014/11/19,3280.0,3300.0,3270.0,3300.0,6000,-1.0,-1.0,-1.0
2014/11/20,3300.0,3300.0,3300.0,3300.0,1000,-1.0,-1.0,-1.0
2014/11/25,3330.0,3330.0,3330.0,3330.0,1000,-1.0,-1.0,-1.0
2014/11/26,3300.0,3300.0,3230.0,3280.0,10000,-1.0,-1.0,-1.0
2014/11/27,3280.0,3280.0,3210.0,3260.0,7000,-1.0,-1.0,-1.0
2014/11/28,3260.0,3280.0,3230.0,3230.0,6000,-1.0,-1.0,-1.0
2014/12/01,3300.0,3300.0,3250.0,3270.0,13000,-1.0,-1.0,-1.0
2014/12/02,3280.0,3300.0,3280.0,3300.0,19000,-1.0,-1.0,-1.0
2014/12/03,3300.0,3360.0,3300.0,3330.0,27000,-1.0,-1.0,-1.0
2014/12/04,3300.0,3300.0,3290.0,3300.0,15000,-1.0,-1.0,-1.0
2014/12/05,3300.0,3310.0,3300.0,3300.0,20000,-1.0,-1.0,-1.0
2014/12/08,3300.0,3320.0,3300.0,3310.0,12000,-1.0,-1.0,-1.0
2014/12/09,3290.0,3290.0,3280.0,3280.0,4000,-1.0,-1.0,-1.0
2014/12/10,3270.0,3280.0,3250.0,3280.0,4000,-1.0,-1.0,-1.0
2014/12/11,3260.0,3260.0,3220.0,3260.0,9000,-1.0,-1.0,-1.0
2014/12/12,3260.0,3260.0,3240.0,3250.0,10000,-1.0,-1.0,-1.0
2014/12/15,3250.0,3250.0,3250.0,3250.0,7000,-1.0,-1.0,-1.0
2014/12/16,3210.0,3220.0,3150.0,3200.0,5000,-1.0,-1.0,-1.0
2014/12/18,3220.0,3220.0,3190.0,3190.0,23000,-1.0,-1.0,-1.0
2014/12/19,3190.0,3250.0,3180.0,3250.0,7000,-1.0,-1.0,-1.0
2014/12/22,3210.0,3210.0,3190.0,3200.0,9000,-1.0,-1.0,-1.0
2014/12/24,3200.0,3200.0,3180.0,3200.0,5000,-1.0,-1.0,-1.0
2014/12/25,3200.0,3210.0,3190.0,3210.0,15000,-1.0,-1.0,-1.0
2014/12/26,3210.0,3210.0,3190.0,3200.0,12000,-1.0,-1.0,-1.0
2014/12/29,3220.0,3260.0,3220.0,3260.0,5000,-1.0,-1.0,-1.0
2014/12/30,3270.0,3300.0,3250.0,3290.0,17000,-1.0,-1.0,-1.0
2015/01/05,3290.0,3290.0,3240.0,3240.0,7000,-1.0,-1.0,-1.0
2015/01/07,3230.0,3230.0,3220.0,3220.0,2000,-1.0,-1.0,-1.0
2015/01/08,3260.0,3270.0,3260.0,3270.0,8000,-1.0,-1.0,-1.0
2015/01/09,3260.0,3260.0,3230.0,3230.0,8000,-1.0,-1.0,-1.0
2015/01/13,3230.0,3230.0,3200.0,3200.0,7000,-1.0,-1.0,-1.0
2015/01/14,3210.0,3250.0,3210.0,3250.0,4000,-1.0,-1.0,-1.0
2015/01/15,3250.0,3250.0,3250.0,3250.0,8000,-1.0,-1.0,-1.0
2015/01/16,3250.0,3260.0,3230.0,3230.0,5000,-1.0,-1.0,-1.0
2015/01/19,3240.0,3240.0,3230.0,3230.0,7000,-1.0,-1.0,-1.0
2015/01/20,3210.0,3210.0,3210.0,3210.0,1000,-1.0,-1.0,-1.0
2015/01/21,3240.0,3260.0,3240.0,3260.0,7000,-1.0,-1.0,-1.0
2015/01/22,3220.0,3220.0,3150.0,3210.0,10000,-1.0,-1.0,-1.0
2015/01/23,3210.0,3240.0,3200.0,3240.0,8000,-1.0,-1.0,-1.0
2015/01/26,3200.0,3230.0,3200.0,3230.0,2000,-1.0,-1.0,-1.0
2015/01/27,3180.0,3220.0,3180.0,3220.0,4000,-1.0,-1.0,-1.0
2015/01/28,3230.0,3230.0,3230.0,3230.0,1000,-1.0,-1.0,-1.0
2015/01/29,3240.0,3280.0,3240.0,3260.0,7000,-1.0,-1.0,-1.0
2015/01/30,3260.0,3300.0,3260.0,3270.0,15000,-1.0,-1.0,-1.0
2015/02/02,3380.0,3380.0,3380.0,3380.0,1000,-1.0,-1.0,-1.0
2015/02/03,3370.0,3370.0,3300.0,3300.0,7000,-1.0,-1.0,-1.0
2015/02/04,3320.0,3320.0,3320.0,3320.0,1000,-1.0,-1.0,-1.0
2015/02/05,3320.0,3320.0,3320.0,3320.0,1000,-1.0,-1.0,-1.0
2015/02/09,3270.0,3270.0,3270.0,3270.0,2000,-1.0,-1.0,-1.0
2015/02/10,3280.0,3280.0,3280.0,3280.0,4000,-1.0,-1.0,-1.0
2015/02/12,3300.0,3330.0,3300.0,3330.0,60000,-1.0,-1.0,-1.0
2015/02/13,3310.0,3330.0,3300.0,3300.0,14000,-1.0,-1.0,-1.0
2015/02/16,3310.0,3310.0,3300.0,3310.0,4000,-1.0,-1.0,-1.0
2015/02/17,3310.0,3320.0,3310.0,3310.0,8000,-1.0,-1.0,-1.0
2015/02/18,3310.0,3320.0,3300.0,3310.0,15000,-1.0,-1.0,-1.0
2015/02/19,3320.0,3320.0,3310.0,3310.0,8000,-1.0,-1.0,-1.0
2015/02/20,3320.0,3320.0,3310.0,3310.0,12000,-1.0,-1.0,-1.0
2015/02/23,3320.0,3450.0,3320.0,3420.0,29000,-1.0,-1.0,-1.0
2015/02/24,3420.0,3420.0,3410.0,3410.0,2000,-1.0,-1.0,-1.0
2015/02/25,3400.0,3400.0,3400.0,3400.0,1000,-1.0,-1.0,-1.0
2015/02/26,3390.0,3390.0,3390.0,3390.0,4000,-1.0,-1.0,-1.0
2015/02/27,3390.0,3400.0,3370.0,3370.0,11000,-1.0,-1.0,-1.0
2015/03/03,3390.0,3400.0,3370.0,3400.0,32000,-1.0,-1.0,-1.0
2015/03/04,3400.0,3400.0,3400.0,3400.0,7000,-1.0,-1.0,-1.0
2015/03/05,3400.0,3400.0,3390.0,3390.0,2000,-1.0,-1.0,-1.0
2015/03/06,3400.0,3420.0,3400.0,3400.0,26000,-1.0,-1.0,-1.0
2015/03/09,3350.0,3350.0,3340.0,3350.0,4000,-1.0,-1.0,-1.0
2015/03/10,3360.0,3360.0,3360.0,3360.0,1000,-1.0,-1.0,-1.0
2015/03/11,3340.0,3390.0,3340.0,3340.0,23000,-1.0,-1.0,-1.0
2015/03/12,3330.0,3400.0,3310.0,3350.0,53000,-1.0,-1.0,-1.0
2015/03/13,3350.0,3350.0,3350.0,3350.0,3000,-1.0,-1.0,-1.0
2015/03/16,3360.0,3360.0,3360.0,3360.0,1000,-1.0,-1.0,-1.0
2015/03/17,3380.0,3440.0,3380.0,3440.0,20000,-1.0,-1.0,-1.0
2015/03/18,3430.0,3430.0,3400.0,3400.0,9000,-1.0,-1.0,-1.0
2015/03/19,3400.0,3400.0,3400.0,3400.0,1000,-1.0,-1.0,-1.0
2015/03/20,3400.0,3420.0,3400.0,3420.0,4000,-1.0,-1.0,-1.0
2015/03/23,3400.0,3400.0,3320.0,3380.0,57000,-1.0,-1.0,-1.0
2015/03/24,3390.0,3390.0,3360.0,3360.0,14000,-1.0,-1.0,-1.0
2015/03/25,3390.0,3390.0,3380.0,3380.0,5000,-1.0,-1.0,-1.0
2015/03/26,3390.0,3400.0,3380.0,3400.0,18000,-1.0,-1.0,-1.0
2015/03/27,3350.0,3350.0,3350.0,3350.0,1000,-1.0,-1.0,-1.0
2015/03/30,3350.0,3350.0,3300.0,3350.0,11000,-1.0,-1.0,-1.0
2015/03/31,3350.0,3350.0,3350.0,3350.0,1000,-1.0,-1.0,-1.0
2015/04/01,3310.0,3320.0,3300.0,3320.0,5000,-1.0,-1.0,-1.0
2015/04/02,3300.0,3300.0,3290.0,3290.0,3000,-1.0,-1.0,-1.0
2015/04/06,3300.0,3300.0,3300.0,3300.0,1000,-1.0,-1.0,-1.0
2015/04/07,3290.0,3290.0,3240.0,3260.0,11000,-1.0,-1.0,-1.0
2015/04/08,3270.0,3290.0,3270.0,3290.0,9000,-1.0,-1.0,-1.0
2015/04/09,3280.0,3280.0,3270.0,3270.0,2000,-1.0,-1.0,-1.0
2015/04/13,3280.0,3280.0,3280.0,3280.0,5000,-1.0,-1.0,-1.0
2015/04/15,3280.0,3280.0,3250.0,3250.0,8000,-1.0,-1.0,-1.0
2015/04/16,3330.0,3330.0,3260.0,3280.0,31000,-1.0,-1.0,-1.0
2015/04/17,3300.0,3300.0,3300.0,3300.0,5000,-1.0,-1.0,-1.0
2015/04/20,3300.0,3320.0,3300.0,3300.0,5000,-1.0,-1.0,-1.0
2015/04/21,3310.0,3310.0,3310.0,3310.0,1000,-1.0,-1.0,-1.0
2015/04/22,3270.0,3270.0,3260.0,3260.0,54000,-1.0,-1.0,-1.0
2015/04/23,3260.0,3290.0,3260.0,3290.0,9000,-1.0,-1.0,-1.0
2015/04/27,3290.0,3290.0,3270.0,3270.0,3000,-1.0,-1.0,-1.0
2015/04/28,3270.0,3270.0,3260.0,3260.0,8000,-1.0,-1.0,-1.0
2015/04/30,3290.0,3290.0,3260.0,3260.0,3000,-1.0,-1.0,-1.0
2015/05/01,3260.0,3260.0,3260.0,3260.0,5000,-1.0,-1.0,-1.0
2015/05/08,3280.0,3280.0,3270.0,3280.0,4000,-1.0,-1.0,-1.0
2015/05/11,3280.0,3280.0,3280.0,3280.0,4000,-1.0,-1.0,-1.0
2015/05/12,3500.0,3600.0,3460.0,3570.0,184000,-1.0,-1.0,-1.0
2015/05/13,3590.0,3590.0,3420.0,3500.0,68000,-1.0,-1.0,-1.0
2015/05/14,3500.0,3500.0,3440.0,3440.0,11000,-1.0,-1.0,-1.0
2015/05/18,3440.0,3460.0,3400.0,3460.0,29000,-1.0,-1.0,-1.0
2015/05/19,3490.0,3490.0,3330.0,3450.0,22000,-1.0,-1.0,-1.0
2015/05/20,3410.0,3470.0,3410.0,3470.0,6000,-1.0,-1.0,-1.0
2015/05/21,3470.0,3560.0,3470.0,3560.0,18000,-1.0,-1.0,-1.0
2015/05/22,3560.0,3600.0,3560.0,3570.0,19000,-1.0,-1.0,-1.0
2015/05/25,3590.0,3600.0,3540.0,3600.0,16000,-1.0,-1.0,-1.0
2015/05/26,3600.0,3600.0,3550.0,3550.0,8000,-1.0,-1.0,-1.0
2015/05/27,3650.0,3750.0,3650.0,3720.0,70000,-1.0,-1.0,-1.0
2015/05/28,3880.0,4430.0,3850.0,4070.0,348000,-1.0,-1.0,-1.0
2015/05/29,4150.0,4150.0,3870.0,4000.0,100000,-1.0,-1.0,-1.0
2015/06/01,3990.0,3990.0,3840.0,3920.0,33000,-1.0,-1.0,-1.0
2015/06/02,3930.0,4090.0,3880.0,4020.0,52000,-1.0,-1.0,-1.0
2015/06/03,3990.0,4050.0,3960.0,3960.0,19000,-1.0,-1.0,-1.0
2015/06/04,3970.0,3970.0,3880.0,3940.0,23000,-1.0,-1.0,-1.0
2015/06/05,3940.0,4020.0,3920.0,3950.0,19000,-1.0,-1.0,-1.0
2015/06/08,3950.0,3980.0,3940.0,3940.0,13000,-1.0,-1.0,-1.0
2015/06/09,3950.0,3990.0,3930.0,3950.0,28000,-1.0,-1.0,-1.0
2015/06/10,3950.0,3950.0,3930.0,3940.0,7000,-1.0,-1.0,-1.0
2015/06/11,3950.0,4050.0,3930.0,4030.0,49000,-1.0,-1.0,-1.0
2015/06/12,4040.0,4110.0,3970.0,4090.0,66000,-1.0,-1.0,-1.0
2015/06/15,4100.0,4200.0,4100.0,4180.0,64000,-1.0,-1.0,-1.0
2015/06/16,4190.0,4220.0,4100.0,4170.0,79000,-1.0,-1.0,-1.0
2015/06/17,4170.0,4270.0,4160.0,4220.0,54000,-1.0,-1.0,-1.0
2015/06/18,4240.0,4240.0,4060.0,4180.0,51000,-1.0,-1.0,-1.0
2015/06/19,4200.0,4200.0,4200.0,4200.0,1000,-1.0,-1.0,-1.0
2015/06/22,4200.0,4210.0,4060.0,4210.0,30000,-1.0,-1.0,-1.0
2015/06/23,4130.0,4290.0,4130.0,4230.0,85000,-1.0,-1.0,-1.0
2015/06/24,4260.0,4280.0,4220.0,4250.0,8000,-1.0,-1.0,-1.0
2015/06/25,4210.0,4210.0,4160.0,4170.0,8000,-1.0,-1.0,-1.0
2015/06/26,4180.0,4180.0,4150.0,4170.0,13000,-1.0,-1.0,-1.0
2015/06/29,4070.0,4070.0,3960.0,4030.0,40000,-1.0,-1.0,-1.0
2015/06/30,3990.0,4020.0,3940.0,3940.0,14000,-1.0,-1.0,-1.0
2015/07/01,3980.0,4040.0,3980.0,4000.0,12000,-1.0,-1.0,-1.0
2015/07/02,4070.0,4070.0,3960.0,4060.0,27000,-1.0,-1.0,-1.0
2015/07/03,4100.0,4100.0,3980.0,3980.0,12000,-1.0,-1.0,-1.0
2015/07/06,3960.0,4020.0,3930.0,4020.0,15000,-1.0,-1.0,-1.0
2015/07/07,4020.0,4040.0,3990.0,3990.0,4000,-1.0,-1.0,-1.0
2015/07/08,4010.0,4010.0,3830.0,3920.0,44000,-1.0,-1.0,-1.0
2015/07/09,3760.0,3850.0,3600.0,3850.0,57000,-1.0,-1.0,-1.0
2015/07/10,3840.0,3840.0,3780.0,3800.0,19000,-1.0,-1.0,-1.0
2015/07/13,3850.0,3910.0,3850.0,3910.0,5000,-1.0,-1.0,-1.0
2015/07/14,3930.0,3950.0,3890.0,3950.0,55000,-1.0,-1.0,-1.0
2015/07/15,3950.0,3960.0,3950.0,3960.0,33000,-1.0,-1.0,-1.0
2015/07/16,3920.0,3980.0,3910.0,3960.0,6000,-1.0,-1.0,-1.0
2015/07/17,3970.0,4000.0,3880.0,3910.0,10000,-1.0,-1.0,-1.0
2015/07/21,3920.0,3930.0,3920.0,3920.0,8000,-1.0,-1.0,-1.0
2015/07/22,3920.0,3920.0,3860.0,3860.0,4000,-1.0,-1.0,-1.0
2015/07/23,3860.0,3860.0,3800.0,3850.0,16000,-1.0,-1.0,-1.0
2015/07/24,3850.0,3920.0,3830.0,3890.0,6000,-1.0,-1.0,-1.0
2015/07/27,3850.0,3850.0,3850.0,3850.0,6000,-1.0,-1.0,-1.0
2015/07/28,3850.0,3850.0,3800.0,3800.0,3000,-1.0,-1.0,-1.0
2015/07/29,3850.0,3850.0,3850.0,3850.0,3000,-1.0,-1.0,-1.0
2015/07/30,3880.0,3880.0,3840.0,3840.0,10000,-1.0,-1.0,-1.0
2015/07/31,3840.0,3850.0,3780.0,3800.0,37000,-1.0,-1.0,-1.0
2015/08/03,3800.0,3800.0,3770.0,3780.0,11000,-1.0,-1.0,-1.0
2015/08/04,3780.0,3780.0,3750.0,3750.0,7000,-1.0,-1.0,-1.0
2015/08/05,3760.0,3760.0,3730.0,3760.0,11000,-1.0,-1.0,-1.0
2015/08/06,3760.0,3870.0,3760.0,3800.0,13000,-1.0,-1.0,-1.0
2015/08/07,3640.0,3650.0,3510.0,3510.0,124000,-1.0,-1.0,-1.0
2015/08/10,3520.0,3530.0,3430.0,3440.0,27000,-1.0,-1.0,-1.0
2015/08/11,3460.0,3460.0,3440.0,3440.0,5000,-1.0,-1.0,-1.0
2015/08/12,3430.0,3450.0,3380.0,3430.0,26000,-1.0,-1.0,-1.0
2015/08/13,3430.0,3430.0,3420.0,3430.0,17000,-1.0,-1.0,-1.0
2015/08/14,3410.0,3440.0,3410.0,3430.0,8000,-1.0,-1.0,-1.0
2015/08/17,3430.0,3430.0,3430.0,3430.0,9000,-1.0,-1.0,-1.0
2015/08/18,3430.0,3530.0,3430.0,3530.0,7000,-1.0,-1.0,-1.0
2015/08/19,3510.0,3510.0,3450.0,3450.0,3000,-1.0,-1.0,-1.0
2015/08/20,3450.0,3510.0,3450.0,3510.0,4000,-1.0,-1.0,-1.0
2015/08/21,3450.0,3480.0,3420.0,3420.0,12000,-1.0,-1.0,-1.0
2015/08/24,3290.0,3330.0,3240.0,3240.0,25000,-1.0,-1.0,-1.0
2015/08/25,3110.0,3220.0,3060.0,3200.0,22000,-1.0,-1.0,-1.0
2015/08/26,3260.0,3300.0,3250.0,3300.0,9000,-1.0,-1.0,-1.0
2015/08/27,3350.0,3370.0,3350.0,3370.0,6000,-1.0,-1.0,-1.0
2015/08/28,3370.0,3370.0,3310.0,3360.0,14000,-1.0,-1.0,-1.0
2015/09/01,3300.0,3300.0,3300.0,3300.0,3000,-1.0,-1.0,-1.0
2015/09/02,3160.0,3220.0,3160.0,3200.0,3000,-1.0,-1.0,-1.0
2015/09/03,3230.0,3230.0,3230.0,3230.0,16000,-1.0,-1.0,-1.0
2015/09/04,3170.0,3170.0,3080.0,3080.0,5000,-1.0,-1.0,-1.0
2015/09/07,3110.0,3110.0,3110.0,3110.0,1000,-1.0,-1.0,-1.0
2015/09/09,3210.0,3240.0,3150.0,3160.0,12000,-1.0,-1.0,-1.0
2015/09/10,3240.0,3370.0,3240.0,3370.0,2000,-1.0,-1.0,-1.0
2015/09/11,3220.0,3300.0,3210.0,3300.0,5000,-1.0,-1.0,-1.0
2015/09/14,3300.0,3300.0,3300.0,3300.0,2000,-1.0,-1.0,-1.0
2015/09/15,3300.0,3310.0,3300.0,3310.0,7000,-1.0,-1.0,-1.0
2015/09/16,3350.0,3360.0,3350.0,3360.0,3000,-1.0,-1.0,-1.0
2015/09/17,3430.0,3450.0,3420.0,3420.0,8000,-1.0,-1.0,-1.0
2015/09/18,3420.0,3450.0,3420.0,3450.0,10000,-1.0,-1.0,-1.0
2015/09/28,3450.0,3450.0,3450.0,3450.0,1000,-1.0,-1.0,-1.0
2015/09/29,3310.0,3310.0,3310.0,3310.0,1000,-1.0,-1.0,-1.0
2015/09/30,3290.0,3290.0,3230.0,3230.0,3000,-1.0,-1.0,-1.0
2015/10/01,3300.0,3300.0,3220.0,3240.0,7000,-1.0,-1.0,-1.0
2015/10/02,3240.0,3300.0,3240.0,3300.0,7000,-1.0,-1.0,-1.0
2015/10/05,3300.0,3300.0,3300.0,3300.0,2000,-1.0,-1.0,-1.0
2015/10/06,3400.0,3450.0,3400.0,3450.0,14000,-1.0,-1.0,-1.0
2015/10/07,3500.0,3500.0,3500.0,3500.0,3000,-1.0,-1.0,-1.0
2015/10/08,3420.0,3420.0,3400.0,3400.0,6000,-1.0,-1.0,-1.0
2015/10/09,3420.0,3520.0,3420.0,3500.0,10000,-1.0,-1.0,-1.0
2015/10/13,3450.0,3450.0,3400.0,3400.0,5000,-1.0,-1.0,-1.0
2015/10/14,3400.0,3400.0,3310.0,3400.0,8000,-1.0,-1.0,-1.0
2015/10/15,3400.0,3430.0,3400.0,3430.0,5000,-1.0,-1.0,-1.0
2015/10/16,3470.0,3470.0,3430.0,3430.0,3000,-1.0,-1.0,-1.0
2015/10/19,3480.0,3480.0,3480.0,3480.0,1000,-1.0,-1.0,-1.0
2015/10/21,3440.0,3440.0,3410.0,3410.0,2000,-1.0,-1.0,-1.0
2015/10/22,3410.0,3410.0,3410.0,3410.0,1000,-1.0,-1.0,-1.0
2015/10/23,3400.0,3490.0,3400.0,3490.0,5000,-1.0,-1.0,-1.0
2015/10/26,3460.0,3510.0,3450.0,3510.0,6000,-1.0,-1.0,-1.0
2015/10/27,3430.0,3520.0,3430.0,3520.0,3000,-1.0,-1.0,-1.0
2015/10/28,3520.0,3530.0,3520.0,3530.0,3000,-1.0,-1.0,-1.0
2015/10/29,3530.0,3530.0,3490.0,3490.0,2000,-1.0,-1.0,-1.0
2015/10/30,3530.0,3530.0,3530.0,3530.0,2000,-1.0,-1.0,-1.0
2015/11/02,3530.0,3530.0,3530.0,3530.0,2000,-1.0,-1.0,-1.0
2015/11/04,3560.0,3570.0,3560.0,3570.0,2000,-1.0,-1.0,-1.0
2015/11/05,3540.0,3570.0,3540.0,3570.0,41000,-1.0,-1.0,-1.0
2015/11/06,3570.0,3600.0,3570.0,3570.0,10000,-1.0,-1.0,-1.0
2015/11/09,3570.0,3580.0,3520.0,3540.0,25000,-1.0,-1.0,-1.0
2015/11/10,3540.0,3540.0,3540.0,3540.0,6000,-1.0,-1.0,-1.0
2015/11/11,3550.0,3580.0,3550.0,3580.0,2000,-1.0,-1.0,-1.0
2015/11/12,3600.0,3630.0,3570.0,3630.0,11000,-1.0,-1.0,-1.0
2015/11/13,3630.0,3630.0,3580.0,3580.0,4000,-1.0,-1.0,-1.0
2015/11/16,3580.0,3580.0,3560.0,3580.0,10000,-1.0,-1.0,-1.0
2015/11/17,3690.0,3730.0,3660.0,3660.0,14000,-1.0,-1.0,-1.0
2015/11/18,3690.0,3690.0,3610.0,3610.0,9000,-1.0,-1.0,-1.0
2015/11/19,3610.0,3690.0,3600.0,3620.0,21000,-1.0,-1.0,-1.0
2015/11/20,3620.0,3620.0,3620.0,3620.0,4000,-1.0,-1.0,-1.0
2015/11/24,3620.0,3620.0,3620.0,3620.0,4000,-1.0,-1.0,-1.0
2015/11/25,3600.0,3620.0,3600.0,3610.0,4000,-1.0,-1.0,-1.0
2015/11/26,3600.0,3600.0,3600.0,3600.0,4000,-1.0,-1.0,-1.0
2015/11/27,3600.0,3600.0,3530.0,3570.0,15000,-1.0,-1.0,-1.0
2015/11/30,3600.0,3610.0,3600.0,3610.0,3000,-1.0,-1.0,-1.0
2015/12/01,3600.0,3620.0,3590.0,3610.0,13000,-1.0,-1.0,-1.0
2015/12/02,3620.0,3620.0,3620.0,3620.0,1000,-1.0,-1.0,-1.0
2015/12/03,3600.0,3600.0,3590.0,3600.0,9000,-1.0,-1.0,-1.0
2015/12/04,3600.0,3600.0,3540.0,3600.0,7000,-1.0,-1.0,-1.0
2015/12/07,3600.0,3600.0,3600.0,3600.0,3000,-1.0,-1.0,-1.0
2015/12/08,3550.0,3560.0,3500.0,3560.0,5000,-1.0,-1.0,-1.0
2015/12/09,3490.0,3540.0,3490.0,3510.0,19000,-1.0,-1.0,-1.0
2015/12/10,3500.0,3500.0,3500.0,3500.0,1000,-1.0,-1.0,-1.0
2015/12/11,3500.0,3500.0,3470.0,3490.0,10000,-1.0,-1.0,-1.0
2015/12/14,3450.0,3450.0,3370.0,3450.0,14000,-1.0,-1.0,-1.0
2015/12/15,3450.0,3450.0,3450.0,3450.0,8000,-1.0,-1.0,-1.0
2015/12/16,3450.0,3450.0,3330.0,3440.0,13000,-1.0,-1.0,-1.0
2015/12/17,3440.0,3450.0,3440.0,3440.0,6000,-1.0,-1.0,-1.0
2015/12/18,3440.0,3450.0,3430.0,3430.0,14000,-1.0,-1.0,-1.0
2015/12/21,3410.0,3410.0,3370.0,3400.0,4000,-1.0,-1.0,-1.0
2015/12/22,3400.0,3410.0,3390.0,3410.0,42000,-1.0,-1.0,-1.0
2015/12/24,3410.0,3410.0,3370.0,3380.0,8000,-1.0,-1.0,-1.0
2015/12/25,3370.0,3380.0,3310.0,3310.0,27000,-1.0,-1.0,-1.0
2015/12/28,3400.0,3500.0,3400.0,3450.0,3000,-1.0,-1.0,-1.0
2015/12/29,3400.0,3420.0,3400.0,3410.0,3000,-1.0,-1.0,-1.0
2015/12/30,3400.0,3410.0,3400.0,3410.0,3000,-1.0,-1.0,-1.0
2016/01/04,3410.0,3410.0,3410.0,3410.0,5000,-1.0,-1.0,-1.0
2016/01/05,3430.0,3430.0,3430.0,3430.0,6000,-1.0,-1.0,-1.0
2016/01/06,3430.0,3430.0,3360.0,3360.0,7000,-1.0,-1.0,-1.0
2016/01/08,3360.0,3380.0,3360.0,3380.0,4000,-1.0,-1.0,-1.0
2016/01/12,3370.0,3370.0,3320.0,3330.0,8000,-1.0,-1.0,-1.0
2016/01/13,3300.0,3370.0,3300.0,3370.0,6000,-1.0,-1.0,-1.0
2016/01/14,3360.0,3510.0,3360.0,3500.0,10000,-1.0,-1.0,-1.0
2016/01/15,3470.0,3480.0,3430.0,3430.0,14000,-1.0,-1.0,-1.0
2016/01/18,3270.0,3330.0,3270.0,3330.0,2000,-1.0,-1.0,-1.0
2016/01/19,3400.0,3400.0,3320.0,3320.0,29000,-1.0,-1.0,-1.0
2016/01/20,3330.0,3330.0,3230.0,3230.0,11000,-1.0,-1.0,-1.0
2016/01/21,3230.0,3230.0,3220.0,3220.0,2000,-1.0,-1.0,-1.0
2016/01/22,3220.0,3220.0,3210.0,3210.0,4000,-1.0,-1.0,-1.0
2016/01/25,3250.0,3260.0,3250.0,3260.0,2000,-1.0,-1.0,-1.0
2016/01/27,3280.0,3300.0,3280.0,3290.0,7000,-1.0,-1.0,-1.0
2016/01/28,3300.0,3300.0,3300.0,3300.0,2000,-1.0,-1.0,-1.0
2016/01/29,3300.0,3340.0,3300.0,3340.0,6000,-1.0,-1.0,-1.0
2016/02/03,3340.0,3340.0,3160.0,3210.0,18000,-1.0,-1.0,-1.0
2016/02/04,3210.0,3210.0,3190.0,3200.0,4000,-1.0,-1.0,-1.0
2016/02/05,3200.0,3200.0,3200.0,3200.0,1000,-1.0,-1.0,-1.0
2016/02/08,3180.0,3180.0,3140.0,3140.0,4000,-1.0,-1.0,-1.0
2016/02/09,3070.0,3150.0,3070.0,3070.0,5000,-1.0,-1.0,-1.0
2016/02/10,3080.0,3090.0,3000.0,3080.0,9000,-1.0,-1.0,-1.0
2016/02/12,2800.0,2870.0,2800.0,2810.0,62000,-1.0,-1.0,-1.0
2016/02/15,2810.0,2810.0,2780.0,2810.0,51000,-1.0,-1.0,-1.0
2016/02/16,2880.0,2890.0,2880.0,2890.0,5000,-1.0,-1.0,-1.0
2016/02/17,2850.0,2870.0,2850.0,2850.0,4000,-1.0,-1.0,-1.0
2016/02/18,2890.0,2930.0,2890.0,2930.0,4000,-1.0,-1.0,-1.0
2016/02/19,2930.0,2930.0,2800.0,2820.0,10000,-1.0,-1.0,-1.0
2016/02/22,2880.0,2900.0,2880.0,2900.0,5000,-1.0,-1.0,-1.0
2016/02/23,2840.0,2970.0,2840.0,2890.0,4000,-1.0,-1.0,-1.0
2016/02/25,2900.0,2950.0,2900.0,2950.0,2000,-1.0,-1.0,-1.0
2016/02/26,2950.0,2970.0,2950.0,2970.0,6000,-1.0,-1.0,-1.0
2016/02/29,2990.0,3000.0,2990.0,3000.0,3000,-1.0,-1.0,-1.0
2016/03/02,2990.0,3010.0,2990.0,3010.0,6000,-1.0,-1.0,-1.0
2016/03/07,3020.0,3020.0,3020.0,3020.0,2000,-1.0,-1.0,-1.0
2016/03/08,3050.0,3050.0,3050.0,3050.0,16000,-1.0,-1.0,-1.0
2016/03/09,3050.0,3100.0,3050.0,3060.0,4000,-1.0,-1.0,-1.0
2016/03/10,3100.0,3100.0,3100.0,3100.0,1000,-1.0,-1.0,-1.0
2016/03/11,3140.0,3140.0,3140.0,3140.0,2000,-1.0,-1.0,-1.0
2016/03/14,3240.0,3300.0,3240.0,3260.0,10000,-1.0,-1.0,-1.0
2016/03/15,3260.0,3260.0,3260.0,3260.0,22000,-1.0,-1.0,-1.0
2016/03/17,3270.0,3270.0,3170.0,3200.0,6000,-1.0,-1.0,-1.0
2016/03/18,3210.0,3210.0,3210.0,3210.0,1000,-1.0,-1.0,-1.0
2016/03/22,3150.0,3150.0,3140.0,3140.0,3000,-1.0,-1.0,-1.0
2016/03/24,3110.0,3170.0,3110.0,3170.0,2000,-1.0,-1.0,-1.0
2016/03/25,3250.0,3250.0,3250.0,3250.0,2000,-1.0,-1.0,-1.0
2016/03/28,3250.0,3250.0,3190.0,3190.0,2000,-1.0,-1.0,-1.0
2016/03/31,3190.0,3270.0,3190.0,3270.0,2000,-1.0,-1.0,-1.0
2016/04/04,3150.0,3150.0,3040.0,3040.0,4000,-1.0,-1.0,-1.0
2016/04/06,3000.0,3000.0,3000.0,3000.0,1000,-1.0,-1.0,-1.0
2016/04/11,2950.0,2950.0,2940.0,2940.0,7000,-1.0,-1.0,-1.0
2016/04/13,2980.0,2990.0,2980.0,2990.0,2000,-1.0,-1.0,-1.0
2016/04/14,3050.0,3050.0,3030.0,3030.0,2000,-1.0,-1.0,-1.0
2016/04/15,3030.0,3030.0,3030.0,3030.0,6000,-1.0,-1.0,-1.0
2016/04/18,3000.0,3000.0,3000.0,3000.0,1000,-1.0,-1.0,-1.0
2016/04/19,2930.0,3010.0,2930.0,3010.0,2000,-1.0,-1.0,-1.0
2016/04/21,3040.0,3060.0,3040.0,3050.0,5000,-1.0,-1.0,-1.0
2016/04/22,3080.0,3080.0,3080.0,3080.0,3000,-1.0,-1.0,-1.0
2016/04/25,3090.0,3090.0,3090.0,3090.0,1000,-1.0,-1.0,-1.0
2016/04/26,3010.0,3010.0,2930.0,2980.0,5000,-1.0,-1.0,-1.0
2016/04/28,3000.0,3040.0,3000.0,3040.0,9000,-1.0,-1.0,-1.0
2016/05/02,3040.0,3040.0,3040.0,3040.0,4000,-1.0,-1.0,-1.0
2016/05/10,3020.0,3020.0,3020.0,3020.0,3000,-1.0,-1.0,-1.0
2016/05/11,3020.0,3020.0,3020.0,3020.0,1000,-1.0,-1.0,-1.0
2016/05/13,3020.0,3020.0,3020.0,3020.0,3000,-1.0,-1.0,-1.0
2016/05/16,2950.0,2950.0,2800.0,2800.0,36000,-1.0,-1.0,-1.0
2016/05/17,2810.0,2830.0,2810.0,2830.0,7000,-1.0,-1.0,-1.0
2016/05/18,2820.0,2820.0,2790.0,2810.0,7000,-1.0,-1.0,-1.0
2016/05/19,2810.0,2810.0,2810.0,2810.0,2000,-1.0,-1.0,-1.0
2016/05/20,2790.0,2840.0,2750.0,2770.0,10000,-1.0,-1.0,-1.0
2016/05/23,2840.0,2840.0,2840.0,2840.0,3000,-1.0,-1.0,-1.0
2016/05/24,2750.0,2840.0,2750.0,2830.0,29000,-1.0,-1.0,-1.0
2016/05/25,2800.0,2840.0,2800.0,2840.0,2000,-1.0,-1.0,-1.0
2016/05/26,2850.0,2850.0,2840.0,2840.0,13000,-1.0,-1.0,-1.0
2016/05/27,2840.0,2840.0,2840.0,2840.0,5000,-1.0,-1.0,-1.0
2016/05/31,2860.0,2880.0,2860.0,2880.0,3000,-1.0,-1.0,-1.0
2016/06/01,2840.0,2850.0,2840.0,2850.0,5000,-1.0,-1.0,-1.0
2016/06/02,2870.0,2870.0,2850.0,2850.0,3000,-1.0,-1.0,-1.0
2016/06/06,2830.0,2860.0,2830.0,2860.0,2000,-1.0,-1.0,-1.0
2016/06/07,2850.0,2850.0,2850.0,2850.0,1000,-1.0,-1.0,-1.0
2016/06/08,2850.0,2850.0,2850.0,2850.0,6000,-1.0,-1.0,-1.0
2016/06/10,2840.0,2840.0,2830.0,2840.0,7000,-1.0,-1.0,-1.0
2016/06/14,2760.0,2780.0,2760.0,2760.0,7000,-1.0,-1.0,-1.0
2016/06/15,2760.0,2770.0,2760.0,2760.0,21000,-1.0,-1.0,-1.0
2016/06/16,2750.0,2750.0,2720.0,2720.0,10000,-1.0,-1.0,-1.0
2016/06/17,2710.0,2710.0,2630.0,2650.0,3000,-1.0,-1.0,-1.0
2016/06/20,2700.0,2700.0,2680.0,2680.0,3000,-1.0,-1.0,-1.0
2016/06/21,2660.0,2660.0,2660.0,2660.0,1000,-1.0,-1.0,-1.0
2016/06/22,2680.0,2680.0,2680.0,2680.0,1000,-1.0,-1.0,-1.0
2016/06/23,2650.0,2650.0,2650.0,2650.0,2000,-1.0,-1.0,-1.0
2016/06/24,2660.0,2660.0,2440.0,2440.0,24000,-1.0,-1.0,-1.0
2016/06/27,2600.0,2600.0,2600.0,2600.0,7000,-1.0,-1.0,-1.0
2016/06/28,2600.0,2610.0,2600.0,2600.0,6000,-1.0,-1.0,-1.0
2016/06/29,2650.0,2650.0,2650.0,2650.0,1000,-1.0,-1.0,-1.0
2016/06/30,2600.0,2650.0,2600.0,2610.0,7000,-1.0,-1.0,-1.0
2016/07/01,2650.0,2650.0,2650.0,2650.0,2000,-1.0,-1.0,-1.0
2016/07/04,2640.0,2640.0,2640.0,2640.0,1000,-1.0,-1.0,-1.0
2016/07/05,2640.0,2640.0,2620.0,2620.0,2000,-1.0,-1.0,-1.0
2016/07/06,2620.0,2620.0,2600.0,2620.0,7000,-1.0,-1.0,-1.0
2016/07/07,2600.0,2600.0,2600.0,2600.0,1000,-1.0,-1.0,-1.0
2016/07/08,2600.0,2600.0,2600.0,2600.0,2000,-1.0,-1.0,-1.0
2016/07/11,2650.0,2690.0,2650.0,2690.0,14000,-1.0,-1.0,-1.0
2016/07/12,2700.0,2750.0,2700.0,2750.0,7000,-1.0,-1.0,-1.0
2016/07/13,2750.0,2780.0,2750.0,2780.0,25000,-1.0,-1.0,-1.0
2016/07/14,2780.0,2780.0,2750.0,2760.0,7000,-1.0,-1.0,-1.0
2016/07/15,2770.0,2850.0,2770.0,2850.0,7000,-1.0,-1.0,-1.0
2016/07/19,2850.0,2850.0,2850.0,2850.0,40000,-1.0,-1.0,-1.0
2016/07/20,2850.0,2850.0,2850.0,2850.0,7000,-1.0,-1.0,-1.0
2016/07/21,2800.0,2800.0,2800.0,2800.0,1000,-1.0,-1.0,-1.0
2016/07/22,2800.0,2800.0,2800.0,2800.0,2000,-1.0,-1.0,-1.0
2016/07/27,2720.0,2780.0,2720.0,2780.0,4000,-1.0,-1.0,-1.0
2016/07/29,2780.0,2800.0,2780.0,2800.0,7000,-1.0,-1.0,-1.0
2016/08/01,2800.0,2800.0,2780.0,2790.0,5000,-1.0,-1.0,-1.0
2016/08/04,2790.0,2790.0,2790.0,2790.0,1000,-1.0,-1.0,-1.0
2016/08/08,2800.0,2800.0,2800.0,2800.0,1000,-1.0,-1.0,-1.0
2016/08/09,2760.0,2760.0,2760.0,2760.0,2000,-1.0,-1.0,-1.0
2016/08/10,2760.0,2760.0,2760.0,2760.0,1000,-1.0,-1.0,-1.0
2016/08/12,2740.0,2820.0,2740.0,2820.0,9000,-1.0,-1.0,-1.0
2016/08/15,2800.0,2800.0,2750.0,2750.0,10000,-1.0,-1.0,-1.0
2016/08/16,2800.0,2800.0,2800.0,2800.0,4000,-1.0,-1.0,-1.0
2016/08/22,2730.0,2730.0,2730.0,2730.0,1000,-1.0,-1.0,-1.0
2016/08/23,2730.0,2730.0,2730.0,2730.0,1000,-1.0,-1.0,-1.0
2016/08/26,2730.0,2730.0,2730.0,2730.0,8000,-1.0,-1.0,-1.0
2016/08/29,2750.0,2750.0,2750.0,2750.0,2000,-1.0,-1.0,-1.0
2016/08/31,2800.0,2830.0,2800.0,2830.0,3000,-1.0,-1.0,-1.0
2016/09/02,2750.0,2750.0,2750.0,2750.0,2000,-1.0,-1.0,-1.0
2016/09/06,2810.0,2830.0,2770.0,2770.0,6000,-1.0,-1.0,-1.0
2016/09/07,2780.0,2780.0,2780.0,2780.0,1000,-1.0,-1.0,-1.0
2016/09/08,2800.0,2870.0,2800.0,2870.0,6000,-1.0,-1.0,-1.0
2016/09/13,2820.0,2820.0,2800.0,2800.0,2000,-1.0,-1.0,-1.0
2016/09/14,2800.0,2800.0,2670.0,2750.0,9000,-1.0,-1.0,-1.0
2016/09/15,2750.0,2790.0,2750.0,2780.0,3000,-1.0,-1.0,-1.0
2016/09/16,2780.0,2780.0,2740.0,2740.0,12000,-1.0,-1.0,-1.0
2016/09/26,2800.0,2820.0,2800.0,2820.0,2000,-1.0,-1.0,-1.0
2016/09/27,2800.0,2810.0,2800.0,2810.0,9000,-1.0,-1.0,-1.0
2016/09/28,2810.0,2810.0,2730.0,2780.0,4000,-1.0,-1.0,-1.0
2016/09/30,2770.0,2800.0,2770.0,2780.0,5000,-1.0,-1.0,-1.0
2016/10/04,2780.0,2800.0,2780.0,2800.0,10000,-1.0,-1.0,-1.0
2016/10/05,2800.0,2800.0,2800.0,2800.0,1000,-1.0,-1.0,-1.0
2016/10/06,2800.0,2800.0,2800.0,2800.0,1000,-1.0,-1.0,-1.0
2016/10/11,2830.0,2850.0,2830.0,2850.0,2000,-1.0,-1.0,-1.0
2016/10/12,2790.0,2800.0,2790.0,2800.0,7000,-1.0,-1.0,-1.0
2016/10/13,2800.0,2800.0,2800.0,2800.0,3000,-1.0,-1.0,-1.0
2016/10/17,2800.0,2860.0,2800.0,2860.0,12000,-1.0,-1.0,-1.0
2016/10/18,2780.0,2800.0,2780.0,2800.0,12000,-1.0,-1.0,-1.0
2016/10/19,2820.0,2820.0,2820.0,2820.0,2000,-1.0,-1.0,-1.0
2016/10/21,2820.0,2820.0,2820.0,2820.0,2000,-1.0,-1.0,-1.0
2016/10/24,2810.0,2810.0,2810.0,2810.0,1000,-1.0,-1.0,-1.0
2016/10/25,2870.0,2870.0,2820.0,2820.0,6000,-1.0,-1.0,-1.0
2016/10/26,2830.0,2850.0,2830.0,2850.0,2000,-1.0,-1.0,-1.0
2016/10/28,2870.0,2870.0,2850.0,2850.0,4000,-1.0,-1.0,-1.0
2016/10/31,2840.0,2850.0,2840.0,2840.0,11000,-1.0,-1.0,-1.0
2016/11/01,2850.0,2850.0,2850.0,2850.0,4000,-1.0,-1.0,-1.0
2016/11/02,2770.0,2800.0,2770.0,2770.0,9000,-1.0,-1.0,-1.0
2016/11/04,2780.0,2780.0,2760.0,2760.0,4000,-1.0,-1.0,-1.0
2016/11/09,2850.0,2850.0,2770.0,2770.0,5000,-1.0,-1.0,-1.0
2016/11/10,2810.0,2840.0,2800.0,2840.0,3000,-1.0,-1.0,-1.0
2016/11/11,2830.0,2830.0,2770.0,2770.0,10000,-1.0,-1.0,-1.0
2016/11/14,2840.0,2850.0,2840.0,2850.0,3000,-1.0,-1.0,-1.0
2016/11/15,2850.0,2880.0,2850.0,2880.0,10000,-1.0,-1.0,-1.0
2016/11/16,2890.0,2900.0,2890.0,2900.0,3000,-1.0,-1.0,-1.0
2016/11/17,2900.0,2900.0,2830.0,2850.0,7000,-1.0,-1.0,-1.0
2016/11/18,2900.0,2900.0,2900.0,2900.0,1000,-1.0,-1.0,-1.0
2016/11/21,2950.0,2950.0,2910.0,2910.0,6000,-1.0,-1.0,-1.0
2016/11/24,2950.0,2950.0,2950.0,2950.0,3000,-1.0,-1.0,-1.0
2016/11/25,3030.0,3040.0,2910.0,2930.0,17000,-1.0,-1.0,-1.0
2016/11/28,2960.0,2980.0,2960.0,2980.0,6000,-1.0,-1.0,-1.0
2016/11/29,3000.0,3010.0,3000.0,3010.0,3000,-1.0,-1.0,-1.0
2016/11/30,3010.0,3080.0,3010.0,3020.0,15000,-1.0,-1.0,-1.0
2016/12/01,3080.0,3080.0,3040.0,3040.0,3000,-1.0,-1.0,-1.0
2016/12/02,3050.0,3050.0,3050.0,3050.0,1000,-1.0,-1.0,-1.0
2016/12/05,3050.0,3050.0,3050.0,3050.0,1000,-1.0,-1.0,-1.0
2016/12/06,3070.0,3070.0,3070.0,3070.0,2000,-1.0,-1.0,-1.0
2016/12/07,3080.0,3080.0,3060.0,3060.0,3000,-1.0,-1.0,-1.0
2016/12/08,3060.0,3120.0,3060.0,3120.0,6000,-1.0,-1.0,-1.0
2016/12/09,3110.0,3200.0,3110.0,3200.0,13000,-1.0,-1.0,-1.0
2016/12/12,3200.0,3240.0,3200.0,3240.0,7000,-1.0,-1.0,-1.0
2016/12/13,3240.0,3260.0,3240.0,3260.0,3000,-1.0,-1.0,-1.0
2016/12/14,3320.0,3320.0,3250.0,3260.0,9000,-1.0,-1.0,-1.0
2016/12/15,3260.0,3270.0,3200.0,3270.0,15000,-1.0,-1.0,-1.0
2016/12/16,3210.0,3230.0,3200.0,3230.0,11000,-1.0,-1.0,-1.0
2016/12/19,3200.0,3280.0,3180.0,3200.0,23000,-1.0,-1.0,-1.0
2016/12/20,3170.0,3190.0,3170.0,3180.0,6000,-1.0,-1.0,-1.0
2016/12/21,3200.0,3200.0,3130.0,3130.0,15000,-1.0,-1.0,-1.0
2016/12/22,3120.0,3120.0,3100.0,3100.0,5000,-1.0,-1.0,-1.0
2016/12/26,3180.0,3180.0,3100.0,3120.0,13000,-1.0,-1.0,-1.0
2016/12/27,3150.0,3150.0,3100.0,3110.0,16000,-1.0,-1.0,-1.0
2016/12/28,3160.0,3160.0,3160.0,3160.0,1000,-1.0,-1.0,-1.0
2016/12/29,3160.0,3160.0,3160.0,3160.0,3000,-1.0,-1.0,-1.0
2016/12/30,3120.0,3160.0,3120.0,3160.0,4000,-1.0,-1.0,-1.0
2017/01/04,3170.0,3180.0,3170.0,3180.0,2000,-1.0,-1.0,-1.0
2017/01/06,3200.0,3240.0,3200.0,3240.0,5000,-1.0,-1.0,-1.0
2017/01/10,3200.0,3240.0,3200.0,3240.0,2000,-1.0,-1.0,-1.0
2017/01/11,3250.0,3270.0,3250.0,3270.0,5000,-1.0,-1.0,-1.0
2017/01/12,3220.0,3220.0,3160.0,3190.0,13000,-1.0,-1.0,-1.0
2017/01/13,3170.0,3190.0,3170.0,3190.0,5000,-1.0,-1.0,-1.0
2017/01/16,3190.0,3190.0,3150.0,3150.0,10000,-1.0,-1.0,-1.0
2017/01/17,3110.0,3170.0,3100.0,3150.0,16000,-1.0,-1.0,-1.0
2017/01/20,3150.0,3160.0,3150.0,3160.0,2000,-1.0,-1.0,-1.0
2017/01/23,3200.0,3210.0,3200.0,3210.0,5000,-1.0,-1.0,-1.0
2017/01/24,3140.0,3140.0,3140.0,3140.0,1000,-1.0,-1.0,-1.0
2017/01/26,3210.0,3230.0,3210.0,3230.0,2000,-1.0,-1.0,-1.0
2017/01/27,3250.0,3270.0,3250.0,3270.0,3000,-1.0,-1.0,-1.0
2017/01/30,3270.0,3280.0,3270.0,3280.0,6000,-1.0,-1.0,-1.0
2017/01/31,3250.0,3330.0,3250.0,3330.0,6000,-1.0,-1.0,-1.0
2017/02/01,3260.0,3260.0,3260.0,3260.0,1000,-1.0,-1.0,-1.0
2017/02/02,3260.0,3260.0,3240.0,3260.0,4000,-1.0,-1.0,-1.0
2017/02/07,3280.0,3300.0,3280.0,3300.0,4000,-1.0,-1.0,-1.0
2017/02/08,3290.0,3290.0,3290.0,3290.0,3000,-1.0,-1.0,-1.0
2017/02/09,3300.0,3300.0,3300.0,3300.0,4000,-1.0,-1.0,-1.0
2017/02/10,3330.0,3340.0,3330.0,3340.0,3000,-1.0,-1.0,-1.0
2017/02/13,3320.0,3350.0,3320.0,3350.0,4000,-1.0,-1.0,-1.0
2017/02/14,3360.0,3360.0,3360.0,3360.0,1000,-1.0,-1.0,-1.0
2017/02/15,3360.0,3380.0,3360.0,3380.0,13000,-1.0,-1.0,-1.0
2017/02/16,3380.0,3380.0,3320.0,3330.0,10000,-1.0,-1.0,-1.0
2017/02/17,3330.0,3330.0,3330.0,3330.0,4000,-1.0,-1.0,-1.0
2017/02/20,3350.0,3370.0,3330.0,3370.0,9000,-1.0,-1.0,-1.0
2017/02/21,3380.0,3390.0,3310.0,3330.0,9000,-1.0,-1.0,-1.0
2017/02/22,3370.0,3380.0,3370.0,3380.0,2000,-1.0,-1.0,-1.0
2017/02/23,3400.0,3470.0,3400.0,3410.0,20000,-1.0,-1.0,-1.0
2017/02/24,3420.0,3500.0,3410.0,3410.0,18000,-1.0,-1.0,-1.0
2017/02/27,3380.0,3380.0,3340.0,3340.0,8000,-1.0,-1.0,-1.0
2017/02/28,3370.0,3400.0,3370.0,3380.0,6000,-1.0,-1.0,-1.0
2017/03/02,3410.0,3500.0,3380.0,3380.0,19000,-1.0,-1.0,-1.0
2017/03/03,3420.0,3480.0,3420.0,3460.0,12000,-1.0,-1.0,-1.0
2017/03/06,3430.0,3430.0,3410.0,3410.0,7000,-1.0,-1.0,-1.0
2017/03/07,3490.0,3530.0,3430.0,3430.0,15000,-1.0,-1.0,-1.0
2017/03/08,3490.0,3490.0,3490.0,3490.0,4000,-1.0,-1.0,-1.0
2017/03/09,3450.0,3490.0,3450.0,3480.0,10000,-1.0,-1.0,-1.0
2017/03/10,3480.0,3520.0,3480.0,3520.0,12000,-1.0,-1.0,-1.0
2017/03/13,3490.0,3550.0,3440.0,3550.0,13000,-1.0,-1.0,-1.0
2017/03/14,3480.0,3560.0,3480.0,3500.0,6000,-1.0,-1.0,-1.0
2017/03/15,3510.0,3510.0,3500.0,3500.0,12000,-1.0,-1.0,-1.0
2017/03/21,3540.0,3550.0,3530.0,3550.0,12000,-1.0,-1.0,-1.0
2017/03/22,3540.0,3540.0,3460.0,3470.0,9000,-1.0,-1.0,-1.0
2017/03/23,3530.0,3530.0,3470.0,3470.0,7000,-1.0,-1.0,-1.0
2017/03/24,3520.0,3520.0,3520.0,3520.0,3000,-1.0,-1.0,-1.0
2017/03/28,3520.0,3520.0,3470.0,3470.0,17000,-1.0,-1.0,-1.0
2017/03/29,3420.0,3420.0,3260.0,3370.0,25000,-1.0,-1.0,-1.0
2017/03/30,3350.0,3350.0,3310.0,3310.0,8000,-1.0,-1.0,-1.0
2017/03/31,3370.0,3370.0,3370.0,3370.0,3000,-1.0,-1.0,-1.0
2017/04/03,3360.0,3360.0,3360.0,3360.0,1000,-1.0,-1.0,-1.0
2017/04/04,3300.0,3300.0,3300.0,3300.0,1000,-1.0,-1.0,-1.0
2017/04/05,3310.0,3310.0,3310.0,3310.0,1000,-1.0,-1.0,-1.0
2017/04/06,3230.0,3230.0,3220.0,3220.0,9000,-1.0,-1.0,-1.0
2017/04/07,3230.0,3230.0,3230.0,3230.0,2000,-1.0,-1.0,-1.0
2017/04/11,3230.0,3230.0,3210.0,3230.0,5000,-1.0,-1.0,-1.0
2017/04/12,3160.0,3200.0,3160.0,3200.0,5000,-1.0,-1.0,-1.0
2017/04/13,3200.0,3200.0,3170.0,3170.0,3000,-1.0,-1.0,-1.0
2017/04/14,3180.0,3180.0,3180.0,3180.0,1000,-1.0,-1.0,-1.0
2017/04/17,3190.0,3240.0,3150.0,3150.0,40000,-1.0,-1.0,-1.0
2017/04/18,3140.0,3140.0,3140.0,3140.0,140000,-1.0,-1.0,-1.0
2017/04/19,3190.0,3200.0,3190.0,3200.0,6000,-1.0,-1.0,-1.0
2017/04/20,3170.0,3240.0,3100.0,3130.0,33000,-1.0,-1.0,-1.0
2017/04/21,3130.0,3180.0,3100.0,3180.0,5000,-1.0,-1.0,-1.0
2017/04/24,3200.0,3200.0,3160.0,3160.0,5000,-1.0,-1.0,-1.0
2017/04/25,3180.0,3220.0,3180.0,3210.0,11000,-1.0,-1.0,-1.0
2017/04/26,3210.0,3250.0,3210.0,3230.0,17000,-1.0,-1.0,-1.0
2017/04/27,3240.0,3240.0,3210.0,3210.0,4000,-1.0,-1.0,-1.0
2017/04/28,3210.0,3210.0,3210.0,3210.0,1000,-1.0,-1.0,-1.0
2017/05/02,3340.0,3350.0,3310.0,3310.0,3000,-1.0,-1.0,-1.0
2017/05/08,3320.0,3410.0,3320.0,3380.0,18000,-1.0,-1.0,-1.0
2017/05/09,3400.0,3410.0,3350.0,3380.0,7000,-1.0,-1.0,-1.0
2017/05/10,3340.0,3340.0,3340.0,3340.0,3000,-1.0,-1.0,-1.0
2017/05/11,3350.0,3420.0,3350.0,3400.0,12000,-1.0,-1.0,-1.0
2017/05/12,3380.0,3380.0,3350.0,3350.0,5000,-1.0,-1.0,-1.0
2017/05/15,3350.0,3350.0,3220.0,3280.0,12000,-1.0,-1.0,-1.0
2017/05/16,3230.0,3280.0,3230.0,3250.0,5000,-1.0,-1.0,-1.0
2017/05/17,3260.0,3270.0,3260.0,3270.0,3000,-1.0,-1.0,-1.0
2017/05/22,3260.0,3260.0,3260.0,3260.0,5000,-1.0,-1.0,-1.0
2017/05/23,3200.0,3250.0,3200.0,3250.0,8000,-1.0,-1.0,-1.0
2017/05/24,3230.0,3230.0,3200.0,3200.0,14000,-1.0,-1.0,-1.0
2017/05/25,3220.0,3220.0,3220.0,3220.0,2000,-1.0,-1.0,-1.0
2017/05/26,3220.0,3230.0,3220.0,3230.0,3000,-1.0,-1.0,-1.0
2017/05/29,3230.0,3230.0,3230.0,3230.0,1000,-1.0,-1.0,-1.0
2017/05/30,3190.0,3210.0,3190.0,3210.0,3000,-1.0,-1.0,-1.0
2017/05/31,3230.0,3230.0,3230.0,3230.0,3000,-1.0,-1.0,-1.0
2017/06/02,3230.0,3230.0,3230.0,3230.0,2000,-1.0,-1.0,-1.0
2017/06/06,3210.0,3210.0,3210.0,3210.0,1000,-1.0,-1.0,-1.0
2017/06/08,3190.0,3200.0,3190.0,3200.0,2000,-1.0,-1.0,-1.0
2017/06/12,3290.0,3290.0,3290.0,3290.0,4000,-1.0,-1.0,-1.0
2017/06/13,3290.0,3300.0,3290.0,3300.0,3000,-1.0,-1.0,-1.0
2017/06/14,3320.0,3320.0,3320.0,3320.0,1000,-1.0,-1.0,-1.0
2017/06/15,3340.0,3340.0,3320.0,3320.0,8000,-1.0,-1.0,-1.0
2017/06/16,3270.0,3280.0,3250.0,3270.0,6000,-1.0,-1.0,-1.0
2017/06/21,3310.0,3310.0,3310.0,3310.0,1000,-1.0,-1.0,-1.0
2017/06/22,3240.0,3280.0,3240.0,3280.0,6000,-1.0,-1.0,-1.0
2017/06/23,3250.0,3260.0,3250.0,3260.0,2000,-1.0,-1.0,-1.0
2017/06/26,3270.0,3350.0,3270.0,3350.0,3000,-1.0,-1.0,-1.0
2017/06/27,3300.0,3300.0,3300.0,3300.0,1000,-1.0,-1.0,-1.0
2017/06/28,3300.0,3300.0,3270.0,3270.0,4000,-1.0,-1.0,-1.0
2017/06/29,3270.0,3270.0,3270.0,3270.0,2000,-1.0,-1.0,-1.0
2017/06/30,3290.0,3290.0,3290.0,3290.0,3000,-1.0,-1.0,-1.0
2017/07/03,3280.0,3280.0,3250.0,3250.0,8000,-1.0,-1.0,-1.0
2017/07/04,3260.0,3260.0,3220.0,3230.0,14000,-1.0,-1.0,-1.0
2017/07/05,3250.0,3250.0,3250.0,3250.0,1000,-1.0,-1.0,-1.0
2017/07/06,3260.0,3290.0,3240.0,3290.0,17000,-1.0,-1.0,-1.0
2017/07/07,3280.0,3280.0,3280.0,3280.0,1000,-1.0,-1.0,-1.0
2017/07/10,3290.0,3340.0,3290.0,3330.0,6000,-1.0,-1.0,-1.0
2017/07/11,3310.0,3360.0,3310.0,3350.0,14000,-1.0,-1.0,-1.0
2017/07/12,3340.0,3340.0,3340.0,3340.0,1000,-1.0,-1.0,-1.0
2017/07/13,3340.0,3340.0,3330.0,3330.0,6000,-1.0,-1.0,-1.0
2017/07/14,3330.0,3390.0,3330.0,3390.0,13000,-1.0,-1.0,-1.0
2017/07/18,3390.0,3390.0,3360.0,3360.0,57000,-1.0,-1.0,-1.0
2017/07/19,3310.0,3310.0,3310.0,3310.0,2000,-1.0,-1.0,-1.0
2017/07/20,3350.0,3350.0,3330.0,3330.0,2000,-1.0,-1.0,-1.0
2017/07/21,3370.0,3370.0,3350.0,3350.0,3000,-1.0,-1.0,-1.0
2017/07/24,3350.0,3350.0,3350.0,3350.0,2000,-1.0,-1.0,-1.0
2017/07/25,3340.0,3350.0,3340.0,3350.0,12000,-1.0,-1.0,-1.0
2017/07/27,3350.0,3350.0,3350.0,3350.0,4000,-1.0,-1.0,-1.0
2017/07/28,3350.0,3350.0,3350.0,3350.0,2000,-1.0,-1.0,-1.0
2017/07/31,3350.0,3350.0,3350.0,3350.0,8000,-1.0,-1.0,-1.0
2017/08/01,3350.0,3350.0,3340.0,3350.0,8000,-1.0,-1.0,-1.0
2017/08/02,3360.0,3370.0,3360.0,3370.0,2000,-1.0,-1.0,-1.0
2017/08/03,3380.0,3380.0,3370.0,3370.0,4000,-1.0,-1.0,-1.0
2017/08/04,3310.0,3330.0,3310.0,3330.0,6000,-1.0,-1.0,-1.0
2017/08/08,3310.0,3310.0,3260.0,3300.0,8000,-1.0,-1.0,-1.0
2017/08/09,3300.0,3360.0,3300.0,3360.0,8000,-1.0,-1.0,-1.0
2017/08/10,4160.0,4160.0,3640.0,3810.0,690000,-1.0,-1.0,-1.0
2017/08/14,3750.0,3750.0,3670.0,3690.0,37000,-1.0,-1.0,-1.0
2017/08/15,3710.0,3710.0,3600.0,3650.0,45000,-1.0,-1.0,-1.0
2017/08/16,3680.0,3800.0,3620.0,3800.0,44000,-1.0,-1.0,-1.0
2017/08/17,3810.0,3820.0,3760.0,3820.0,24000,-1.0,-1.0,-1.0
2017/08/18,3720.0,3810.0,3720.0,3800.0,9000,-1.0,-1.0,-1.0
2017/08/21,3800.0,4180.0,3800.0,3930.0,129000,-1.0,-1.0,-1.0
2017/08/22,3980.0,4030.0,3970.0,4020.0,26000,-1.0,-1.0,-1.0
2017/08/23,4060.0,4150.0,4040.0,4070.0,63000,-1.0,-1.0,-1.0
2017/08/24,4060.0,4060.0,3940.0,3990.0,49000,-1.0,-1.0,-1.0
2017/08/25,3910.0,3950.0,3900.0,3920.0,26000,-1.0,-1.0,-1.0
2017/08/28,3950.0,3960.0,3940.0,3940.0,13000,-1.0,-1.0,-1.0
2017/08/29,3950.0,4090.0,3950.0,4060.0,20000,-1.0,-1.0,-1.0
2017/08/30,4100.0,4100.0,3910.0,4010.0,18000,-1.0,-1.0,-1.0
2017/08/31,4050.0,4110.0,4010.0,4100.0,29000,-1.0,-1.0,-1.0
2017/09/01,4100.0,4100.0,3970.0,4080.0,25000,-1.0,-1.0,-1.0
2017/09/04,4070.0,4070.0,3910.0,3910.0,28000,-1.0,-1.0,-1.0
2017/09/05,3900.0,3910.0,3760.0,3770.0,36000,-1.0,-1.0,-1.0
2017/09/06,3720.0,3790.0,3720.0,3790.0,20000,-1.0,-1.0,-1.0
2017/09/07,3810.0,3870.0,3780.0,3870.0,16000,-1.0,-1.0,-1.0
2017/09/08,3800.0,3880.0,3800.0,3880.0,2000,-1.0,-1.0,-1.0
2017/09/11,3880.0,3910.0,3880.0,3910.0,2000,-1.0,-1.0,-1.0
2017/09/12,3910.0,3950.0,3910.0,3950.0,4000,-1.0,-1.0,-1.0
2017/09/13,3940.0,3950.0,3940.0,3950.0,9000,-1.0,-1.0,-1.0
2017/09/14,3950.0,3950.0,3870.0,3950.0,5000,-1.0,-1.0,-1.0
2017/09/15,3950.0,3950.0,3880.0,3920.0,20000,-1.0,-1.0,-1.0
2017/09/19,3900.0,3970.0,3900.0,3930.0,25000,-1.0,-1.0,-1.0
2017/09/20,3920.0,3930.0,3920.0,3930.0,6000,-1.0,-1.0,-1.0
2017/09/21,3930.0,4050.0,3930.0,4050.0,26000,-1.0,-1.0,-1.0
2017/09/22,4050.0,4050.0,3920.0,3990.0,16000,-1.0,-1.0,-1.0
2017/09/25,3980.0,4020.0,3890.0,4000.0,15000,-1.0,-1.0,-1.0
2017/09/26,3990.0,3990.0,3950.0,3990.0,24000,-1.0,-1.0,-1.0
2017/09/27,3990.0,4090.0,3990.0,4070.0,26000,-1.0,-1.0,-1.0
2017/09/28,4080.0,4300.0,4080.0,4260.0,123000,-1.0,-1.0,-1.0
2017/09/29,4260.0,4380.0,4190.0,4380.0,104000,-1.0,-1.0,-1.0
2017/10/02,4380.0,4520.0,4380.0,4490.0,66000,-1.0,-1.0,-1.0
2017/10/03,4490.0,4630.0,4400.0,4550.0,68000,-1.0,-1.0,-1.0
2017/10/04,4560.0,4560.0,4310.0,4430.0,59000,-1.0,-1.0,-1.0
2017/10/05,4450.0,4520.0,4430.0,4430.0,34000,-1.0,-1.0,-1.0
2017/10/06,4370.0,4440.0,4370.0,4420.0,11000,-1.0,-1.0,-1.0
2017/10/10,4450.0,4510.0,4420.0,4510.0,40000,-1.0,-1.0,-1.0
2017/10/11,4510.0,4590.0,4480.0,4480.0,35000,-1.0,-1.0,-1.0
2017/10/12,4510.0,4600.0,4500.0,4520.0,33000,-1.0,-1.0,-1.0
2017/10/13,4540.0,4600.0,4530.0,4600.0,19000,-1.0,-1.0,-1.0
2017/10/16,4700.0,4890.0,4680.0,4800.0,139000,-1.0,-1.0,-1.0
2017/10/17,4880.0,5250.0,4870.0,5230.0,212000,-1.0,-1.0,-1.0
2017/10/18,5230.0,5230.0,4910.0,5130.0,133000,-1.0,-1.0,-1.0
2017/10/19,5780.0,6000.0,5260.0,5450.0,453000,-1.0,-1.0,-1.0
2017/10/20,5450.0,5790.0,5300.0,5380.0,166000,-1.0,-1.0,-1.0
2017/10/23,5380.0,5380.0,4930.0,5220.0,154000,-1.0,-1.0,-1.0
2017/10/24,5220.0,5290.0,5110.0,5280.0,44000,-1.0,-1.0,-1.0
2017/10/25,5380.0,5380.0,5200.0,5220.0,39000,-1.0,-1.0,-1.0
2017/10/26,5210.0,5360.0,5200.0,5330.0,56000,-1.0,-1.0,-1.0
2017/10/27,5350.0,5690.0,5300.0,5670.0,81000,-1.0,-1.0,-1.0
2017/10/30,5650.0,5800.0,5570.0,5730.0,121000,-1.0,-1.0,-1.0
2017/10/31,5700.0,5700.0,5570.0,5690.0,63000,-1.0,-1.0,-1.0
2017/11/01,5660.0,5870.0,5610.0,5870.0,102000,-1.0,-1.0,-1.0
2017/11/02,5850.0,5870.0,5610.0,5770.0,91000,-1.0,-1.0,-1.0
2017/11/06,5700.0,5870.0,5570.0,5800.0,86000,-1.0,-1.0,-1.0
2017/11/07,5800.0,5940.0,5800.0,5920.0,37000,-1.0,-1.0,-1.0
2017/11/08,5940.0,6920.0,5600.0,6920.0,414000,-1.0,-1.0,-1.0
2017/11/09,6820.0,6890.0,6520.0,6670.0,290000,-1.0,-1.0,-1.0
2017/11/10,6170.0,6200.0,5800.0,5800.0,449000,-1.0,-1.0,-1.0
2017/11/13,5800.0,5840.0,5720.0,5730.0,144000,-1.0,-1.0,-1.0
2017/11/14,5640.0,5700.0,5520.0,5520.0,116000,-1.0,-1.0,-1.0
2017/11/15,5520.0,5580.0,5200.0,5250.0,174000,-1.0,-1.0,-1.0
2017/11/16,5260.0,5530.0,5260.0,5490.0,85000,-1.0,-1.0,-1.0
2017/11/17,5620.0,5640.0,5550.0,5600.0,62000,-1.0,-1.0,-1.0
2017/11/20,5570.0,5960.0,5570.0,5920.0,120000,-1.0,-1.0,-1.0
2017/11/21,6000.0,6060.0,5800.0,6040.0,115000,-1.0,-1.0,-1.0
2017/11/22,5980.0,6150.0,5980.0,6020.0,75000,-1.0,-1.0,-1.0
2017/11/24,6040.0,6230.0,6040.0,6160.0,56000,-1.0,-1.0,-1.0
2017/11/27,6160.0,6210.0,6110.0,6150.0,45000,-1.0,-1.0,-1.0
2017/11/28,6060.0,6150.0,6000.0,6030.0,48000,-1.0,-1.0,-1.0
2017/11/29,6030.0,6040.0,5900.0,5990.0,41000,-1.0,-1.0,-1.0
2017/11/30,5890.0,5950.0,5870.0,5930.0,24000,-1.0,-1.0,-1.0
2017/12/01,5930.0,6030.0,5930.0,6000.0,33000,-1.0,-1.0,-1.0
2017/12/04,5980.0,6050.0,5860.0,5970.0,28000,-1.0,-1.0,-1.0
2017/12/05,5870.0,5960.0,5710.0,5750.0,58000,-1.0,-1.0,-1.0
2017/12/06,5750.0,5750.0,5670.0,5670.0,29000,-1.0,-1.0,-1.0
2017/12/07,5780.0,5780.0,5720.0,5780.0,7000,-1.0,-1.0,-1.0
2017/12/08,5680.0,5730.0,5660.0,5700.0,29000,-1.0,-1.0,-1.0
2017/12/11,5700.0,5860.0,5700.0,5830.0,23000,-1.0,-1.0,-1.0
2017/12/12,5830.0,5910.0,5830.0,5900.0,24000,-1.0,-1.0,-1.0
2017/12/13,5900.0,5930.0,5840.0,5870.0,38000,-1.0,-1.0,-1.0
2017/12/14,5840.0,6090.0,5840.0,6050.0,33000,-1.0,-1.0,-1.0
2017/12/15,6130.0,6130.0,5990.0,6020.0,40000,-1.0,-1.0,-1.0
2017/12/18,6020.0,6120.0,5920.0,5970.0,41000,-1.0,-1.0,-1.0
2017/12/19,5970.0,5970.0,5860.0,5900.0,14000,-1.0,-1.0,-1.0
2017/12/20,6000.0,6000.0,5830.0,5950.0,32000,-1.0,-1.0,-1.0
2017/12/21,5950.0,5950.0,5860.0,5940.0,21000,-1.0,-1.0,-1.0
2017/12/22,5930.0,5960.0,5920.0,5920.0,12000,-1.0,-1.0,-1.0
2017/12/25,5900.0,5900.0,5810.0,5810.0,15000,-1.0,-1.0,-1.0
2017/12/26,5790.0,5820.0,5780.0,5820.0,20000,-1.0,-1.0,-1.0
2017/12/27,5880.0,5970.0,5880.0,5970.0,8000,-1.0,-1.0,-1.0
2017/12/28,5970.0,6000.0,5920.0,6000.0,23000,-1.0,-1.0,-1.0
2017/12/29,5920.0,6000.0,5870.0,5990.0,17000,-1.0,-1.0,-1.0
2018/01/04,6000.0,6090.0,5900.0,5920.0,50000,-1.0,-1.0,-1.0
2018/01/05,5920.0,6040.0,5920.0,6020.0,27000,-1.0,-1.0,-1.0
2018/01/09,6020.0,6090.0,5980.0,6080.0,74000,-1.0,-1.0,-1.0
2018/01/10,6070.0,6080.0,6020.0,6070.0,19000,-1.0,-1.0,-1.0
2018/01/11,6030.0,6150.0,6010.0,6130.0,43000,-1.0,-1.0,-1.0
2018/01/12,6200.0,6500.0,6200.0,6410.0,102000,-1.0,-1.0,-1.0
2018/01/15,6510.0,6540.0,6410.0,6440.0,46000,-1.0,-1.0,-1.0
2018/01/16,6480.0,6480.0,6310.0,6440.0,35000,-1.0,-1.0,-1.0
2018/01/17,6410.0,6410.0,6310.0,6310.0,31000,-1.0,-1.0,-1.0
2018/01/18,6350.0,6390.0,6230.0,6300.0,39000,-1.0,-1.0,-1.0
2018/01/19,6360.0,6360.0,6280.0,6320.0,23000,-1.0,-1.0,-1.0
2018/01/22,6290.0,6500.0,6290.0,6480.0,24000,-1.0,-1.0,-1.0
2018/01/23,6480.0,6550.0,6480.0,6550.0,16000,-1.0,-1.0,-1.0
2018/01/24,6550.0,6730.0,6550.0,6660.0,48000,-1.0,-1.0,-1.0
2018/01/25,6630.0,6800.0,6570.0,6720.0,62000,-1.0,-1.0,-1.0
2018/01/26,6900.0,7120.0,6830.0,7090.0,168000,-1.0,-1.0,-1.0
2018/01/29,7190.0,7600.0,7140.0,7360.0,216000,-1.0,-1.0,-1.0
2018/01/30,7230.0,7350.0,7060.0,7270.0,104000,-1.0,-1.0,-1.0
2018/01/31,7120.0,7400.0,7060.0,7210.0,89000,-1.0,-1.0,-1.0
2018/02/01,7170.0,7260.0,6970.0,7260.0,64000,-1.0,-1.0,-1.0
2018/02/02,7260.0,7350.0,7230.0,7320.0,21000,-1.0,-1.0,-1.0
2018/02/05,7020.0,7180.0,6890.0,7020.0,68000,-1.0,-1.0,-1.0
2018/02/06,6270.0,6500.0,5750.0,6300.0,210000,-1.0,-1.0,-1.0
2018/02/07,6700.0,6880.0,6500.0,6500.0,88000,-1.0,-1.0,-1.0
2018/02/08,6550.0,6900.0,6510.0,6850.0,104000,-1.0,-1.0,-1.0
2018/02/09,6490.0,6750.0,6290.0,6600.0,87000,-1.0,-1.0,-1.0
2018/02/13,6920.0,6920.0,6450.0,6450.0,136000,-1.0,-1.0,-1.0
2018/02/14,6150.0,6200.0,5450.0,5450.0,334000,-1.0,-1.0,-1.0
2018/02/15,5500.0,5600.0,5010.0,5150.0,149000,-1.0,-1.0,-1.0
2018/02/16,5250.0,5360.0,5190.0,5300.0,54000,-1.0,-1.0,-1.0
2018/02/19,5410.0,5650.0,5380.0,5620.0,63000,-1.0,-1.0,-1.0
2018/02/20,5550.0,5650.0,5450.0,5590.0,45000,-1.0,-1.0,-1.0
2018/02/21,5550.0,5770.0,5500.0,5770.0,38000,-1.0,-1.0,-1.0
2018/02/22,5710.0,5760.0,5500.0,5730.0,31000,-1.0,-1.0,-1.0
2018/02/23,5710.0,5730.0,5700.0,5720.0,18000,-1.0,-1.0,-1.0
2018/02/26,5800.0,5820.0,5710.0,5820.0,37000,-1.0,-1.0,-1.0
2018/02/27,5850.0,5860.0,5700.0,5780.0,23000,-1.0,-1.0,-1.0
2018/02/28,5840.0,5990.0,5840.0,5990.0,55000,-1.0,-1.0,-1.0
2018/03/01,5890.0,5920.0,5790.0,5830.0,42000,-1.0,-1.0,-1.0
2018/03/02,5700.0,5700.0,5550.0,5700.0,51000,-1.0,-1.0,-1.0
2018/03/05,5600.0,5600.0,5330.0,5360.0,55000,-1.0,-1.0,-1.0
2018/03/06,5600.0,5600.0,5380.0,5510.0,24000,-1.0,-1.0,-1.0
2018/03/07,5450.0,5520.0,5420.0,5450.0,36000,-1.0,-1.0,-1.0
2018/03/08,5460.0,5500.0,5460.0,5490.0,5000,-1.0,-1.0,-1.0
2018/03/09,5460.0,5520.0,5450.0,5450.0,11000,-1.0,-1.0,-1.0
2018/03/12,5650.0,5650.0,5410.0,5440.0,38000,-1.0,-1.0,-1.0
2018/03/13,5490.0,5620.0,5420.0,5590.0,40000,-1.0,-1.0,-1.0
2018/03/14,5490.0,5610.0,5490.0,5540.0,14000,-1.0,-1.0,-1.0
2018/03/15,5540.0,5560.0,5500.0,5550.0,22000,-1.0,-1.0,-1.0
2018/03/16,5570.0,5590.0,5470.0,5570.0,109000,-1.0,-1.0,-1.0
2018/03/19,5550.0,5550.0,5350.0,5410.0,21000,-1.0,-1.0,-1.0
2018/03/20,5340.0,5340.0,5180.0,5260.0,24000,-1.0,-1.0,-1.0
2018/03/22,5260.0,5270.0,5190.0,5220.0,13000,-1.0,-1.0,-1.0
2018/03/23,4940.0,4990.0,4810.0,4820.0,134000,-1.0,-1.0,-1.0
2018/03/26,4750.0,4750.0,4520.0,4690.0,36000,-1.0,-1.0,-1.0
2018/03/27,4750.0,4860.0,4750.0,4860.0,28000,-1.0,-1.0,-1.0
2018/03/28,4700.0,4790.0,4680.0,4790.0,11000,-1.0,-1.0,-1.0
2018/03/29,4840.0,4850.0,4840.0,4850.0,4000,-1.0,-1.0,-1.0
2018/03/30,4870.0,4950.0,4850.0,4910.0,13000,-1.0,-1.0,-1.0
2018/04/02,4900.0,4900.0,4850.0,4850.0,2000,-1.0,-1.0,-1.0
2018/04/03,4810.0,4810.0,4730.0,4740.0,9000,-1.0,-1.0,-1.0
2018/04/04,4860.0,4860.0,4780.0,4780.0,2000,-1.0,-1.0,-1.0
2018/04/05,4850.0,4890.0,4850.0,4890.0,5000,-1.0,-1.0,-1.0
2018/04/06,4890.0,4890.0,4890.0,4890.0,6000,-1.0,-1.0,-1.0
2018/04/09,4780.0,4780.0,4740.0,4740.0,10000,-1.0,-1.0,-1.0
2018/04/10,4740.0,4740.0,4740.0,4740.0,2000,-1.0,-1.0,-1.0
2018/04/11,4770.0,4770.0,4650.0,4650.0,12000,-1.0,-1.0,-1.0
2018/04/12,4600.0,4600.0,4600.0,4600.0,2000,-1.0,-1.0,-1.0
2018/04/13,4700.0,4720.0,4700.0,4720.0,4000,-1.0,-1.0,-1.0
2018/04/16,4720.0,4720.0,4450.0,4490.0,26000,-1.0,-1.0,-1.0
2018/04/17,4490.0,4540.0,4440.0,4540.0,9000,-1.0,-1.0,-1.0
2018/04/18,4540.0,4650.0,4540.0,4650.0,8000,-1.0,-1.0,-1.0
2018/04/19,4690.0,4800.0,4690.0,4740.0,13000,-1.0,-1.0,-1.0
2018/04/20,4740.0,4740.0,4730.0,4730.0,9000,-1.0,-1.0,-1.0
2018/04/23,4650.0,4700.0,4630.0,4670.0,10000,-1.0,-1.0,-1.0
2018/04/24,4680.0,4800.0,4680.0,4800.0,21000,-1.0,-1.0,-1.0
2018/04/25,4800.0,4990.0,4740.0,4920.0,41000,-1.0,-1.0,-1.0
2018/04/26,5000.0,5150.0,5000.0,5000.0,34000,-1.0,-1.0,-1.0
2018/04/27,5010.0,5100.0,5000.0,5080.0,10000,-1.0,-1.0,-1.0
2018/05/01,5090.0,5100.0,5080.0,5080.0,11000,-1.0,-1.0,-1.0
2018/05/02,5080.0,5080.0,4920.0,4990.0,8000,-1.0,-1.0,-1.0
2018/05/07,4970.0,5080.0,4900.0,5080.0,30000,-1.0,-1.0,-1.0
2018/05/08,4940.0,4940.0,4910.0,4920.0,16000,-1.0,-1.0,-1.0
2018/05/09,4890.0,4910.0,4890.0,4910.0,5000,-1.0,-1.0,-1.0
2018/05/10,4670.0,4900.0,4670.0,4750.0,90000,-1.0,-1.0,-1.0
2018/05/11,4670.0,4700.0,4520.0,4630.0,73000,-1.0,-1.0,-1.0
2018/05/14,4500.0,4510.0,4330.0,4370.0,81000,-1.0,-1.0,-1.0
2018/05/15,4250.0,4670.0,4250.0,4620.0,77000,-1.0,-1.0,-1.0
2018/05/16,4620.0,4620.0,4510.0,4510.0,10000,-1.0,-1.0,-1.0
2018/05/17,4480.0,4590.0,4470.0,4520.0,16000,-1.0,-1.0,-1.0
2018/05/18,4560.0,4580.0,4540.0,4570.0,6000,-1.0,-1.0,-1.0
2018/05/21,4630.0,4640.0,4600.0,4600.0,11000,-1.0,-1.0,-1.0
2018/05/22,4600.0,4670.0,4600.0,4610.0,18000,-1.0,-1.0,-1.0
2018/05/23,4610.0,4620.0,4600.0,4600.0,9000,-1.0,-1.0,-1.0
2018/05/24,4600.0,4650.0,4580.0,4650.0,23000,-1.0,-1.0,-1.0
2018/05/25,4660.0,4660.0,4560.0,4570.0,16000,-1.0,-1.0,-1.0
2018/05/28,4540.0,4540.0,4520.0,4520.0,4000,-1.0,-1.0,-1.0
2018/05/29,4520.0,4520.0,4480.0,4480.0,4000,-1.0,-1.0,-1.0
2018/05/30,4450.0,4500.0,4400.0,4500.0,6000,-1.0,-1.0,-1.0
2018/05/31,4500.0,4520.0,4490.0,4520.0,12000,-1.0,-1.0,-1.0
2018/06/01,4520.0,4520.0,4450.0,4500.0,20000,-1.0,-1.0,-1.0
2018/06/04,4490.0,4560.0,4490.0,4560.0,11000,-1.0,-1.0,-1.0
2018/06/05,4570.0,4650.0,4570.0,4600.0,31000,-1.0,-1.0,-1.0
2018/06/06,4630.0,4650.0,4610.0,4640.0,14000,-1.0,-1.0,-1.0
2018/06/07,4680.0,4720.0,4680.0,4700.0,17000,-1.0,-1.0,-1.0
2018/06/08,4700.0,4700.0,4660.0,4660.0,6000,-1.0,-1.0,-1.0
2018/06/11,4660.0,4660.0,4580.0,4600.0,7000,-1.0,-1.0,-1.0
2018/06/12,4610.0,4690.0,4610.0,4690.0,6000,-1.0,-1.0,-1.0
2018/06/13,4690.0,4710.0,4590.0,4630.0,38000,-1.0,-1.0,-1.0
2018/06/14,4640.0,4770.0,4640.0,4700.0,26000,-1.0,-1.0,-1.0
2018/06/15,4710.0,4830.0,4710.0,4790.0,25000,-1.0,-1.0,-1.0
2018/06/18,4790.0,4790.0,4710.0,4710.0,26000,-1.0,-1.0,-1.0
2018/06/19,4700.0,4700.0,4540.0,4570.0,44000,-1.0,-1.0,-1.0
2018/06/20,4520.0,4520.0,4430.0,4490.0,9000,-1.0,-1.0,-1.0
2018/06/21,4550.0,4640.0,4550.0,4640.0,13000,-1.0,-1.0,-1.0
2018/06/22,4520.0,4600.0,4520.0,4600.0,4000,-1.0,-1.0,-1.0
2018/06/26,4450.0,4510.0,4440.0,4500.0,7000,-1.0,-1.0,-1.0
2018/06/27,4500.0,4540.0,4500.0,4540.0,2000,-1.0,-1.0,-1.0
2018/06/28,4540.0,4540.0,4540.0,4540.0,2000,-1.0,-1.0,-1.0
2018/06/29,4520.0,4520.0,4460.0,4460.0,5000,-1.0,-1.0,-1.0
2018/07/02,4530.0,4530.0,4460.0,4460.0,8000,-1.0,-1.0,-1.0
2018/07/03,4450.0,4450.0,4360.0,4360.0,9000,-1.0,-1.0,-1.0
2018/07/04,4300.0,4300.0,4300.0,4300.0,3000,-1.0,-1.0,-1.0
2018/07/05,4250.0,4430.0,4250.0,4290.0,19000,-1.0,-1.0,-1.0
2018/07/06,4280.0,4300.0,4210.0,4250.0,20000,-1.0,-1.0,-1.0
2018/07/09,4270.0,4270.0,4270.0,4270.0,2000,-1.0,-1.0,-1.0
2018/07/10,4350.0,4560.0,4350.0,4560.0,18000,-1.0,-1.0,-1.0
2018/07/11,4480.0,4500.0,4440.0,4500.0,8000,-1.0,-1.0,-1.0
2018/07/12,4560.0,4580.0,4540.0,4580.0,10000,-1.0,-1.0,-1.0
2018/07/13,4580.0,4610.0,4580.0,4590.0,6000,-1.0,-1.0,-1.0
2018/07/17,4590.0,4640.0,4590.0,4640.0,28000,-1.0,-1.0,-1.0
2018/07/18,4640.0,4700.0,4640.0,4700.0,21000,-1.0,-1.0,-1.0
2018/07/19,4710.0,4710.0,4500.0,4600.0,65000,-1.0,-1.0,-1.0
2018/07/20,4560.0,4580.0,4560.0,4570.0,4000,-1.0,-1.0,-1.0
2018/07/23,4570.0,4570.0,4530.0,4530.0,4000,-1.0,-1.0,-1.0
2018/07/24,4550.0,4650.0,4550.0,4560.0,16000,-1.0,-1.0,-1.0
2018/07/25,4580.0,4580.0,4530.0,4530.0,6000,-1.0,-1.0,-1.0
2018/07/26,4480.0,4520.0,4470.0,4490.0,11000,-1.0,-1.0,-1.0
2018/07/27,4490.0,4490.0,4450.0,4460.0,12000,-1.0,-1.0,-1.0
2018/07/30,4400.0,4480.0,4370.0,4390.0,22000,-1.0,-1.0,-1.0
2018/07/31,4390.0,4400.0,4380.0,4400.0,12000,-1.0,-1.0,-1.0
2018/08/01,4430.0,4430.0,4430.0,4430.0,8000,-1.0,-1.0,-1.0
2018/08/02,4430.0,4430.0,4360.0,4410.0,6000,-1.0,-1.0,-1.0
2018/08/03,4350.0,4350.0,4350.0,4350.0,4000,-1.0,-1.0,-1.0
2018/08/06,4290.0,4320.0,4290.0,4310.0,20000,-1.0,-1.0,-1.0
2018/08/07,4290.0,4340.0,4290.0,4320.0,6000,-1.0,-1.0,-1.0
2018/08/08,4240.0,4330.0,4200.0,4290.0,26000,-1.0,-1.0,-1.0
2018/08/09,4300.0,4300.0,4190.0,4250.0,38000,-1.0,-1.0,-1.0
2018/08/10,4240.0,4250.0,4220.0,4220.0,8000,-1.0,-1.0,-1.0
2018/08/13,4190.0,4200.0,4140.0,4140.0,10000,-1.0,-1.0,-1.0
2018/08/14,4140.0,4410.0,4120.0,4290.0,28000,-1.0,-1.0,-1.0
2018/08/15,4280.0,4300.0,4220.0,4220.0,10000,-1.0,-1.0,-1.0
2018/08/16,4190.0,4270.0,4130.0,4180.0,27000,-1.0,-1.0,-1.0
2018/08/17,4180.0,4200.0,4180.0,4180.0,22000,-1.0,-1.0,-1.0
2018/08/20,4210.0,4210.0,4180.0,4190.0,13000,-1.0,-1.0,-1.0
2018/08/21,4170.0,4210.0,4170.0,4210.0,10000,-1.0,-1.0,-1.0
2018/08/22,4210.0,4290.0,4210.0,4290.0,11000,-1.0,-1.0,-1.0
2018/08/23,4290.0,4340.0,4290.0,4340.0,24000,-1.0,-1.0,-1.0
2018/08/24,4310.0,4330.0,4310.0,4330.0,4000,-1.0,-1.0,-1.0
2018/08/27,4330.0,4400.0,4330.0,4400.0,8000,-1.0,-1.0,-1.0
2018/08/28,4400.0,4440.0,4400.0,4440.0,5000,-1.0,-1.0,-1.0
2018/08/29,4450.0,4450.0,4450.0,4450.0,2000,-1.0,-1.0,-1.0
2018/08/31,4360.0,4430.0,4360.0,4400.0,11000,-1.0,-1.0,-1.0
2018/09/03,4330.0,4330.0,4250.0,4250.0,15000,-1.0,-1.0,-1.0
2018/09/04,4240.0,4250.0,4240.0,4250.0,4000,-1.0,-1.0,-1.0
2018/09/06,4180.0,4270.0,4180.0,4270.0,12000,-1.0,-1.0,-1.0
2018/09/07,4190.0,4190.0,4120.0,4150.0,12000,-1.0,-1.0,-1.0
2018/09/10,4150.0,4150.0,4150.0,4150.0,1000,-1.0,-1.0,-1.0
2018/09/12,4160.0,4180.0,4130.0,4170.0,12000,-1.0,-1.0,-1.0
2018/09/13,4170.0,4170.0,4120.0,4120.0,8000,-1.0,-1.0,-1.0
2018/09/14,4120.0,4190.0,4120.0,4130.0,13000,-1.0,-1.0,-1.0
2018/09/18,4130.0,4140.0,4120.0,4140.0,12000,-1.0,-1.0,-1.0
2018/09/19,4130.0,4190.0,4120.0,4130.0,21000,-1.0,-1.0,-1.0
2018/09/20,4130.0,4170.0,4130.0,4130.0,12000,-1.0,-1.0,-1.0
2018/09/21,4130.0,4170.0,4130.0,4150.0,14000,-1.0,-1.0,-1.0
2018/09/25,4150.0,4150.0,4150.0,4150.0,4000,-1.0,-1.0,-1.0
2018/09/26,4150.0,4245.0,4150.0,4245.0,700,-1.0,-1.0,-1.0
2018/09/27,4160.0,4180.0,4160.0,4180.0,2900,-1.0,-1.0,-1.0
2018/09/28,4170.0,4200.0,4165.0,4175.0,1200,-1.0,-1.0,-1.0
2018/10/01,4175.0,4175.0,4165.0,4165.0,400,-1.0,-1.0,-1.0
2018/10/02,4200.0,4315.0,4200.0,4315.0,400,-1.0,-1.0,-1.0
2018/10/03,4300.0,4400.0,4300.0,4400.0,2800,-1.0,-1.0,-1.0
2018/10/04,4360.0,4360.0,4235.0,4235.0,500,-1.0,-1.0,-1.0
2018/10/05,4215.0,4230.0,4215.0,4230.0,200,-1.0,-1.0,-1.0
2018/10/09,4215.0,4220.0,4215.0,4220.0,300,-1.0,-1.0,-1.0
2018/10/10,4200.0,4200.0,4130.0,4130.0,2200,-1.0,-1.0,-1.0
2018/10/11,4100.0,4100.0,3930.0,4000.0,1300,-1.0,-1.0,-1.0
2018/10/12,4010.0,4030.0,3970.0,3970.0,800,-1.0,-1.0,-1.0
2018/10/15,3990.0,4070.0,3990.0,4070.0,400,-1.0,-1.0,-1.0
2018/10/16,4070.0,4070.0,4020.0,4050.0,2000,-1.0,-1.0,-1.0
2018/10/17,4100.0,4100.0,4000.0,4050.0,4900,-1.0,-1.0,-1.0
2018/10/18,4120.0,4120.0,4120.0,4120.0,200,-1.0,-1.0,-1.0
2018/10/19,4050.0,4050.0,4010.0,4010.0,600,-1.0,-1.0,-1.0
2018/10/22,4000.0,4050.0,4000.0,4050.0,300,-1.0,-1.0,-1.0
2018/10/23,4000.0,4000.0,4000.0,4000.0,300,-1.0,-1.0,-1.0
2018/10/24,3965.0,4040.0,3960.0,4040.0,2900,-1.0,-1.0,-1.0
2018/10/25,3945.0,3945.0,3910.0,3920.0,3000,-1.0,-1.0,-1.0
2018/10/26,3950.0,3955.0,3930.0,3930.0,1300,-1.0,-1.0,-1.0
2018/10/29,3930.0,3930.0,3910.0,3910.0,400,-1.0,-1.0,-1.0
2018/10/30,4000.0,4000.0,3915.0,3915.0,300,-1.0,-1.0,-1.0
2018/10/31,3890.0,3905.0,3890.0,3905.0,600,-1.0,-1.0,-1.0
2018/11/01,3925.0,3925.0,3880.0,3905.0,800,-1.0,-1.0,-1.0
2018/11/02,3910.0,3970.0,3900.0,3970.0,1100,-1.0,-1.0,-1.0
2018/11/05,3930.0,3930.0,3930.0,3930.0,100,-1.0,-1.0,-1.0
2018/11/06,3930.0,3930.0,3930.0,3930.0,100,-1.0,-1.0,-1.0
2018/11/07,3930.0,3930.0,3900.0,3900.0,400,-1.0,-1.0,-1.0
2018/11/08,3900.0,3905.0,3900.0,3905.0,300,-1.0,-1.0,-1.0
2018/11/09,3905.0,3905.0,3800.0,3895.0,800,-1.0,-1.0,-1.0
2018/11/12,3800.0,3940.0,3800.0,3940.0,1300,-1.0,-1.0,-1.0
2018/11/13,3970.0,3970.0,3845.0,3935.0,3300,-1.0,-1.0,-1.0
2018/11/14,3885.0,3885.0,3875.0,3875.0,1200,-1.0,-1.0,-1.0
2018/11/15,3885.0,3885.0,3875.0,3875.0,1100,-1.0,-1.0,-1.0
2018/11/16,3890.0,3900.0,3890.0,3900.0,200,-1.0,-1.0,-1.0
2018/11/19,3900.0,3900.0,3885.0,3885.0,500,-1.0,-1.0,-1.0
2018/11/20,3875.0,3875.0,3875.0,3875.0,300,-1.0,-1.0,-1.0
2018/11/21,3830.0,3830.0,3750.0,3815.0,800,-1.0,-1.0,-1.0
2018/11/22,3745.0,3800.0,3710.0,3765.0,1600,-1.0,-1.0,-1.0
2018/11/26,3735.0,3800.0,3730.0,3740.0,1400,-1.0,-1.0,-1.0
2018/11/27,3740.0,3740.0,3740.0,3740.0,200,-1.0,-1.0,-1.0
2018/11/28,3750.0,3760.0,3740.0,3745.0,700,-1.0,-1.0,-1.0
2018/11/29,3760.0,3760.0,3740.0,3740.0,900,-1.0,-1.0,-1.0
2018/11/30,3745.0,3780.0,3745.0,3780.0,400,-1.0,-1.0,-1.0
2018/12/03,3780.0,3830.0,3750.0,3830.0,900,-1.0,-1.0,-1.0
2018/12/04,3770.0,3770.0,3750.0,3750.0,600,-1.0,-1.0,-1.0
2018/12/05,3710.0,3815.0,3710.0,3815.0,600,-1.0,-1.0,-1.0
2018/12/06,3810.0,3810.0,3805.0,3805.0,400,-1.0,-1.0,-1.0
2018/12/10,3710.0,3735.0,3710.0,3735.0,1500,-1.0,-1.0,-1.0
2018/12/11,3735.0,3740.0,3735.0,3740.0,200,-1.0,-1.0,-1.0
2018/12/12,3810.0,3840.0,3810.0,3840.0,200,-1.0,-1.0,-1.0
2018/12/13,3790.0,3815.0,3790.0,3800.0,500,-1.0,-1.0,-1.0
2018/12/14,3810.0,3810.0,3810.0,3810.0,100,-1.0,-1.0,-1.0
2018/12/17,3810.0,3810.0,3620.0,3660.0,4000,-1.0,-1.0,-1.0
2018/12/18,3530.0,3560.0,3525.0,3525.0,2900,-1.0,-1.0,-1.0
2018/12/19,3510.0,3515.0,3425.0,3425.0,2500,-1.0,-1.0,-1.0
2018/12/20,3430.0,3430.0,3320.0,3320.0,2800,-1.0,-1.0,-1.0
2018/12/21,3275.0,3275.0,3135.0,3150.0,2400,-1.0,-1.0,-1.0
2018/12/25,3015.0,3085.0,2970.0,2999.0,10000,-1.0,-1.0,-1.0
2018/12/26,3050.0,3050.0,2980.0,2980.0,900,-1.0,-1.0,-1.0
2018/12/27,3115.0,3115.0,3060.0,3060.0,200,-1.0,-1.0,-1.0
2018/12/28,3070.0,3115.0,2981.0,3115.0,1400,-1.0,-1.0,-1.0
2019/01/04,3000.0,3060.0,3000.0,3060.0,400,-1.0,-1.0,-1.0
2019/01/07,3110.0,3110.0,3030.0,3050.0,500,-1.0,-1.0,-1.0
2019/01/08,3050.0,3050.0,3050.0,3050.0,100,-1.0,-1.0,-1.0
2019/01/10,3260.0,3300.0,3260.0,3285.0,600,-1.0,-1.0,-1.0
2019/01/11,3250.0,3285.0,3250.0,3285.0,500,-1.0,-1.0,-1.0
2019/01/15,3285.0,3285.0,3280.0,3280.0,800,-1.0,-1.0,-1.0
2019/01/16,3140.0,3170.0,3140.0,3170.0,200,-1.0,-1.0,-1.0
2019/01/17,3170.0,3170.0,3170.0,3170.0,400,-1.0,-1.0,-1.0
2019/01/18,3125.0,3285.0,3125.0,3285.0,800,-1.0,-1.0,-1.0
2019/01/21,3395.0,3395.0,3395.0,3395.0,300,-1.0,-1.0,-1.0
2019/01/23,3205.0,3330.0,3140.0,3330.0,300,-1.0,-1.0,-1.0
2019/01/24,3260.0,3260.0,3260.0,3260.0,100,-1.0,-1.0,-1.0
2019/01/25,3225.0,3285.0,3225.0,3250.0,400,-1.0,-1.0,-1.0
2019/01/28,3250.0,3250.0,3250.0,3250.0,200,-1.0,-1.0,-1.0
2019/01/29,3250.0,3250.0,3185.0,3185.0,800,-1.0,-1.0,-1.0
2019/01/31,3185.0,3190.0,3185.0,3190.0,300,-1.0,-1.0,-1.0
2019/02/01,3190.0,3190.0,3185.0,3185.0,600,-1.0,-1.0,-1.0
2019/02/04,3180.0,3185.0,3180.0,3180.0,400,-1.0,-1.0,-1.0
2019/02/05,3180.0,3200.0,3180.0,3180.0,1000,-1.0,-1.0,-1.0
2019/02/07,3200.0,3200.0,3200.0,3200.0,200,-1.0,-1.0,-1.0
2019/02/08,3270.0,3270.0,3190.0,3190.0,300,-1.0,-1.0,-1.0
2019/02/12,3150.0,3190.0,3150.0,3190.0,900,-1.0,-1.0,-1.0
2019/02/13,3200.0,3200.0,3200.0,3200.0,100,-1.0,-1.0,-1.0
2019/02/14,3270.0,3270.0,3230.0,3230.0,400,-1.0,-1.0,-1.0
2019/02/15,3235.0,3235.0,3200.0,3200.0,1400,-1.0,-1.0,-1.0
2019/02/18,3200.0,3250.0,3200.0,3250.0,500,-1.0,-1.0,-1.0
2019/02/19,3245.0,3245.0,3220.0,3220.0,300,-1.0,-1.0,-1.0
2019/02/20,3220.0,3220.0,3150.0,3155.0,1200,-1.0,-1.0,-1.0
2019/02/21,3165.0,3235.0,3120.0,3235.0,1100,-1.0,-1.0,-1.0
2019/02/22,3220.0,3225.0,3195.0,3225.0,900,-1.0,-1.0,-1.0
2019/02/25,3210.0,3210.0,3210.0,3210.0,200,-1.0,-1.0,-1.0
2019/02/26,3210.0,3210.0,3210.0,3210.0,100,-1.0,-1.0,-1.0
2019/02/27,3245.0,3245.0,3245.0,3245.0,200,-1.0,-1.0,-1.0
2019/02/28,3245.0,3245.0,3245.0,3245.0,200,-1.0,-1.0,-1.0
2019/03/01,3245.0,3245.0,3245.0,3245.0,200,-1.0,-1.0,-1.0
2019/03/04,3245.0,3245.0,3245.0,3245.0,100,-1.0,-1.0,-1.0
2019/03/06,3175.0,3190.0,3175.0,3190.0,300,-1.0,-1.0,-1.0
2019/03/07,3170.0,3240.0,3170.0,3240.0,400,-1.0,-1.0,-1.0
2019/03/08,3170.0,3200.0,3130.0,3200.0,900,-1.0,-1.0,-1.0
2019/03/11,3200.0,3200.0,3150.0,3190.0,300,-1.0,-1.0,-1.0
2019/03/12,3175.0,3175.0,3175.0,3175.0,100,-1.0,-1.0,-1.0
2019/03/13,3170.0,3175.0,3150.0,3175.0,1600,-1.0,-1.0,-1.0
2019/03/15,3210.0,3240.0,3210.0,3210.0,400,-1.0,-1.0,-1.0
2019/03/18,3220.0,3245.0,3210.0,3245.0,500,-1.0,-1.0,-1.0
2019/03/19,3245.0,3270.0,3245.0,3270.0,700,-1.0,-1.0,-1.0
2019/03/20,3205.0,3205.0,3205.0,3205.0,100,-1.0,-1.0,-1.0
2019/03/25,3215.0,3310.0,3200.0,3310.0,3000,-1.0,-1.0,-1.0
2019/03/26,3210.0,3210.0,3210.0,3210.0,100,-1.0,-1.0,-1.0
2019/03/27,3140.0,3140.0,3140.0,3140.0,300,-1.0,-1.0,-1.0
2019/03/29,3140.0,3140.0,3140.0,3140.0,300,-1.0,-1.0,-1.0
2019/04/01,3140.0,3140.0,3120.0,3120.0,600,-1.0,-1.0,-1.0
2019/04/02,3150.0,3150.0,3150.0,3150.0,100,-1.0,-1.0,-1.0
2019/04/03,3190.0,3200.0,3190.0,3200.0,200,-1.0,-1.0,-1.0
2019/04/04,3160.0,3160.0,3125.0,3125.0,300,-1.0,-1.0,-1.0
2019/04/05,3125.0,3125.0,3125.0,3125.0,200,-1.0,-1.0,-1.0
2019/04/08,3120.0,3200.0,3120.0,3200.0,900,-1.0,-1.0,-1.0
2019/04/10,3170.0,3170.0,3150.0,3150.0,200,-1.0,-1.0,-1.0
2019/04/11,3175.0,3175.0,3175.0,3175.0,100,-1.0,-1.0,-1.0
2019/04/12,3130.0,3130.0,3080.0,3080.0,300,-1.0,-1.0,-1.0
2019/04/16,3085.0,3100.0,3085.0,3100.0,200,-1.0,-1.0,-1.0
2019/04/17,3110.0,3110.0,3110.0,3110.0,200,-1.0,-1.0,-1.0
2019/04/18,3165.0,3165.0,3100.0,3100.0,1300,-1.0,-1.0,-1.0
2019/04/22,3075.0,3075.0,3065.0,3065.0,300,-1.0,-1.0,-1.0
2019/04/23,3155.0,3155.0,3085.0,3085.0,500,-1.0,-1.0,-1.0
2019/04/24,3150.0,3150.0,3150.0,3150.0,700,-1.0,-1.0,-1.0
2019/04/26,3150.0,3155.0,3150.0,3155.0,400,-1.0,-1.0,-1.0
2019/05/07,3120.0,3120.0,3120.0,3120.0,100,-1.0,-1.0,-1.0
2019/05/08,3120.0,3120.0,3115.0,3115.0,200,-1.0,-1.0,-1.0
2019/05/09,3090.0,3090.0,3090.0,3090.0,100,-1.0,-1.0,-1.0
2019/05/10,3030.0,3040.0,3030.0,3040.0,700,-1.0,-1.0,-1.0
2019/05/13,3045.0,3060.0,3045.0,3060.0,300,-1.0,-1.0,-1.0
2019/05/14,2840.0,2920.0,2830.0,2900.0,3600,-1.0,-1.0,-1.0
2019/05/15,2900.0,2900.0,2900.0,2900.0,800,-1.0,-1.0,-1.0
2019/05/16,2900.0,2915.0,2850.0,2850.0,400,-1.0,-1.0,-1.0
2019/05/23,2850.0,2850.0,2850.0,2850.0,200,-1.0,-1.0,-1.0
2019/05/24,2800.0,2805.0,2800.0,2805.0,200,-1.0,-1.0,-1.0
2019/05/27,2820.0,2820.0,2820.0,2820.0,100,-1.0,-1.0,-1.0
2019/05/28,2820.0,2820.0,2820.0,2820.0,100,-1.0,-1.0,-1.0
2019/05/29,2820.0,2820.0,2820.0,2820.0,100,-1.0,-1.0,-1.0
2019/05/31,2825.0,2825.0,2816.0,2816.0,300,-1.0,-1.0,-1.0
2019/06/03,2825.0,2825.0,2800.0,2800.0,900,-1.0,-1.0,-1.0
2019/06/04,2800.0,2810.0,2800.0,2810.0,1100,-1.0,-1.0,-1.0
2019/06/05,2800.0,2810.0,2800.0,2810.0,800,-1.0,-1.0,-1.0
2019/06/06,2800.0,2800.0,2759.0,2779.0,1900,-1.0,-1.0,-1.0
2019/06/07,2760.0,2760.0,2760.0,2760.0,900,-1.0,-1.0,-1.0
2019/06/11,2763.0,2822.0,2763.0,2822.0,900,-1.0,-1.0,-1.0
2019/06/12,2843.0,2868.0,2812.0,2812.0,1000,-1.0,-1.0,-1.0
2019/06/13,2929.0,3190.0,2929.0,3140.0,9800,-1.0,-1.0,-1.0
2019/06/14,3140.0,3140.0,3100.0,3105.0,1400,-1.0,-1.0,-1.0
2019/06/17,3105.0,3105.0,3005.0,3005.0,900,-1.0,-1.0,-1.0
2019/06/18,3005.0,3005.0,3005.0,3005.0,100,-1.0,-1.0,-1.0
2019/06/19,3010.0,3095.0,3010.0,3095.0,400,-1.0,-1.0,-1.0
2019/06/20,3025.0,3025.0,3025.0,3025.0,100,-1.0,-1.0,-1.0
2019/06/21,3000.0,3020.0,3000.0,3020.0,500,-1.0,-1.0,-1.0
2019/06/24,3000.0,3015.0,2960.0,2960.0,300,-1.0,-1.0,-1.0
2019/06/25,3000.0,3000.0,3000.0,3000.0,200,-1.0,-1.0,-1.0
2019/06/26,3000.0,3025.0,3000.0,3025.0,300,-1.0,-1.0,-1.0
2019/06/27,3020.0,3020.0,3020.0,3020.0,500,-1.0,-1.0,-1.0
2019/06/28,3085.0,3085.0,3005.0,3005.0,900,-1.0,-1.0,-1.0
2019/07/01,3015.0,3070.0,3015.0,3070.0,600,-1.0,-1.0,-1.0
2019/07/02,3090.0,3090.0,3050.0,3050.0,1300,-1.0,-1.0,-1.0
2019/07/03,3055.0,3060.0,3050.0,3060.0,400,-1.0,-1.0,-1.0
2019/07/04,3150.0,3150.0,3130.0,3130.0,200,-1.0,-1.0,-1.0
2019/07/05,3100.0,3100.0,3100.0,3100.0,500,-1.0,-1.0,-1.0
2019/07/08,3070.0,3070.0,3065.0,3065.0,400,-1.0,-1.0,-1.0
2019/07/09,3050.0,3115.0,3050.0,3115.0,500,-1.0,-1.0,-1.0
2019/07/10,3125.0,3165.0,3120.0,3160.0,1800,-1.0,-1.0,-1.0
2019/07/11,3160.0,3210.0,3160.0,3200.0,1600,-1.0,-1.0,-1.0
2019/07/12,3190.0,3190.0,3190.0,3190.0,100,-1.0,-1.0,-1.0
2019/07/16,3190.0,3190.0,3160.0,3185.0,6100,-1.0,-1.0,-1.0
2019/07/18,3160.0,3170.0,3150.0,3150.0,1100,-1.0,-1.0,-1.0
2019/07/19,3115.0,3115.0,3110.0,3115.0,1000,-1.0,-1.0,-1.0
2019/07/22,3140.0,3140.0,3035.0,3110.0,2700,-1.0,-1.0,-1.0
2019/07/23,3105.0,3105.0,3080.0,3080.0,1100,-1.0,-1.0,-1.0
2019/07/24,3030.0,3030.0,3030.0,3030.0,1000,-1.0,-1.0,-1.0
2019/07/26,3095.0,3095.0,3095.0,3095.0,600,-1.0,-1.0,-1.0
2019/07/29,3095.0,3095.0,3020.0,3050.0,1200,-1.0,-1.0,-1.0
2019/07/31,3020.0,3020.0,3020.0,3020.0,300,-1.0,-1.0,-1.0
2019/08/01,2990.0,2990.0,2990.0,2990.0,1100,-1.0,-1.0,-1.0
2019/08/02,2975.0,2975.0,2910.0,2910.0,2000,-1.0,-1.0,-1.0
2019/08/05,2903.0,2903.0,2723.0,2800.0,1900,-1.0,-1.0,-1.0
2019/08/06,2750.0,2770.0,2621.0,2770.0,3000,-1.0,-1.0,-1.0
2019/08/07,2770.0,2771.0,2770.0,2771.0,300,-1.0,-1.0,-1.0
2019/08/08,2800.0,2843.0,2800.0,2843.0,500,-1.0,-1.0,-1.0
2019/08/09,2843.0,2843.0,2843.0,2843.0,100,-1.0,-1.0,-1.0
2019/08/15,2840.0,2840.0,2790.0,2805.0,1400,-1.0,-1.0,-1.0
2019/08/16,2787.0,2787.0,2787.0,2787.0,100,-1.0,-1.0,-1.0
2019/08/19,2800.0,2800.0,2794.0,2794.0,1200,-1.0,-1.0,-1.0
2019/08/21,2829.0,2829.0,2772.0,2795.0,1400,-1.0,-1.0,-1.0
2019/08/22,2795.0,2795.0,2795.0,2795.0,200,-1.0,-1.0,-1.0
2019/08/26,2745.0,2745.0,2745.0,2745.0,200,-1.0,-1.0,-1.0
2019/08/27,2733.0,2733.0,2733.0,2733.0,500,-1.0,-1.0,-1.0
2019/08/28,2732.0,2740.0,2690.0,2740.0,1600,-1.0,-1.0,-1.0
2019/08/30,2698.0,2698.0,2698.0,2698.0,100,-1.0,-1.0,-1.0
2019/09/02,2748.0,2748.0,2748.0,2748.0,100,-1.0,-1.0,-1.0
2019/09/05,2701.0,2701.0,2701.0,2701.0,300,-1.0,-1.0,-1.0
2019/09/06,2720.0,2720.0,2714.0,2714.0,600,-1.0,-1.0,-1.0
2019/09/09,2795.0,2795.0,2795.0,2795.0,100,-1.0,-1.0,-1.0
2019/09/10,2784.0,2784.0,2784.0,2784.0,100,-1.0,-1.0,-1.0
2019/09/11,2769.0,2875.0,2769.0,2875.0,1500,-1.0,-1.0,-1.0
2019/09/12,2834.0,2858.0,2825.0,2858.0,800,-1.0,-1.0,-1.0
2019/09/13,2863.0,2863.0,2863.0,2863.0,100,-1.0,-1.0,-1.0
2019/09/17,2863.0,2863.0,2847.0,2847.0,1000,-1.0,-1.0,-1.0
2019/09/19,2864.0,2864.0,2814.0,2814.0,200,-1.0,-1.0,-1.0
2019/09/20,2864.0,2864.0,2864.0,2864.0,100,-1.0,-1.0,-1.0
2019/09/24,2854.0,2854.0,2854.0,2854.0,100,-1.0,-1.0,-1.0
2019/09/25,2856.0,2856.0,2856.0,2856.0,100,-1.0,-1.0,-1.0
2019/09/27,2856.0,2856.0,2806.0,2806.0,200,-1.0,-1.0,-1.0
2019/09/30,2856.0,2856.0,2856.0,2856.0,100,-1.0,-1.0,-1.0
2019/10/01,2855.0,2855.0,2855.0,2855.0,400,-1.0,-1.0,-1.0
2019/10/02,2805.0,2807.0,2805.0,2805.0,600,-1.0,-1.0,-1.0
2019/10/03,2800.0,2800.0,2775.0,2776.0,6300,-1.0,-1.0,-1.0
2019/10/04,2800.0,2800.0,2776.0,2776.0,400,-1.0,-1.0,-1.0
2019/10/07,2810.0,2810.0,2784.0,2784.0,400,-1.0,-1.0,-1.0
2019/10/08,2750.0,2816.0,2750.0,2816.0,1700,-1.0,-1.0,-1.0
2019/10/10,2781.0,2781.0,2772.0,2772.0,1300,-1.0,-1.0,-1.0
2019/10/11,2792.0,2793.0,2792.0,2793.0,200,-1.0,-1.0,-1.0
2019/10/15,2794.0,2794.0,2761.0,2769.0,1100,-1.0,-1.0,-1.0
2019/10/17,2791.0,2791.0,2791.0,2791.0,100,-1.0,-1.0,-1.0
2019/10/18,2814.0,2814.0,2803.0,2803.0,400,-1.0,-1.0,-1.0
2019/10/21,2805.0,2805.0,2805.0,2805.0,100,-1.0,-1.0,-1.0
2019/10/23,2805.0,2805.0,2805.0,2805.0,100,-1.0,-1.0,-1.0
2019/10/24,2805.0,2805.0,2805.0,2805.0,500,-1.0,-1.0,-1.0
2019/10/25,2845.0,2935.0,2845.0,2868.0,2100,-1.0,-1.0,-1.0
2019/10/28,2871.0,2871.0,2868.0,2868.0,400,-1.0,-1.0,-1.0
2019/10/29,2869.0,2869.0,2868.0,2868.0,400,-1.0,-1.0,-1.0
2019/10/30,2870.0,2870.0,2870.0,2870.0,900,-1.0,-1.0,-1.0
2019/10/31,2895.0,2900.0,2886.0,2886.0,900,-1.0,-1.0,-1.0
2019/11/01,2836.0,2900.0,2836.0,2900.0,1200,-1.0,-1.0,-1.0
2019/11/05,2948.0,2948.0,2948.0,2948.0,100,-1.0,-1.0,-1.0
2019/11/07,2948.0,2975.0,2948.0,2975.0,600,-1.0,-1.0,-1.0
2019/11/08,2990.0,3060.0,2990.0,2997.0,2200,-1.0,-1.0,-1.0
2019/11/11,3025.0,3080.0,3025.0,3060.0,3300,-1.0,-1.0,-1.0
2019/11/12,3090.0,3130.0,3090.0,3120.0,1100,-1.0,-1.0,-1.0
2019/11/13,3050.0,3080.0,3000.0,3080.0,2200,-1.0,-1.0,-1.0
2019/11/14,3075.0,3075.0,3050.0,3075.0,7400,-1.0,-1.0,-1.0
2019/11/15,3090.0,3150.0,3090.0,3150.0,1600,-1.0,-1.0,-1.0
2019/11/18,3155.0,3155.0,3150.0,3150.0,700,-1.0,-1.0,-1.0
2019/11/19,3160.0,3175.0,3160.0,3175.0,800,-1.0,-1.0,-1.0
2019/11/20,3185.0,3270.0,3185.0,3240.0,3600,-1.0,-1.0,-1.0
2019/11/21,3240.0,3330.0,3240.0,3330.0,1600,-1.0,-1.0,-1.0
2019/11/22,3330.0,3365.0,3330.0,3365.0,1900,-1.0,-1.0,-1.0
2019/11/25,3405.0,3405.0,3350.0,3350.0,1100,-1.0,-1.0,-1.0
2019/11/26,3330.0,3330.0,3320.0,3320.0,1200,-1.0,-1.0,-1.0
2019/11/27,3310.0,3310.0,3310.0,3310.0,100,-1.0,-1.0,-1.0
2019/11/28,3310.0,3310.0,3260.0,3295.0,700,-1.0,-1.0,-1.0
2019/12/02,3250.0,3250.0,3250.0,3250.0,100,-1.0,-1.0,-1.0
2019/12/03,3210.0,3210.0,3140.0,3160.0,1400,-1.0,-1.0,-1.0
2019/12/04,3170.0,3170.0,3120.0,3120.0,800,-1.0,-1.0,-1.0
2019/12/05,3110.0,3120.0,3110.0,3120.0,800,-1.0,-1.0,-1.0
2019/12/06,3185.0,3220.0,3155.0,3190.0,1200,-1.0,-1.0,-1.0
2019/12/09,3185.0,3220.0,3185.0,3220.0,400,-1.0,-1.0,-1.0
2019/12/10,3220.0,3220.0,3210.0,3210.0,300,-1.0,-1.0,-1.0
2019/12/11,3210.0,3210.0,3210.0,3210.0,600,-1.0,-1.0,-1.0
2019/12/12,3200.0,3200.0,3200.0,3200.0,3800,-1.0,-1.0,-1.0
2019/12/16,3200.0,3200.0,3180.0,3200.0,1300,-1.0,-1.0,-1.0
2019/12/17,3160.0,3200.0,3150.0,3200.0,1500,-1.0,-1.0,-1.0
2019/12/18,3170.0,3230.0,3170.0,3230.0,2400,-1.0,-1.0,-1.0
2019/12/19,3230.0,3240.0,3230.0,3240.0,400,-1.0,-1.0,-1.0
2019/12/20,3225.0,3255.0,3225.0,3255.0,700,-1.0,-1.0,-1.0
2019/12/23,3185.0,3255.0,3185.0,3250.0,1100,-1.0,-1.0,-1.0
2019/12/24,3250.0,3260.0,3245.0,3260.0,1400,-1.0,-1.0,-1.0
2019/12/25,3260.0,3330.0,3260.0,3320.0,3900,-1.0,-1.0,-1.0
2019/12/26,3320.0,3355.0,3320.0,3350.0,800,-1.0,-1.0,-1.0
2019/12/27,3350.0,3355.0,3350.0,3355.0,400,-1.0,-1.0,-1.0
2019/12/30,3405.0,3475.0,3385.0,3445.0,2600,-1.0,-1.0,-1.0
2020/01/06,3445.0,3465.0,3440.0,3445.0,1200,-1.0,-1.0,-1.0
2020/01/07,3440.0,3545.0,3410.0,3545.0,3300,-1.0,-1.0,-1.0
2020/01/08,3545.0,3845.0,3545.0,3775.0,21400,-1.0,-1.0,-1.0
2020/01/09,3730.0,3760.0,3660.0,3715.0,1300,-1.0,-1.0,-1.0
2020/01/10,3800.0,4095.0,3800.0,3925.0,7300,-1.0,-1.0,-1.0
2020/01/14,4100.0,4625.0,4100.0,4625.0,37500,-1.0,-1.0,-1.0
2020/01/15,4620.0,5180.0,4600.0,5080.0,59600,-1.0,-1.0,-1.0
2020/01/16,5180.0,5760.0,4715.0,5730.0,135000,-1.0,-1.0,-1.0
2020/01/17,5720.0,6730.0,5720.0,6730.0,249900,-1.0,-1.0,-1.0
2020/01/20,6630.0,7730.0,6380.0,7730.0,252500,-1.0,-1.0,-1.0
2020/01/21,8310.0,8930.0,7440.0,7860.0,292100,-1.0,-1.0,-1.0
2020/01/22,7100.0,8610.0,6350.0,6350.0,187700,-1.0,-1.0,-1.0
2020/01/23,6340.0,6720.0,5490.0,5660.0,178500,-1.0,-1.0,-1.0
2020/01/24,5640.0,5880.0,5150.0,5760.0,129600,-1.0,-1.0,-1.0
2020/01/27,5360.0,5520.0,5190.0,5490.0,31900,-1.0,-1.0,-1.0
2020/01/28,5390.0,5860.0,5390.0,5530.0,23700,-1.0,-1.0,-1.0
2020/01/29,5440.0,5460.0,5200.0,5300.0,14700,-1.0,-1.0,-1.0
2020/01/30,5400.0,5400.0,5000.0,5010.0,15400,-1.0,-1.0,-1.0
2020/01/31,5120.0,5210.0,5050.0,5090.0,6200,-1.0,-1.0,-1.0
2020/02/03,4780.0,4820.0,4605.0,4675.0,8500,-1.0,-1.0,-1.0
2020/02/04,4740.0,5030.0,4715.0,4715.0,7800,-1.0,-1.0,-1.0
2020/02/05,4645.0,4645.0,4285.0,4325.0,10500,-1.0,-1.0,-1.0
2020/02/06,4415.0,4415.0,4155.0,4185.0,9400,-1.0,-1.0,-1.0
2020/02/07,4175.0,4200.0,4045.0,4105.0,7500,-1.0,-1.0,-1.0
2020/02/10,4105.0,4105.0,3985.0,3985.0,4300,-1.0,-1.0,-1.0
2020/02/12,4000.0,4250.0,3980.0,4085.0,7300,-1.0,-1.0,-1.0
2020/02/13,4000.0,4175.0,4000.0,4115.0,5900,-1.0,-1.0,-1.0
2020/02/14,4045.0,4125.0,3905.0,3905.0,3700,-1.0,-1.0,-1.0
2020/02/17,3905.0,3995.0,3905.0,3960.0,2300,-1.0,-1.0,-1.0
2020/02/18,3960.0,3960.0,3550.0,3680.0,15300,-1.0,-1.0,-1.0
2020/02/19,3680.0,3835.0,3680.0,3720.0,1700,-1.0,-1.0,-1.0
2020/02/20,3660.0,3890.0,3660.0,3720.0,3900,-1.0,-1.0,-1.0
2020/02/21,3650.0,4420.0,3650.0,4420.0,17500,-1.0,-1.0,-1.0
2020/02/25,4140.0,5010.0,3965.0,4340.0,46400,-1.0,-1.0,-1.0
2020/02/26,4160.0,4300.0,4010.0,4095.0,14000,-1.0,-1.0,-1.0
2020/02/27,4025.0,4025.0,3600.0,3625.0,12000,-1.0,-1.0,-1.0
2020/02/28,3510.0,3510.0,3130.0,3135.0,12100,-1.0,-1.0,-1.0
2020/03/02,3225.0,3725.0,3150.0,3430.0,11100,-1.0,-1.0,-1.0
2020/03/03,3640.0,4095.0,3600.0,3600.0,22800,-1.0,-1.0,-1.0
2020/03/04,3390.0,3580.0,3390.0,3500.0,7400,-1.0,-1.0,-1.0
2020/03/05,3640.0,3840.0,3465.0,3490.0,30600,-1.0,-1.0,-1.0
2020/03/06,3480.0,3625.0,3360.0,3360.0,4900,-1.0,-1.0,-1.0
2020/03/09,3125.0,3125.0,2870.0,2887.0,11900,-1.0,-1.0,-1.0
2020/03/10,2870.0,2870.0,2510.0,2809.0,11200,-1.0,-1.0,-1.0
2020/03/11,2859.0,3160.0,2720.0,2727.0,10600,-1.0,-1.0,-1.0
2020/03/12,2700.0,2779.0,2538.0,2577.0,10100,-1.0,-1.0,-1.0
2020/03/13,2377.0,2377.0,2077.0,2077.0,59500,-1.0,-1.0,-1.0
2020/03/16,2100.0,2127.0,1578.0,1692.0,309500,-1.0,-1.0,-1.0
2020/03/17,1675.0,1850.0,1606.0,1755.0,57900,-1.0,-1.0,-1.0
2020/03/18,1830.0,1960.0,1796.0,1801.0,33900,-1.0,-1.0,-1.0
2020/03/19,1808.0,1815.0,1665.0,1688.0,38300,-1.0,-1.0,-1.0
2020/03/23,1679.0,1799.0,1601.0,1783.0,27700,-1.0,-1.0,-1.0
2020/03/24,1780.0,2064.0,1780.0,2000.0,46300,-1.0,-1.0,-1.0
2020/03/25,2150.0,2240.0,2022.0,2113.0,24900,-1.0,-1.0,-1.0
2020/03/26,1963.0,2107.0,1963.0,2006.0,33100,-1.0,-1.0,-1.0
2020/03/27,2056.0,2056.0,1963.0,2007.0,21800,-1.0,-1.0,-1.0
2020/03/30,1947.0,1947.0,1788.0,1855.0,15700,-1.0,-1.0,-1.0
2020/03/31,1879.0,1903.0,1790.0,1801.0,18000,-1.0,-1.0,-1.0
2020/04/01,1801.0,1865.0,1798.0,1811.0,13900,-1.0,-1.0,-1.0
2020/04/02,1800.0,1826.0,1766.0,1779.0,4400,-1.0,-1.0,-1.0
2020/04/03,1808.0,1817.0,1716.0,1731.0,7500,-1.0,-1.0,-1.0
2020/04/06,1696.0,1818.0,1681.0,1781.0,8800,-1.0,-1.0,-1.0
2020/04/07,1815.0,1925.0,1803.0,1897.0,17400,-1.0,-1.0,-1.0
2020/04/08,1865.0,1976.0,1865.0,1959.0,9300,-1.0,-1.0,-1.0
2020/04/09,1950.0,1997.0,1935.0,1965.0,16900,-1.0,-1.0,-1.0
2020/04/10,1965.0,1965.0,1867.0,1889.0,11100,-1.0,-1.0,-1.0
2020/04/13,1891.0,1929.0,1890.0,1895.0,7900,-1.0,-1.0,-1.0
2020/04/14,1938.0,1960.0,1901.0,1950.0,10000,-1.0,-1.0,-1.0
2020/04/15,1976.0,1980.0,1885.0,1915.0,7900,-1.0,-1.0,-1.0
2020/04/16,1912.0,1912.0,1887.0,1902.0,2700,-1.0,-1.0,-1.0
2020/04/17,1902.0,1948.0,1899.0,1913.0,5900,-1.0,-1.0,-1.0
2020/04/20,1923.0,1930.0,1906.0,1910.0,3900,-1.0,-1.0,-1.0
2020/04/21,1908.0,1908.0,1856.0,1858.0,6700,-1.0,-1.0,-1.0
2020/04/22,1846.0,1846.0,1782.0,1790.0,5600,-1.0,-1.0,-1.0
2020/04/23,1830.0,1842.0,1794.0,1825.0,3500,-1.0,-1.0,-1.0
2020/04/24,1844.0,1844.0,1814.0,1820.0,400,-1.0,-1.0,-1.0
2020/04/27,1870.0,1870.0,1832.0,1850.0,4200,-1.0,-1.0,-1.0
2020/04/28,1859.0,1886.0,1850.0,1860.0,6300,-1.0,-1.0,-1.0
2020/04/30,1890.0,1972.0,1879.0,1946.0,9600,-1.0,-1.0,-1.0
2020/05/01,1950.0,1960.0,1906.0,1911.0,7300,-1.0,-1.0,-1.0
2020/05/07,1925.0,2124.0,1925.0,2123.0,23600,-1.0,-1.0,-1.0
2020/05/08,2300.0,2400.0,2200.0,2237.0,17300,-1.0,-1.0,-1.0
2020/05/11,2450.0,2737.0,2401.0,2737.0,53000,-1.0,-1.0,-1.0
2020/05/12,2937.0,2960.0,2479.0,2597.0,63300,-1.0,-1.0,-1.0
2020/05/13,2547.0,2890.0,2467.0,2627.0,32600,-1.0,-1.0,-1.0
2020/05/14,2697.0,2697.0,2430.0,2447.0,19600,-1.0,-1.0,-1.0
2020/05/15,2455.0,2526.0,2400.0,2415.0,8400,-1.0,-1.0,-1.0
2020/05/18,2404.0,2550.0,2360.0,2480.0,9100,-1.0,-1.0,-1.0
2020/05/19,2530.0,2576.0,2447.0,2504.0,5500,-1.0,-1.0,-1.0
2020/05/20,2545.0,2620.0,2519.0,2580.0,6800,-1.0,-1.0,-1.0
2020/05/21,2619.0,2678.0,2600.0,2641.0,10500,-1.0,-1.0,-1.0
2020/05/22,2698.0,2795.0,2696.0,2795.0,19900,-1.0,-1.0,-1.0
2020/05/25,2945.0,3295.0,2860.0,3295.0,36500,-1.0,-1.0,-1.0
2020/05/26,3295.0,3310.0,2967.0,3060.0,56500,-1.0,-1.0,-1.0
2020/05/27,3140.0,3355.0,3040.0,3055.0,24500,-1.0,-1.0,-1.0
2020/05/28,3105.0,3150.0,2901.0,2965.0,20700,-1.0,-1.0,-1.0
2020/05/29,2967.0,3010.0,2850.0,2850.0,15000,-1.0,-1.0,-1.0
2020/06/01,2850.0,2918.0,2838.0,2894.0,9600,-1.0,-1.0,-1.0
2020/06/02,2879.0,2972.0,2879.0,2958.0,5600,-1.0,-1.0,-1.0
2020/06/03,2976.0,3050.0,2910.0,2980.0,9800,-1.0,-1.0,-1.0
2020/06/04,2975.0,2984.0,2902.0,2964.0,5300,-1.0,-1.0,-1.0
2020/06/05,2894.0,3015.0,2885.0,2972.0,10400,-1.0,-1.0,-1.0
2020/06/08,3000.0,3115.0,3000.0,3045.0,7300,-1.0,-1.0,-1.0
2020/06/09,3075.0,3085.0,2970.0,2995.0,4200,-1.0,-1.0,-1.0
2020/06/10,2970.0,3025.0,2932.0,2987.0,5300,-1.0,-1.0,-1.0
2020/06/11,2937.0,2976.0,2781.0,2801.0,13300,-1.0,-1.0,-1.0
2020/06/12,2551.0,2738.0,2551.0,2714.0,13400,-1.0,-1.0,-1.0
2020/06/15,2714.0,2765.0,2606.0,2606.0,9000,-1.0,-1.0,-1.0
2020/06/16,2660.0,2689.0,2639.0,2688.0,3200,-1.0,-1.0,-1.0
2020/06/17,2697.0,2698.0,2620.0,2661.0,2700,-1.0,-1.0,-1.0
2020/06/18,2664.0,2731.0,2630.0,2700.0,3900,-1.0,-1.0,-1.0
2020/06/19,2764.0,2765.0,2715.0,2723.0,2300,-1.0,-1.0,-1.0
2020/06/22,2785.0,2785.0,2720.0,2720.0,700,-1.0,-1.0,-1.0
2020/06/23,2706.0,2711.0,2659.0,2659.0,5300,-1.0,-1.0,-1.0
2020/06/24,2660.0,2668.0,2660.0,2667.0,1600,-1.0,-1.0,-1.0
2020/06/25,2701.0,2701.0,2625.0,2640.0,1500,-1.0,-1.0,-1.0
2020/06/26,2698.0,2698.0,2643.0,2645.0,2200,-1.0,-1.0,-1.0
2020/06/29,2668.0,2668.0,2515.0,2526.0,8200,-1.0,-1.0,-1.0
2020/06/30,2560.0,2590.0,2540.0,2540.0,4100,-1.0,-1.0,-1.0
2020/07/01,2519.0,2550.0,2462.0,2462.0,6200,-1.0,-1.0,-1.0
2020/07/02,2500.0,2503.0,2461.0,2461.0,3700,-1.0,-1.0,-1.0
2020/07/03,2460.0,2519.0,2460.0,2519.0,2400,-1.0,-1.0,-1.0
2020/07/06,2560.0,2570.0,2499.0,2499.0,1400,-1.0,-1.0,-1.0
2020/07/07,2586.0,2586.0,2534.0,2542.0,1200,-1.0,-1.0,-1.0
2020/07/08,2582.0,2582.0,2546.0,2546.0,700,-1.0,-1.0,-1.0
2020/07/09,2551.0,2584.0,2550.0,2552.0,900,-1.0,-1.0,-1.0
2020/07/10,2550.0,2550.0,2483.0,2485.0,2200,-1.0,-1.0,-1.0
2020/07/13,2530.0,2543.0,2505.0,2507.0,2000,-1.0,-1.0,-1.0
2020/07/14,2550.0,2612.0,2550.0,2593.0,3400,-1.0,-1.0,-1.0
2020/07/15,2593.0,2640.0,2593.0,2594.0,4000,-1.0,-1.0,-1.0
2020/07/16,2619.0,2619.0,2594.0,2603.0,7000,-1.0,-1.0,-1.0
2020/07/17,2603.0,2605.0,2526.0,2546.0,10800,-1.0,-1.0,-1.0
2020/07/20,2582.0,2582.0,2565.0,2570.0,300,-1.0,-1.0,-1.0
2020/07/21,2587.0,2588.0,2546.0,2546.0,400,-1.0,-1.0,-1.0
2020/07/22,2546.0,2596.0,2546.0,2593.0,500,-1.0,-1.0,-1.0
2020/07/27,2543.0,2643.0,2543.0,2590.0,900,-1.0,-1.0,-1.0
2020/07/28,2590.0,2591.0,2515.0,2529.0,1500,-1.0,-1.0,-1.0
2020/07/29,2506.0,2506.0,2460.0,2460.0,1700,-1.0,-1.0,-1.0
2020/07/30,2539.0,2539.0,2522.0,2522.0,600,-1.0,-1.0,-1.0
2020/07/31,2472.0,2499.0,2433.0,2433.0,1500,-1.0,-1.0,-1.0
2020/08/03,2433.0,2456.0,2380.0,2387.0,2400,-1.0,-1.0,-1.0
2020/08/04,2433.0,2449.0,2388.0,2388.0,1500,-1.0,-1.0,-1.0
2020/08/05,2403.0,2480.0,2390.0,2452.0,8500,-1.0,-1.0,-1.0
2020/08/06,2450.0,2450.0,2366.0,2376.0,2200,-1.0,-1.0,-1.0
2020/08/07,2365.0,2453.0,2350.0,2430.0,9000,-1.0,-1.0,-1.0
2020/08/11,2430.0,2454.0,2430.0,2450.0,1000,-1.0,-1.0,-1.0
2020/08/12,2441.0,2441.0,2415.0,2433.0,1300,-1.0,-1.0,-1.0
2020/08/13,2420.0,2450.0,2420.0,2450.0,1000,-1.0,-1.0,-1.0
2020/08/14,2460.0,2483.0,2460.0,2472.0,800,-1.0,-1.0,-1.0
2020/08/17,2484.0,2490.0,2484.0,2490.0,1000,-1.0,-1.0,-1.0
2020/08/18,2527.0,2530.0,2490.0,2490.0,1200,-1.0,-1.0,-1.0
2020/08/19,2530.0,2533.0,2500.0,2500.0,700,-1.0,-1.0,-1.0
2020/08/20,2500.0,2500.0,2462.0,2462.0,1000,-1.0,-1.0,-1.0
2020/08/21,2462.0,2530.0,2462.0,2530.0,1300,-1.0,-1.0,-1.0
2020/08/24,2550.0,2550.0,2461.0,2470.0,3000,-1.0,-1.0,-1.0
2020/08/25,2470.0,2518.0,2470.0,2500.0,1800,-1.0,-1.0,-1.0
2020/08/26,2487.0,2521.0,2475.0,2486.0,1000,-1.0,-1.0,-1.0
2020/08/27,2477.0,2500.0,2477.0,2497.0,2900,-1.0,-1.0,-1.0
2020/08/28,2497.0,2503.0,2470.0,2485.0,1700,-1.0,-1.0,-1.0
2020/08/31,2545.0,2545.0,2500.0,2531.0,3300,-1.0,-1.0,-1.0
2020/09/01,2481.0,2499.0,2481.0,2499.0,400,-1.0,-1.0,-1.0
2020/09/02,2463.0,2497.0,2456.0,2497.0,1000,-1.0,-1.0,-1.0
2020/09/03,2496.0,2540.0,2470.0,2470.0,1500,-1.0,-1.0,-1.0
2020/09/04,2469.0,2500.0,2451.0,2500.0,2900,-1.0,-1.0,-1.0
2020/09/07,2500.0,2500.0,2490.0,2490.0,500,-1.0,-1.0,-1.0
2020/09/08,2500.0,2515.0,2480.0,2514.0,1000,-1.0,-1.0,-1.0
2020/09/09,2497.0,2543.0,2472.0,2498.0,1500,-1.0,-1.0,-1.0
2020/09/10,2501.0,2508.0,2500.0,2500.0,1200,-1.0,-1.0,-1.0
2020/09/11,2502.0,2514.0,2502.0,2514.0,400,-1.0,-1.0,-1.0
2020/09/14,2514.0,2536.0,2504.0,2523.0,600,-1.0,-1.0,-1.0
2020/09/15,2524.0,2541.0,2524.0,2541.0,400,-1.0,-1.0,-1.0
2020/09/16,2548.0,2658.0,2544.0,2545.0,6800,-1.0,-1.0,-1.0
2020/09/17,2545.0,2581.0,2545.0,2577.0,1700,-1.0,-1.0,-1.0
2020/09/18,2594.0,2647.0,2581.0,2601.0,1900,-1.0,-1.0,-1.0
2020/09/23,2647.0,2647.0,2602.0,2603.0,1500,-1.0,-1.0,-1.0
2020/09/24,2634.0,2650.0,2619.0,2619.0,2300,-1.0,-1.0,-1.0
2020/09/25,2620.0,2678.0,2620.0,2639.0,3400,-1.0,-1.0,-1.0
2020/09/28,2685.0,2685.0,2668.0,2679.0,800,-1.0,-1.0,-1.0
2020/09/29,2680.0,2685.0,2679.0,2679.0,1400,-1.0,-1.0,-1.0
2020/09/30,2642.0,2683.0,2642.0,2683.0,800,-1.0,-1.0,-1.0
2020/10/02,2656.0,2669.0,2627.0,2639.0,2200,-1.0,-1.0,-1.0
2020/10/05,2639.0,2639.0,2589.0,2626.0,1100,-1.0,-1.0,-1.0
2020/10/06,2610.0,2610.0,2536.0,2560.0,2800,-1.0,-1.0,-1.0
2020/10/07,2519.0,2566.0,2519.0,2566.0,900,-1.0,-1.0,-1.0
2020/10/08,2533.0,2568.0,2530.0,2568.0,2300,-1.0,-1.0,-1.0
2020/10/09,2598.0,2598.0,2539.0,2579.0,1400,-1.0,-1.0,-1.0
2020/10/12,2565.0,2629.0,2554.0,2629.0,900,-1.0,-1.0,-1.0
2020/10/13,2615.0,2630.0,2585.0,2585.0,1100,-1.0,-1.0,-1.0
2020/10/14,2581.0,2630.0,2563.0,2630.0,900,-1.0,-1.0,-1.0
2020/10/15,2630.0,2630.0,2583.0,2583.0,1000,-1.0,-1.0,-1.0
2020/10/16,2580.0,2592.0,2556.0,2556.0,600,-1.0,-1.0,-1.0
2020/10/19,2556.0,2601.0,2556.0,2565.0,1300,-1.0,-1.0,-1.0
2020/10/20,2536.0,2564.0,2535.0,2550.0,4100,-1.0,-1.0,-1.0
2020/10/21,2540.0,2545.0,2531.0,2531.0,1600,-1.0,-1.0,-1.0
2020/10/22,2508.0,2572.0,2508.0,2526.0,1000,-1.0,-1.0,-1.0
2020/10/23,2547.0,2553.0,2510.0,2522.0,3000,-1.0,-1.0,-1.0
2020/10/26,2503.0,2550.0,2500.0,2502.0,2500,-1.0,-1.0,-1.0
2020/10/27,2490.0,2510.0,2490.0,2502.0,2100,-1.0,-1.0,-1.0
2020/10/28,2502.0,2505.0,2482.0,2482.0,700,-1.0,-1.0,-1.0
2020/10/29,2481.0,2500.0,2462.0,2500.0,1800,-1.0,-1.0,-1.0
2020/10/30,2460.0,2479.0,2460.0,2461.0,1300,-1.0,-1.0,-1.0
2020/11/02,2435.0,2474.0,2435.0,2474.0,6400,-1.0,-1.0,-1.0
2020/11/04,2460.0,2488.0,2457.0,2488.0,900,-1.0,-1.0,-1.0
2020/11/05,2468.0,2488.0,2465.0,2465.0,1000,-1.0,-1.0,-1.0
2020/11/06,2460.0,2479.0,2456.0,2456.0,7100,-1.0,-1.0,-1.0
2020/11/09,2456.0,2470.0,2408.0,2430.0,2100,-1.0,-1.0,-1.0
2020/11/10,2430.0,2434.0,2414.0,2434.0,1600,-1.0,-1.0,-1.0
2020/11/11,2436.0,2458.0,2436.0,2450.0,2000,-1.0,-1.0,-1.0
2020/11/12,2440.0,2440.0,2351.0,2377.0,4300,-1.0,-1.0,-1.0
2020/11/13,2377.0,2377.0,2307.0,2338.0,10100,-1.0,-1.0,-1.0
2020/11/16,2340.0,2375.0,2338.0,2341.0,1100,-1.0,-1.0,-1.0
2020/11/17,2341.0,2350.0,2302.0,2343.0,6900,-1.0,-1.0,-1.0
2020/11/18,2317.0,2342.0,2206.0,2206.0,4600,-1.0,-1.0,-1.0
2020/11/19,2222.0,2344.0,2222.0,2344.0,6200,-1.0,-1.0,-1.0
2020/11/20,2367.0,2367.0,2338.0,2338.0,1300,-1.0,-1.0,-1.0
2020/11/24,2324.0,2367.0,2301.0,2345.0,3300,-1.0,-1.0,-1.0
2020/11/25,2331.0,2350.0,2292.0,2292.0,3400,-1.0,-1.0,-1.0
2020/11/26,2290.0,2300.0,2290.0,2300.0,400,-1.0,-1.0,-1.0
2020/11/27,2300.0,2328.0,2300.0,2300.0,1300,-1.0,-1.0,-1.0
2020/11/30,2300.0,2309.0,2286.0,2309.0,300,-1.0,-1.0,-1.0
2020/12/02,2285.0,2300.0,2282.0,2282.0,500,-1.0,-1.0,-1.0
2020/12/03,2295.0,2295.0,2287.0,2289.0,500,-1.0,-1.0,-1.0
2020/12/04,2300.0,2325.0,2300.0,2325.0,800,-1.0,-1.0,-1.0
2020/12/07,2330.0,2374.0,2324.0,2335.0,1700,-1.0,-1.0,-1.0
2020/12/08,2335.0,2340.0,2335.0,2339.0,700,-1.0,-1.0,-1.0
2020/12/09,2333.0,2333.0,2308.0,2310.0,1100,-1.0,-1.0,-1.0
2020/12/10,2310.0,2345.0,2310.0,2345.0,3700,-1.0,-1.0,-1.0
2020/12/11,2345.0,2615.0,2345.0,2438.0,11300,-1.0,-1.0,-1.0
2020/12/14,2488.0,2510.0,2473.0,2492.0,4700,-1.0,-1.0,-1.0
2020/12/15,2492.0,2620.0,2492.0,2605.0,7500,-1.0,-1.0,-1.0
2020/12/16,2605.0,2605.0,2445.0,2505.0,5700,-1.0,-1.0,-1.0
2020/12/17,2500.0,2500.0,2430.0,2436.0,6000,-1.0,-1.0,-1.0
2020/12/18,2402.0,2457.0,2380.0,2408.0,4300,-1.0,-1.0,-1.0
2020/12/21,2558.0,2599.0,2450.0,2460.0,3300,-1.0,-1.0,-1.0
2020/12/22,2460.0,2460.0,2446.0,2450.0,9400,-1.0,-1.0,-1.0
2020/12/23,2409.0,2460.0,2409.0,2460.0,1000,-1.0,-1.0,-1.0
2020/12/24,2420.0,2437.0,2420.0,2437.0,500,-1.0,-1.0,-1.0
2020/12/25,2437.0,2437.0,2405.0,2405.0,300,-1.0,-1.0,-1.0
2020/12/28,2408.0,2408.0,2355.0,2360.0,2400,-1.0,-1.0,-1.0
2020/12/29,2342.0,2368.0,2342.0,2362.0,400,-1.0,-1.0,-1.0
2020/12/30,2365.0,2367.0,2340.0,2340.0,1600,-1.0,-1.0,-1.0
2021/01/04,2340.0,2340.0,2290.0,2302.0,1700,-1.0,-1.0,-1.0
2021/01/05,2302.0,2307.0,2302.0,2307.0,900,-1.0,-1.0,-1.0
2021/01/06,2311.0,2331.0,2311.0,2323.0,800,-1.0,-1.0,-1.0
2021/01/07,2323.0,2345.0,2323.0,2345.0,500,-1.0,-1.0,-1.0
2021/01/08,2345.0,2345.0,2331.0,2331.0,1000,-1.0,-1.0,-1.0
2021/01/12,2375.0,2375.0,2364.0,2369.0,600,-1.0,-1.0,-1.0
2021/01/13,2360.0,2404.0,2355.0,2360.0,1200,-1.0,-1.0,-1.0
2021/01/14,2360.0,2405.0,2351.0,2351.0,900,-1.0,-1.0,-1.0
2021/01/15,2352.0,2382.0,2352.0,2382.0,900,-1.0,-1.0,-1.0
2021/01/18,2382.0,2384.0,2380.0,2380.0,1200,-1.0,-1.0,-1.0
2021/01/19,2362.0,2362.0,2362.0,2362.0,300,-1.0,-1.0,-1.0
2021/01/20,2366.0,2366.0,2366.0,2366.0,100,-1.0,-1.0,-1.0
2021/01/21,2379.0,2379.0,2355.0,2355.0,900,-1.0,-1.0,-1.0
2021/01/22,2357.0,2389.0,2352.0,2360.0,800,-1.0,-1.0,-1.0
2021/01/25,2352.0,2352.0,2351.0,2351.0,800,-1.0,-1.0,-1.0
2021/01/26,2358.0,2358.0,2356.0,2356.0,200,-1.0,-1.0,-1.0
2021/01/27,2360.0,2360.0,2360.0,2360.0,100,-1.0,-1.0,-1.0
2021/01/28,2354.0,2360.0,2333.0,2333.0,1100,-1.0,-1.0,-1.0
2021/01/29,2343.0,2355.0,2333.0,2333.0,700,-1.0,-1.0,-1.0
2021/02/01,2333.0,2384.0,2333.0,2383.0,800,-1.0,-1.0,-1.0
2021/02/02,2383.0,2409.0,2363.0,2363.0,1700,-1.0,-1.0,-1.0
2021/02/03,2408.0,2408.0,2365.0,2375.0,3700,-1.0,-1.0,-1.0
2021/02/05,2409.0,2409.0,2400.0,2400.0,200,-1.0,-1.0,-1.0
2021/02/08,2391.0,2400.0,2391.0,2399.0,1300,-1.0,-1.0,-1.0
2021/02/09,2400.0,2403.0,2400.0,2403.0,300,-1.0,-1.0,-1.0
2021/02/10,2410.0,2410.0,2378.0,2378.0,900,-1.0,-1.0,-1.0
2021/02/12,2365.0,2427.0,2365.0,2427.0,1300,-1.0,-1.0,-1.0
2021/02/15,2427.0,2438.0,2403.0,2438.0,3500,-1.0,-1.0,-1.0
2021/02/16,2366.0,2376.0,2305.0,2310.0,8300,-1.0,-1.0,-1.0
2021/02/17,2310.0,2348.0,2309.0,2313.0,1900,-1.0,-1.0,-1.0
2021/02/18,2325.0,2333.0,2310.0,2310.0,600,-1.0,-1.0,-1.0
2021/02/19,2315.0,2316.0,2300.0,2300.0,1200,-1.0,-1.0,-1.0
2021/02/22,2310.0,2310.0,2300.0,2310.0,1700,-1.0,-1.0,-1.0
2021/02/24,2303.0,2303.0,2303.0,2303.0,700,-1.0,-1.0,-1.0
2021/02/25,2303.0,2311.0,2303.0,2303.0,500,-1.0,-1.0,-1.0
2021/02/26,2349.0,2349.0,2300.0,2302.0,2300,-1.0,-1.0,-1.0
2021/03/01,2290.0,2290.0,2290.0,2290.0,100,-1.0,-1.0,-1.0
2021/03/02,2304.0,2316.0,2304.0,2316.0,500,-1.0,-1.0,-1.0
2021/03/03,2330.0,2338.0,2306.0,2306.0,400,-1.0,-1.0,-1.0
2021/03/04,2350.0,2374.0,2350.0,2374.0,200,-1.0,-1.0,-1.0
2021/03/05,2349.0,2349.0,2340.0,2340.0,1100,-1.0,-1.0,-1.0
2021/03/08,2340.0,2340.0,2307.0,2307.0,1100,-1.0,-1.0,-1.0
2021/03/09,2357.0,2359.0,2320.0,2322.0,600,-1.0,-1.0,-1.0
2021/03/10,2354.0,2360.0,2328.0,2350.0,1300,-1.0,-1.0,-1.0
2021/03/11,2350.0,2372.0,2350.0,2351.0,300,-1.0,-1.0,-1.0
2021/03/12,2350.0,2350.0,2350.0,2350.0,500,-1.0,-1.0,-1.0
2021/03/15,2351.0,2380.0,2351.0,2378.0,1000,-1.0,-1.0,-1.0
2021/03/16,2378.0,2400.0,2378.0,2380.0,1300,-1.0,-1.0,-1.0
2021/03/17,2381.0,2440.0,2381.0,2440.0,1900,-1.0,-1.0,-1.0
2021/03/18,2451.0,2490.0,2451.0,2490.0,2200,-1.0,-1.0,-1.0
2021/03/19,2495.0,2495.0,2490.0,2490.0,1200,-1.0,-1.0,-1.0
2021/03/22,2540.0,2540.0,2452.0,2510.0,1000,-1.0,-1.0,-1.0
2021/03/23,2500.0,2509.0,2454.0,2454.0,1600,-1.0,-1.0,-1.0
2021/03/24,2427.0,2509.0,2427.0,2440.0,2400,-1.0,-1.0,-1.0
2021/03/25,2490.0,2508.0,2470.0,2508.0,1100,-1.0,-1.0,-1.0
2021/03/26,2508.0,2509.0,2508.0,2509.0,800,-1.0,-1.0,-1.0
2021/03/29,2509.0,2630.0,2509.0,2554.0,10000,-1.0,-1.0,-1.0
2021/03/30,2600.0,2940.0,2600.0,2696.0,14600,-1.0,-1.0,-1.0
2021/03/31,2799.0,3085.0,2799.0,2891.0,24800,-1.0,-1.0,-1.0
2021/04/01,2999.0,3095.0,2930.0,3005.0,16700,-1.0,-1.0,-1.0
2021/04/02,3020.0,3020.0,2771.0,2771.0,6700,-1.0,-1.0,-1.0
2021/04/05,2750.0,2870.0,2680.0,2870.0,7600,-1.0,-1.0,-1.0
2021/04/06,2850.0,2858.0,2754.0,2804.0,1000,-1.0,-1.0,-1.0
2021/04/07,2768.0,2768.0,2717.0,2717.0,1300,-1.0,-1.0,-1.0
2021/04/08,2718.0,2756.0,2718.0,2756.0,800,-1.0,-1.0,-1.0
2021/04/09,2727.0,2754.0,2655.0,2754.0,1300,-1.0,-1.0,-1.0
2021/04/12,2749.0,2895.0,2749.0,2829.0,1900,-1.0,-1.0,-1.0
2021/04/13,2868.0,2868.0,2840.0,2840.0,500,-1.0,-1.0,-1.0
2021/04/14,2868.0,2868.0,2850.0,2868.0,2000,-1.0,-1.0,-1.0
2021/04/15,2868.0,2868.0,2820.0,2820.0,800,-1.0,-1.0,-1.0
2021/04/16,2720.0,2800.0,2720.0,2750.0,800,-1.0,-1.0,-1.0
2021/04/19,2900.0,2900.0,2845.0,2845.0,1200,-1.0,-1.0,-1.0
2021/04/20,2900.0,2900.0,2900.0,2900.0,1000,-1.0,-1.0,-1.0
2021/04/21,2800.0,2819.0,2800.0,2819.0,900,-1.0,-1.0,-1.0
2021/04/22,2800.0,2868.0,2800.0,2819.0,1700,-1.0,-1.0,-1.0
2021/04/23,2869.0,2894.0,2850.0,2850.0,1500,-1.0,-1.0,-1.0
2021/04/26,2850.0,2850.0,2849.0,2850.0,1500,-1.0,-1.0,-1.0
2021/04/28,2850.0,2883.0,2849.0,2883.0,600,-1.0,-1.0,-1.0
2021/04/30,2899.0,2901.0,2858.0,2858.0,2500,-1.0,-1.0,-1.0
2021/05/06,2851.0,2880.0,2851.0,2851.0,1400,-1.0,-1.0,-1.0
2021/05/07,2851.0,2875.0,2851.0,2875.0,5800,-1.0,-1.0,-1.0
2021/05/11,2845.0,2850.0,2845.0,2850.0,700,-1.0,-1.0,-1.0
2021/05/12,2879.0,2879.0,2860.0,2860.0,900,-1.0,-1.0,-1.0
2021/05/13,2855.0,2855.0,2850.0,2850.0,200,-1.0,-1.0,-1.0
2021/05/14,2880.0,2897.0,2880.0,2897.0,700,-1.0,-1.0,-1.0
2021/05/17,2897.0,2897.0,2797.0,2850.0,1600,-1.0,-1.0,-1.0
2021/05/18,2800.0,2850.0,2800.0,2811.0,1200,-1.0,-1.0,-1.0
2021/05/19,2815.0,2815.0,2815.0,2815.0,100,-1.0,-1.0,-1.0
2021/05/20,2830.0,2830.0,2830.0,2830.0,500,-1.0,-1.0,-1.0
2021/05/21,2821.0,2821.0,2821.0,2821.0,100,-1.0,-1.0,-1.0
2021/05/24,2803.0,2803.0,2803.0,2803.0,700,-1.0,-1.0,-1.0
2021/05/25,2753.0,2800.0,2753.0,2800.0,6400,-1.0,-1.0,-1.0
2021/05/26,2762.0,2763.0,2762.0,2763.0,300,-1.0,-1.0,-1.0
2021/05/27,2756.0,2756.0,2756.0,2756.0,100,-1.0,-1.0,-1.0
2021/05/28,2758.0,2758.0,2758.0,2758.0,100,-1.0,-1.0,-1.0
2021/05/31,2759.0,2829.0,2758.0,2758.0,1300,-1.0,-1.0,-1.0
2021/06/01,2759.0,2759.0,2759.0,2759.0,600,-1.0,-1.0,-1.0
2021/06/02,2759.0,2759.0,2715.0,2751.0,300,-1.0,-1.0,-1.0
2021/06/04,2750.0,2750.0,2722.0,2722.0,300,-1.0,-1.0,-1.0
2021/06/07,2707.0,2707.0,2707.0,2707.0,200,-1.0,-1.0,-1.0
2021/06/08,2796.0,2796.0,2744.0,2780.0,300,-1.0,-1.0,-1.0
2021/06/09,2799.0,2799.0,2750.0,2750.0,200,-1.0,-1.0,-1.0
2021/06/10,2705.0,2705.0,2705.0,2705.0,100,-1.0,-1.0,-1.0
2021/06/11,2715.0,2715.0,2705.0,2705.0,200,-1.0,-1.0,-1.0
2021/06/14,2690.0,2690.0,2690.0,2690.0,500,-1.0,-1.0,-1.0
2021/06/15,2690.0,2700.0,2690.0,2700.0,200,-1.0,-1.0,-1.0
2021/06/16,2700.0,2700.0,2700.0,2700.0,500,-1.0,-1.0,-1.0
2021/06/17,2651.0,2653.0,2651.0,2653.0,3100,-1.0,-1.0,-1.0
2021/06/18,2660.0,2660.0,2655.0,2655.0,2400,-1.0,-1.0,-1.0
2021/06/21,2660.0,2711.0,2630.0,2630.0,1200,-1.0,-1.0,-1.0
2021/06/22,2632.0,2634.0,2632.0,2634.0,4200,-1.0,-1.0,-1.0
2021/06/23,2667.0,2750.0,2667.0,2745.0,1000,-1.0,-1.0,-1.0
2021/06/24,2750.0,2750.0,2750.0,2750.0,300,-1.0,-1.0,-1.0
2021/06/25,2734.0,2734.0,2684.0,2684.0,200,-1.0,-1.0,-1.0
2021/06/28,2685.0,2731.0,2685.0,2731.0,400,-1.0,-1.0,-1.0
2021/06/29,2731.0,2731.0,2714.0,2714.0,300,-1.0,-1.0,-1.0
2021/06/30,2704.0,2738.0,2704.0,2738.0,200,-1.0,-1.0,-1.0
2021/07/01,2702.0,2702.0,2702.0,2702.0,100,-1.0,-1.0,-1.0
2021/07/02,2750.0,2750.0,2744.0,2750.0,700,-1.0,-1.0,-1.0
2021/07/05,2750.0,2750.0,2750.0,2750.0,2200,-1.0,-1.0,-1.0
2021/07/07,2756.0,2800.0,2756.0,2800.0,800,-1.0,-1.0,-1.0
2021/07/08,2810.0,2810.0,2810.0,2810.0,100,-1.0,-1.0,-1.0
2021/07/09,2777.0,2780.0,2777.0,2780.0,300,-1.0,-1.0,-1.0
2021/07/13,2820.0,2820.0,2780.0,2780.0,5200,-1.0,-1.0,-1.0
2021/07/14,2785.0,2825.0,2785.0,2810.0,400,-1.0,-1.0,-1.0
2021/07/15,2810.0,2810.0,2810.0,2810.0,3300,-1.0,-1.0,-1.0
2021/07/16,2810.0,2820.0,2810.0,2810.0,300,-1.0,-1.0,-1.0
2021/07/19,2810.0,2810.0,2810.0,2810.0,1600,-1.0,-1.0,-1.0
2021/07/20,2781.0,2781.0,2781.0,2781.0,200,-1.0,-1.0,-1.0
2021/07/21,2781.0,2820.0,2781.0,2820.0,400,-1.0,-1.0,-1.0
2021/07/28,2820.0,2832.0,2820.0,2820.0,300,-1.0,-1.0,-1.0
2021/07/29,2770.0,2770.0,2753.0,2753.0,300,-1.0,-1.0,-1.0
2021/08/03,2770.0,2770.0,2770.0,2770.0,100,-1.0,-1.0,-1.0
2021/08/05,2820.0,2820.0,2820.0,2820.0,100,-1.0,-1.0,-1.0
2021/08/06,2770.0,2810.0,2770.0,2810.0,600,-1.0,-1.0,-1.0
2021/08/10,2800.0,2800.0,2750.0,2750.0,400,-1.0,-1.0,-1.0
2021/08/11,2751.0,2800.0,2750.0,2762.0,400,-1.0,-1.0,-1.0
2021/08/12,2795.0,2795.0,2776.0,2776.0,200,-1.0,-1.0,-1.0
2021/08/16,2776.0,2776.0,2776.0,2776.0,800,-1.0,-1.0,-1.0
2021/08/17,2750.0,2750.0,2750.0,2750.0,300,-1.0,-1.0,-1.0
2021/08/18,2700.0,2700.0,2680.0,2680.0,500,-1.0,-1.0,-1.0
2021/08/19,2640.0,2643.0,2640.0,2643.0,300,-1.0,-1.0,-1.0
2021/08/20,2643.0,2670.0,2643.0,2650.0,600,-1.0,-1.0,-1.0
2021/08/23,2630.0,2650.0,2630.0,2650.0,300,-1.0,-1.0,-1.0
2021/08/27,2650.0,2650.0,2650.0,2650.0,100,-1.0,-1.0,-1.0
2021/08/30,2700.0,2700.0,2700.0,2700.0,300,-1.0,-1.0,-1.0
2021/08/31,2700.0,2700.0,2651.0,2651.0,200,-1.0,-1.0,-1.0
2021/09/01,2701.0,2701.0,2701.0,2701.0,200,-1.0,-1.0,-1.0
2021/09/02,2700.0,2700.0,2665.0,2665.0,200,-1.0,-1.0,-1.0
2021/09/03,2712.0,2712.0,2662.0,2707.0,3400,-1.0,-1.0,-1.0
2021/09/06,2745.0,2745.0,2745.0,2745.0,100,-1.0,-1.0,-1.0
2021/09/07,2748.0,2748.0,2745.0,2745.0,200,-1.0,-1.0,-1.0
2021/09/08,2701.0,2701.0,2700.0,2700.0,500,-1.0,-1.0,-1.0
2021/09/09,2700.0,2700.0,2700.0,2700.0,100,-1.0,-1.0,-1.0
2021/09/10,2661.0,2700.0,2661.0,2700.0,700,-1.0,-1.0,-1.0
2021/09/13,2730.0,2750.0,2730.0,2750.0,400,-1.0,-1.0,-1.0
2021/09/14,2770.0,2795.0,2770.0,2795.0,1300,-1.0,-1.0,-1.0
2021/09/15,2795.0,2795.0,2765.0,2765.0,2300,-1.0,-1.0,-1.0
2021/09/16,2766.0,2766.0,2738.0,2738.0,1600,-1.0,-1.0,-1.0
2021/09/17,2740.0,2740.0,2740.0,2740.0,100,-1.0,-1.0,-1.0
2021/09/21,2740.0,2767.0,2740.0,2767.0,800,-1.0,-1.0,-1.0
2021/09/22,2745.0,2745.0,2743.0,2744.0,600,-1.0,-1.0,-1.0
2021/09/24,2744.0,2780.0,2744.0,2780.0,300,-1.0,-1.0,-1.0
2021/09/27,2780.0,2780.0,2780.0,2780.0,200,-1.0,-1.0,-1.0
2021/09/28,2780.0,2780.0,2780.0,2780.0,1000,-1.0,-1.0,-1.0
2021/09/29,2750.0,2750.0,2750.0,2750.0,100,-1.0,-1.0,-1.0
2021/09/30,2752.0,2752.0,2752.0,2752.0,500,-1.0,-1.0,-1.0
2021/10/01,2760.0,2760.0,2760.0,2760.0,100,-1.0,-1.0,-1.0
2021/10/04,2750.0,2750.0,2750.0,2750.0,100,-1.0,-1.0,-1.0
2021/10/05,2750.0,2750.0,2750.0,2750.0,100,-1.0,-1.0,-1.0
2021/10/06,2750.0,2750.0,2750.0,2750.0,300,-1.0,-1.0,-1.0
2021/10/08,2703.0,2703.0,2703.0,2703.0,400,-1.0,-1.0,-1.0
2021/10/11,2705.0,2705.0,2705.0,2705.0,100,-1.0,-1.0,-1.0
2021/10/15,2705.0,2705.0,2705.0,2705.0,200,-1.0,-1.0,-1.0
2021/10/18,2708.0,2708.0,2705.0,2705.0,500,-1.0,-1.0,-1.0
2021/10/19,2715.0,2715.0,2715.0,2715.0,1000,-1.0,-1.0,-1.0
2021/10/20,2715.0,2715.0,2706.0,2706.0,500,-1.0,-1.0,-1.0
2021/10/22,2706.0,2706.0,2680.0,2680.0,1000,-1.0,-1.0,-1.0
2021/10/25,2681.0,2731.0,2681.0,2731.0,4200,-1.0,-1.0,-1.0
2021/10/26,2709.0,2709.0,2709.0,2709.0,100,-1.0,-1.0,-1.0
2021/10/28,2709.0,2709.0,2709.0,2709.0,300,-1.0,-1.0,-1.0
2021/10/29,2692.0,2692.0,2690.0,2690.0,800,-1.0,-1.0,-1.0
2021/11/01,2748.0,2748.0,2705.0,2705.0,400,-1.0,-1.0,-1.0
2021/11/04,2740.0,2740.0,2695.0,2695.0,200,-1.0,-1.0,-1.0
2021/11/05,2695.0,2695.0,2695.0,2695.0,100,-1.0,-1.0,-1.0
2021/11/08,2742.0,2747.0,2692.0,2747.0,400,-1.0,-1.0,-1.0
2021/11/09,2748.0,2758.0,2748.0,2758.0,400,-1.0,-1.0,-1.0
2021/11/10,2660.0,2660.0,2601.0,2650.0,1300,-1.0,-1.0,-1.0
2021/11/11,2608.0,2608.0,2608.0,2608.0,100,-1.0,-1.0,-1.0
2021/11/12,2620.0,2620.0,2620.0,2620.0,600,-1.0,-1.0,-1.0
2021/11/15,2630.0,2630.0,2580.0,2580.0,1600,-1.0,-1.0,-1.0
2021/11/16,2600.0,2600.0,2600.0,2600.0,100,-1.0,-1.0,-1.0
2021/11/17,2600.0,2600.0,2600.0,2600.0,100,-1.0,-1.0,-1.0
2021/11/18,2554.0,2573.0,2554.0,2573.0,400,-1.0,-1.0,-1.0
2021/11/24,2523.0,2549.0,2498.0,2498.0,500,-1.0,-1.0,-1.0
2021/11/26,2498.0,2598.0,2498.0,2598.0,3900,-1.0,-1.0,-1.0
2021/11/29,2531.0,2531.0,2531.0,2531.0,200,-1.0,-1.0,-1.0
2021/11/30,2481.0,2481.0,2431.0,2431.0,700,-1.0,-1.0,-1.0
2021/12/01,2381.0,2431.0,2381.0,2406.0,400,-1.0,-1.0,-1.0
2021/12/02,2488.0,2488.0,2420.0,2455.0,1800,-1.0,-1.0,-1.0
2021/12/03,2455.0,2455.0,2455.0,2455.0,200,-1.0,-1.0,-1.0
2021/12/06,2420.0,2420.0,2420.0,2420.0,900,-1.0,-1.0,-1.0
2021/12/07,2420.0,2437.0,2330.0,2437.0,900,-1.0,-1.0,-1.0
2021/12/09,2400.0,2400.0,2391.0,2391.0,300,-1.0,-1.0,-1.0
2021/12/10,2399.0,2402.0,2362.0,2362.0,1200,-1.0,-1.0,-1.0
2021/12/14,2369.0,2401.0,2368.0,2376.0,1200,-1.0,-1.0,-1.0
2021/12/15,2376.0,2400.0,2376.0,2395.0,600,-1.0,-1.0,-1.0
2021/12/16,2398.0,2398.0,2371.0,2371.0,1500,-1.0,-1.0,-1.0
2021/12/17,2421.0,2421.0,2347.0,2397.0,1800,-1.0,-1.0,-1.0
2021/12/20,2397.0,2397.0,2397.0,2397.0,100,-1.0,-1.0,-1.0
2021/12/21,2337.0,2407.0,2307.0,2357.0,400,-1.0,-1.0,-1.0
2021/12/22,2370.0,2370.0,2320.0,2358.0,1000,-1.0,-1.0,-1.0
2021/12/23,2360.0,2360.0,2360.0,2360.0,500,-1.0,-1.0,-1.0
2021/12/24,2360.0,2360.0,2311.0,2317.0,1000,-1.0,-1.0,-1.0
2021/12/27,2267.0,2350.0,2267.0,2350.0,2100,-1.0,-1.0,-1.0
2021/12/28,2349.0,2399.0,2337.0,2399.0,4900,-1.0,-1.0,-1.0
2021/12/30,2399.0,2399.0,2399.0,2399.0,100,-1.0,-1.0,-1.0
2022/01/04,2450.0,2450.0,2450.0,2450.0,200,-1.0,-1.0,-1.0
2022/01/06,2450.0,2450.0,2450.0,2450.0,100,-1.0,-1.0,-1.0
2022/01/12,2494.0,2494.0,2491.0,2491.0,300,-1.0,-1.0,-1.0
2022/01/17,2491.0,2491.0,2491.0,2491.0,700,-1.0,-1.0,-1.0
2022/01/20,2391.0,2427.0,2390.0,2417.0,900,-1.0,-1.0,-1.0
2022/01/21,2360.0,2360.0,2308.0,2308.0,200,-1.0,-1.0,-1.0
2022/01/25,2263.0,2265.0,2263.0,2265.0,200,-1.0,-1.0,-1.0
2022/01/26,2265.0,2310.0,2265.0,2310.0,500,-1.0,-1.0,-1.0
2022/01/28,2351.0,2351.0,2351.0,2351.0,200,-1.0,-1.0,-1.0
2022/01/31,2351.0,2351.0,2301.0,2301.0,500,-1.0,-1.0,-1.0
2022/02/02,2300.0,2300.0,2300.0,2300.0,100,-1.0,-1.0,-1.0
2022/02/03,2310.0,2310.0,2310.0,2310.0,400,-1.0,-1.0,-1.0
2022/02/04,2400.0,2400.0,2349.0,2349.0,400,-1.0,-1.0,-1.0
2022/02/07,2350.0,2350.0,2226.0,2226.0,300,-1.0,-1.0,-1.0
2022/02/08,2326.0,2326.0,2326.0,2326.0,100,-1.0,-1.0,-1.0
2022/02/09,2350.0,2350.0,2320.0,2320.0,300,-1.0,-1.0,-1.0
2022/02/10,2320.0,2320.0,2320.0,2320.0,200,-1.0,-1.0,-1.0
2022/02/16,2320.0,2320.0,2320.0,2320.0,100,-1.0,-1.0,-1.0
2022/02/17,2350.0,2350.0,2321.0,2321.0,200,-1.0,-1.0,-1.0
2022/02/21,2321.0,2321.0,2253.0,2300.0,2200,-1.0,-1.0,-1.0
2022/02/22,2300.0,2300.0,2300.0,2300.0,300,-1.0,-1.0,-1.0
2022/02/24,2300.0,2331.0,2293.0,2331.0,300,-1.0,-1.0,-1.0
2022/02/28,2340.0,2340.0,2340.0,2340.0,200,-1.0,-1.0,-1.0
2022/03/01,2340.0,2340.0,2295.0,2295.0,600,-1.0,-1.0,-1.0
2022/03/07,2295.0,2305.0,2255.0,2262.0,1300,-1.0,-1.0,-1.0
2022/03/08,2262.0,2262.0,2250.0,2259.0,600,-1.0,-1.0,-1.0
2022/03/10,2285.0,2376.0,2285.0,2376.0,700,-1.0,-1.0,-1.0
2022/03/11,2286.0,2286.0,2286.0,2286.0,100,-1.0,-1.0,-1.0
2022/03/17,2336.0,2339.0,2295.0,2339.0,500,-1.0,-1.0,-1.0
2022/03/18,2339.0,2375.0,2339.0,2375.0,2200,-1.0,-1.0,-1.0
2022/03/22,2325.0,2325.0,2282.0,2282.0,200,-1.0,-1.0,-1.0
2022/03/24,2382.0,2382.0,2370.0,2370.0,600,-1.0,-1.0,-1.0
2022/03/28,2368.0,2368.0,2345.0,2345.0,400,-1.0,-1.0,-1.0
2022/03/29,2320.0,2370.0,2320.0,2370.0,200,-1.0,-1.0,-1.0
2022/03/30,2420.0,2430.0,2420.0,2420.0,600,-1.0,-1.0,-1.0
2022/03/31,2420.0,2420.0,2420.0,2420.0,4200,-1.0,-1.0,-1.0
2022/04/01,2410.0,2410.0,2410.0,2410.0,2000,-1.0,-1.0,-1.0
2022/04/05,2332.0,2338.0,2332.0,2338.0,200,-1.0,-1.0,-1.0
2022/04/07,2338.0,2338.0,2334.0,2335.0,300,-1.0,-1.0,-1.0
2022/04/08,2341.0,2343.0,2324.0,2324.0,1200,-1.0,-1.0,-1.0
2022/04/11,2343.0,2343.0,2243.0,2291.0,2400,-1.0,-1.0,-1.0
2022/04/12,2253.0,2286.0,2253.0,2286.0,400,-1.0,-1.0,-1.0
2022/04/13,2286.0,2286.0,2286.0,2286.0,100,-1.0,-1.0,-1.0
2022/04/14,2252.0,2350.0,2252.0,2350.0,4600,-1.0,-1.0,-1.0
2022/04/15,2350.0,2350.0,2350.0,2350.0,600,-1.0,-1.0,-1.0
2022/04/18,2255.0,2300.0,2255.0,2300.0,600,-1.0,-1.0,-1.0
2022/04/19,2320.0,2323.0,2320.0,2323.0,200,-1.0,-1.0,-1.0
2022/04/21,2273.0,2273.0,2273.0,2273.0,100,-1.0,-1.0,-1.0
2022/04/22,2310.0,2310.0,2310.0,2310.0,200,-1.0,-1.0,-1.0
2022/04/25,2270.0,2313.0,2253.0,2313.0,1600,-1.0,-1.0,-1.0
2022/04/26,2271.0,2299.0,2271.0,2299.0,400,-1.0,-1.0,-1.0
2022/04/27,2299.0,2299.0,2299.0,2299.0,200,-1.0,-1.0,-1.0
2022/04/28,2299.0,2299.0,2299.0,2299.0,500,-1.0,-1.0,-1.0
2022/05/06,2399.0,2399.0,2399.0,2399.0,900,-1.0,-1.0,-1.0
2022/05/09,2397.0,2397.0,2285.0,2290.0,600,-1.0,-1.0,-1.0
2022/05/10,2290.0,2319.0,2290.0,2300.0,400,-1.0,-1.0,-1.0
2022/05/11,2300.0,2370.0,2260.0,2370.0,5800,-1.0,-1.0,-1.0
2022/05/12,2270.0,2300.0,2270.0,2300.0,200,-1.0,-1.0,-1.0
2022/05/16,2300.0,2300.0,2220.0,2241.0,1300,-1.0,-1.0,-1.0
2022/05/23,2265.0,2265.0,2265.0,2265.0,100,-1.0,-1.0,-1.0
2022/05/24,2315.0,2315.0,2265.0,2265.0,700,-1.0,-1.0,-1.0
2022/05/26,2315.0,2317.0,2280.0,2280.0,300,-1.0,-1.0,-1.0
2022/05/30,2369.0,2369.0,2292.0,2292.0,1200,-1.0,-1.0,-1.0
2022/05/31,2292.0,2294.0,2292.0,2294.0,600,-1.0,-1.0,-1.0
2022/06/03,2270.0,2270.0,2270.0,2270.0,100,-1.0,-1.0,-1.0
2022/06/06,2296.0,2297.0,2253.0,2262.0,1200,-1.0,-1.0,-1.0
2022/06/07,2298.0,2362.0,2265.0,2299.0,1600,-1.0,-1.0,-1.0
2022/06/10,2299.0,2299.0,2299.0,2299.0,100,-1.0,-1.0,-1.0
2022/06/15,2299.0,2311.0,2261.0,2311.0,1600,-1.0,-1.0,-1.0
2022/06/20,2261.0,2272.0,2252.0,2272.0,600,-1.0,-1.0,-1.0
2022/06/21,2300.0,2300.0,2300.0,2300.0,100,-1.0,-1.0,-1.0
2022/06/24,2300.0,2300.0,2300.0,2300.0,200,-1.0,-1.0,-1.0
2022/06/27,2290.0,2290.0,2250.0,2250.0,400,-1.0,-1.0,-1.0
2022/06/28,2261.0,2300.0,2261.0,2300.0,1200,-1.0,-1.0,-1.0
2022/06/29,2300.0,2300.0,2300.0,2300.0,400,-1.0,-1.0,-1.0
2022/06/30,2300.0,2300.0,2300.0,2300.0,300,-1.0,-1.0,-1.0
2022/07/04,2315.0,2315.0,2275.0,2275.0,300,-1.0,-1.0,-1.0
2022/07/05,2282.0,2282.0,2282.0,2282.0,100,-1.0,-1.0,-1.0
2022/07/07,2282.0,2324.0,2282.0,2283.0,400,-1.0,-1.0,-1.0
2022/07/08,2295.0,2343.0,2295.0,2295.0,1600,-1.0,-1.0,-1.0
2022/07/11,2293.0,2293.0,2293.0,2293.0,100,-1.0,-1.0,-1.0
2022/07/12,2330.0,2330.0,2330.0,2330.0,100,-1.0,-1.0,-1.0
2022/07/13,2320.0,2320.0,2300.0,2300.0,1800,-1.0,-1.0,-1.0
2022/07/15,2300.0,2311.0,2300.0,2307.0,1000,-1.0,-1.0,-1.0
2022/07/19,2307.0,2307.0,2306.0,2307.0,5700,-1.0,-1.0,-1.0
2022/07/20,2327.0,2330.0,2300.0,2300.0,400,-1.0,-1.0,-1.0
2022/07/21,2300.0,2328.0,2284.0,2284.0,400,-1.0,-1.0,-1.0
2022/07/25,2226.0,2300.0,2226.0,2295.0,1600,-1.0,-1.0,-1.0
2022/07/28,2295.0,2350.0,2295.0,2350.0,1500,-1.0,-1.0,-1.0
2022/07/29,2350.0,2350.0,2350.0,2350.0,200,-1.0,-1.0,-1.0
2022/08/01,2375.0,2399.0,2314.0,2344.0,2300,-1.0,-1.0,-1.0
2022/08/02,2344.0,2344.0,2344.0,2344.0,300,-1.0,-1.0,-1.0
2022/08/09,2342.0,2342.0,2342.0,2342.0,300,-1.0,-1.0,-1.0
2022/08/10,2342.0,2342.0,2307.0,2307.0,600,-1.0,-1.0,-1.0
2022/08/12,2357.0,2371.0,2357.0,2371.0,2800,-1.0,-1.0,-1.0
2022/08/15,2371.0,2399.0,2371.0,2399.0,1000,-1.0,-1.0,-1.0
2022/08/16,2400.0,2440.0,2400.0,2440.0,1200,-1.0,-1.0,-1.0
2022/08/17,2440.0,2440.0,2390.0,2390.0,1500,-1.0,-1.0,-1.0
2022/08/18,2445.0,2890.0,2445.0,2780.0,29100,-1.0,-1.0,-1.0
2022/08/19,2980.0,2980.0,2654.0,2795.0,16000,-1.0,-1.0,-1.0
2022/08/22,2750.0,2750.0,2650.0,2731.0,5400,-1.0,-1.0,-1.0
2022/08/23,2730.0,2730.0,2650.0,2650.0,500,-1.0,-1.0,-1.0
2022/08/24,2645.0,2645.0,2515.0,2518.0,3200,-1.0,-1.0,-1.0
2022/08/25,2594.0,2695.0,2545.0,2545.0,6700,-1.0,-1.0,-1.0
2022/08/26,2549.0,2549.0,2472.0,2472.0,4600,-1.0,-1.0,-1.0
2022/08/29,2474.0,2674.0,2474.0,2625.0,2900,-1.0,-1.0,-1.0
2022/08/30,2625.0,2625.0,2553.0,2553.0,1000,-1.0,-1.0,-1.0
2022/08/31,2518.0,2532.0,2450.0,2450.0,2800,-1.0,-1.0,-1.0
2022/09/01,2500.0,2500.0,2467.0,2467.0,500,-1.0,-1.0,-1.0
2022/09/02,2456.0,2456.0,2455.0,2456.0,300,-1.0,-1.0,-1.0
2022/09/05,2506.0,2529.0,2456.0,2456.0,1000,-1.0,-1.0,-1.0
2022/09/06,2506.0,2506.0,2452.0,2452.0,600,-1.0,-1.0,-1.0
2022/09/07,2450.0,2451.0,2425.0,2425.0,2400,-1.0,-1.0,-1.0
2022/09/08,2412.0,2450.0,2412.0,2418.0,1300,-1.0,-1.0,-1.0
2022/09/09,2384.0,2437.0,2384.0,2437.0,1100,-1.0,-1.0,-1.0
2022/09/12,2447.0,2490.0,2441.0,2490.0,700,-1.0,-1.0,-1.0
2022/09/13,2489.0,2489.0,2480.0,2480.0,300,-1.0,-1.0,-1.0
2022/09/14,2476.0,2476.0,2476.0,2476.0,200,-1.0,-1.0,-1.0
2022/09/15,2476.0,2476.0,2475.0,2475.0,800,-1.0,-1.0,-1.0
2022/09/16,2475.0,2475.0,2431.0,2464.0,300,-1.0,-1.0,-1.0
2022/09/20,2496.0,2496.0,2405.0,2449.0,2500,-1.0,-1.0,-1.0
2022/09/21,2450.0,2450.0,2450.0,2450.0,100,-1.0,-1.0,-1.0
2022/09/22,2420.0,2450.0,2420.0,2450.0,1300,-1.0,-1.0,-1.0
2022/09/27,2364.0,2384.0,2363.0,2384.0,300,-1.0,-1.0,-1.0
2022/09/28,2403.0,2403.0,2390.0,2390.0,300,-1.0,-1.0,-1.0
2022/09/30,2391.0,2477.0,2391.0,2477.0,300,-1.0,-1.0,-1.0
2022/10/03,2470.0,2470.0,2383.0,2388.0,600,-1.0,-1.0,-1.0
2022/10/04,2438.0,2438.0,2438.0,2438.0,100,-1.0,-1.0,-1.0
2022/10/05,2462.0,2484.0,2416.0,2421.0,1300,-1.0,-1.0,-1.0
2022/10/06,2469.0,2469.0,2422.0,2423.0,1100,-1.0,-1.0,-1.0
2022/10/07,2400.0,2400.0,2400.0,2400.0,100,-1.0,-1.0,-1.0
2022/10/11,2400.0,2400.0,2389.0,2389.0,400,-1.0,-1.0,-1.0
2022/10/12,2386.0,2386.0,2386.0,2386.0,100,-1.0,-1.0,-1.0
2022/10/13,2400.0,2400.0,2385.0,2400.0,3300,-1.0,-1.0,-1.0
2022/10/14,2400.0,2400.0,2400.0,2400.0,300,-1.0,-1.0,-1.0
2022/10/17,2400.0,2400.0,2400.0,2400.0,400,-1.0,-1.0,-1.0
2022/10/18,2410.0,2420.0,2410.0,2420.0,200,-1.0,-1.0,-1.0
2022/10/19,2420.0,2420.0,2420.0,2420.0,300,-1.0,-1.0,-1.0
2022/10/20,2420.0,2420.0,2415.0,2415.0,200,-1.0,-1.0,-1.0
2022/10/21,2366.0,2421.0,2366.0,2380.0,400,-1.0,-1.0,-1.0
2022/10/24,2365.0,2441.0,2365.0,2391.0,1300,-1.0,-1.0,-1.0
2022/10/25,2441.0,2441.0,2405.0,2405.0,200,-1.0,-1.0,-1.0
2022/10/26,2408.0,2415.0,2408.0,2415.0,1600,-1.0,-1.0,-1.0
2022/10/27,2409.0,2429.0,2404.0,2429.0,400,-1.0,-1.0,-1.0
2022/10/28,2429.0,2450.0,2420.0,2420.0,500,-1.0,-1.0,-1.0
2022/10/31,2464.0,2464.0,2464.0,2464.0,300,-1.0,-1.0,-1.0
2022/11/01,2428.0,2428.0,2409.0,2409.0,400,-1.0,-1.0,-1.0
2022/11/02,2459.0,2460.0,2410.0,2410.0,1300,-1.0,-1.0,-1.0
2022/11/07,2399.0,2399.0,2399.0,2399.0,200,-1.0,-1.0,-1.0
2022/11/08,2420.0,2420.0,2400.0,2400.0,800,-1.0,-1.0,-1.0
2022/11/09,2394.0,2401.0,2394.0,2401.0,200,-1.0,-1.0,-1.0
2022/11/10,2391.0,2391.0,2391.0,2391.0,400,-1.0,-1.0,-1.0
2022/11/11,2438.0,2438.0,2391.0,2420.0,700,-1.0,-1.0,-1.0
2022/11/14,2442.0,2445.0,2406.0,2445.0,600,-1.0,-1.0,-1.0
2022/11/15,2445.0,2445.0,2380.0,2390.0,4600,-1.0,-1.0,-1.0
2022/11/16,2440.0,2440.0,2367.0,2367.0,2100,-1.0,-1.0,-1.0
2022/11/17,2367.0,2367.0,2361.0,2363.0,300,-1.0,-1.0,-1.0
2022/11/18,2380.0,2380.0,2320.0,2333.0,5300,-1.0,-1.0,-1.0
2022/11/21,2375.0,2375.0,2339.0,2339.0,200,-1.0,-1.0,-1.0
2022/11/22,2381.0,2381.0,2381.0,2381.0,200,-1.0,-1.0,-1.0
2022/11/24,2380.0,2380.0,2321.0,2343.0,1700,-1.0,-1.0,-1.0
2022/11/29,2343.0,2348.0,2343.0,2348.0,800,-1.0,-1.0,-1.0
2022/12/02,2340.0,2340.0,2340.0,2340.0,100,-1.0,-1.0,-1.0
2022/12/05,2332.0,2332.0,2332.0,2332.0,100,-1.0,-1.0,-1.0
2022/12/06,2322.0,2322.0,2256.0,2304.0,1100,-1.0,-1.0,-1.0
2022/12/07,2300.0,2350.0,2300.0,2350.0,3200,-1.0,-1.0,-1.0
2022/12/08,2350.0,2350.0,2350.0,2350.0,100,-1.0,-1.0,-1.0
2022/12/12,2350.0,2350.0,2335.0,2335.0,800,-1.0,-1.0,-1.0
2022/12/13,2330.0,2339.0,2300.0,2309.0,700,-1.0,-1.0,-1.0
2022/12/14,2309.0,2350.0,2309.0,2350.0,2200,-1.0,-1.0,-1.0
2022/12/15,2350.0,2350.0,2313.0,2313.0,1000,-1.0,-1.0,-1.0
2022/12/19,2310.0,2359.0,2310.0,2315.0,900,-1.0,-1.0,-1.0
2022/12/21,2341.0,2341.0,2330.0,2330.0,500,-1.0,-1.0,-1.0
2022/12/22,2316.0,2330.0,2316.0,2330.0,1100,-1.0,-1.0,-1.0
2022/12/23,2340.0,2340.0,2330.0,2330.0,1300,-1.0,-1.0,-1.0
2022/12/26,2350.0,2350.0,2311.0,2336.0,900,-1.0,-1.0,-1.0
2022/12/27,2316.0,2316.0,2316.0,2316.0,100,-1.0,-1.0,-1.0
2022/12/28,2336.0,2340.0,2321.0,2325.0,1000,-1.0,-1.0,-1.0
2022/12/29,2325.0,2325.0,2325.0,2325.0,600,-1.0,-1.0,-1.0
2023/01/05,2350.0,2350.0,2340.0,2340.0,500,-1.0,-1.0,-1.0
2023/01/06,2340.0,2347.0,2340.0,2347.0,500,-1.0,-1.0,-1.0
2023/01/10,2358.0,2375.0,2358.0,2375.0,300,-1.0,-1.0,-1.0
2023/01/13,2380.0,2380.0,2380.0,2380.0,200,-1.0,-1.0,-1.0
2023/01/16,2380.0,2405.0,2380.0,2400.0,1400,-1.0,-1.0,-1.0
2023/01/17,2400.0,2400.0,2337.0,2399.0,2500,-1.0,-1.0,-1.0
2023/01/19,2352.0,2370.0,2352.0,2370.0,200,-1.0,-1.0,-1.0
2023/01/20,2400.0,2400.0,2350.0,2350.0,5300,-1.0,-1.0,-1.0
2023/01/23,2397.0,2397.0,2386.0,2386.0,300,-1.0,-1.0,-1.0
2023/01/24,2387.0,2387.0,2386.0,2387.0,500,-1.0,-1.0,-1.0
2023/01/25,2337.0,2362.0,2337.0,2362.0,1200,-1.0,-1.0,-1.0
2023/01/26,2412.0,2419.0,2385.0,2419.0,500,-1.0,-1.0,-1.0
2023/01/27,2417.0,2417.0,2417.0,2417.0,300,-1.0,-1.0,-1.0
2023/01/31,2430.0,2430.0,2430.0,2430.0,100,-1.0,-1.0,-1.0
2023/02/01,2380.0,2381.0,2380.0,2381.0,200,-1.0,-1.0,-1.0
2023/02/02,2381.0,2411.0,2380.0,2393.0,1400,-1.0,-1.0,-1.0
2023/02/06,2434.0,2434.0,2434.0,2434.0,100,-1.0,-1.0,-1.0
2023/02/08,2400.0,2400.0,2400.0,2400.0,1000,-1.0,-1.0,-1.0
2023/02/09,2397.0,2397.0,2397.0,2397.0,200,-1.0,-1.0,-1.0
2023/02/10,2397.0,2400.0,2397.0,2400.0,400,-1.0,-1.0,-1.0
2023/02/13,2417.0,2450.0,2410.0,2450.0,1000,-1.0,-1.0,-1.0
2023/02/14,2402.0,2462.0,2400.0,2419.0,3500,-1.0,-1.0,-1.0
2023/02/15,2420.0,2470.0,2420.0,2422.0,2800,-1.0,-1.0,-1.0
2023/02/16,2472.0,2472.0,2469.0,2469.0,200,-1.0,-1.0,-1.0
2023/02/17,2469.0,2500.0,2469.0,2470.0,1800,-1.0,-1.0,-1.0
2023/02/20,2470.0,2490.0,2470.0,2480.0,900,-1.0,-1.0,-1.0
2023/02/21,2452.0,2465.0,2452.0,2465.0,400,-1.0,-1.0,-1.0
2023/02/22,2460.0,2460.0,2460.0,2460.0,300,-1.0,-1.0,-1.0
2023/02/24,2460.0,2460.0,2460.0,2460.0,600,-1.0,-1.0,-1.0
2023/02/28,2510.0,2510.0,2499.0,2500.0,2100,-1.0,-1.0,-1.0
2023/03/01,2500.0,2555.0,2500.0,2544.0,1200,-1.0,-1.0,-1.0
2023/03/02,2550.0,2650.0,2550.0,2569.0,2100,-1.0,-1.0,-1.0
2023/03/03,2563.0,2695.0,2563.0,2695.0,1900,-1.0,-1.0,-1.0
2023/03/06,2696.0,2696.0,2655.0,2675.0,900,-1.0,-1.0,-1.0
2023/03/07,2675.0,2675.0,2675.0,2675.0,100,-1.0,-1.0,-1.0
2023/03/08,2675.0,2780.0,2675.0,2700.0,3100,-1.0,-1.0,-1.0
2023/03/09,2710.0,2710.0,2705.0,2710.0,1200,-1.0,-1.0,-1.0
2023/03/10,2700.0,2700.0,2662.0,2694.0,700,-1.0,-1.0,-1.0
2023/03/13,2665.0,2665.0,2615.0,2665.0,800,-1.0,-1.0,-1.0
2023/03/14,2615.0,2668.0,2615.0,2668.0,400,-1.0,-1.0,-1.0
2023/03/15,2668.0,2769.0,2668.0,2769.0,1300,-1.0,-1.0,-1.0
2023/03/16,2769.0,2769.0,2719.0,2767.0,1200,-1.0,-1.0,-1.0
2023/03/17,2717.0,2736.0,2717.0,2730.0,300,-1.0,-1.0,-1.0
2023/03/20,2680.0,2680.0,2656.0,2660.0,600,-1.0,-1.0,-1.0
2023/03/22,2660.0,2660.0,2660.0,2660.0,200,-1.0,-1.0,-1.0
2023/03/24,2699.0,2720.0,2699.0,2720.0,400,-1.0,-1.0,-1.0
2023/03/28,2711.0,2711.0,2711.0,2711.0,200,-1.0,-1.0,-1.0
2023/03/29,2661.0,2699.0,2661.0,2662.0,400,-1.0,-1.0,-1.0
2023/03/30,2613.0,2613.0,2613.0,2613.0,1500,-1.0,-1.0,-1.0
2023/03/31,2705.0,3115.0,2705.0,3060.0,63600,-1.0,-1.0,-1.0
2023/04/03,3155.0,3760.0,3000.0,3760.0,76800,-1.0,-1.0,-1.0
2023/04/04,3900.0,3915.0,3075.0,3300.0,93300,-1.0,-1.0,-1.0
2023/04/05,3100.0,3155.0,3040.0,3080.0,23800,-1.0,-1.0,-1.0
2023/04/06,3020.0,3370.0,3015.0,3220.0,25800,-1.0,-1.0,-1.0
2023/04/07,3235.0,3235.0,2922.0,2922.0,17500,-1.0,-1.0,-1.0
2023/04/10,2935.0,2984.0,2838.0,2875.0,8600,-1.0,-1.0,-1.0
2023/04/11,2880.0,3140.0,2880.0,3075.0,8100,-1.0,-1.0,-1.0
2023/04/12,3035.0,3070.0,2939.0,3030.0,4500,-1.0,-1.0,-1.0
2023/04/13,2960.0,3005.0,2934.0,2960.0,1300,-1.0,-1.0,-1.0
2023/04/14,2910.0,2980.0,2860.0,2951.0,2900,-1.0,-1.0,-1.0
2023/04/17,2951.0,3000.0,2880.0,2880.0,1800,-1.0,-1.0,-1.0
2023/04/18,2882.0,2897.0,2701.0,2830.0,6800,-1.0,-1.0,-1.0
2023/04/19,2835.0,2979.0,2804.0,2942.0,3000,-1.0,-1.0,-1.0
2023/04/20,2900.0,2900.0,2848.0,2848.0,2200,-1.0,-1.0,-1.0
2023/04/21,2849.0,2920.0,2822.0,2830.0,2600,-1.0,-1.0,-1.0
2023/04/24,2780.0,2970.0,2780.0,2970.0,1500,-1.0,-1.0,-1.0
2023/04/25,2920.0,2940.0,2841.0,2873.0,2700,-1.0,-1.0,-1.0
2023/04/26,2890.0,2950.0,2871.0,2950.0,2000,-1.0,-1.0,-1.0
2023/04/27,2987.0,2987.0,2903.0,2920.0,1700,-1.0,-1.0,-1.0
2023/04/28,2965.0,2965.0,2920.0,2920.0,1400,-1.0,-1.0,-1.0
2023/05/01,2920.0,2988.0,2920.0,2985.0,1000,-1.0,-1.0,-1.0
2023/05/02,2985.0,3100.0,2985.0,3100.0,3200,-1.0,-1.0,-1.0
2023/05/08,3115.0,3390.0,3115.0,3235.0,4700,-1.0,-1.0,-1.0
2023/05/09,3245.0,3300.0,3115.0,3260.0,4900,-1.0,-1.0,-1.0
2023/05/10,3230.0,3265.0,3200.0,3200.0,1700,-1.0,-1.0,-1.0
2023/05/11,3200.0,3200.0,3175.0,3200.0,900,-1.0,-1.0,-1.0
2023/05/12,3170.0,3295.0,3160.0,3295.0,1800,-1.0,-1.0,-1.0
2023/05/15,3295.0,3295.0,3010.0,3040.0,4300,-1.0,-1.0,-1.0
2023/05/16,3040.0,3040.0,2930.0,2981.0,1800,-1.0,-1.0,-1.0
2023/05/17,2951.0,2955.0,2950.0,2950.0,900,-1.0,-1.0,-1.0
2023/05/18,2940.0,2940.0,2880.0,2880.0,800,-1.0,-1.0,-1.0
2023/05/19,2871.0,2902.0,2870.0,2902.0,800,-1.0,-1.0,-1.0
2023/05/22,2878.0,2900.0,2878.0,2890.0,2200,-1.0,-1.0,-1.0
2023/05/23,2900.0,2900.0,2880.0,2880.0,600,-1.0,-1.0,-1.0
2023/05/24,2850.0,2850.0,2850.0,2850.0,100,-1.0,-1.0,-1.0
2023/05/25,2850.0,2867.0,2850.0,2867.0,700,-1.0,-1.0,-1.0
2023/05/26,2867.0,2867.0,2850.0,2850.0,1000,-1.0,-1.0,-1.0
2023/05/29,2801.0,2870.0,2800.0,2860.0,4800,-1.0,-1.0,-1.0
2023/05/30,2850.0,2850.0,2801.0,2801.0,400,-1.0,-1.0,-1.0
2023/05/31,2805.0,2811.0,2801.0,2811.0,500,-1.0,-1.0,-1.0
2023/06/02,2811.0,2811.0,2811.0,2811.0,100,-1.0,-1.0,-1.0
2023/06/06,2861.0,2861.0,2811.0,2833.0,400,-1.0,-1.0,-1.0
2023/06/08,2899.0,2899.0,2758.0,2861.0,5400,-1.0,-1.0,-1.0
2023/06/09,2865.0,2865.0,2865.0,2865.0,200,-1.0,-1.0,-1.0
2023/06/12,2825.0,2868.0,2815.0,2868.0,900,-1.0,-1.0,-1.0
2023/06/13,2868.0,2899.0,2852.0,2860.0,500,-1.0,-1.0,-1.0
2023/06/14,2910.0,2915.0,2861.0,2915.0,1000,-1.0,-1.0,-1.0
2023/06/15,2915.0,3000.0,2915.0,3000.0,2600,-1.0,-1.0,-1.0
2023/06/16,3050.0,3090.0,2985.0,3090.0,1700,-1.0,-1.0,-1.0
2023/06/19,3090.0,3130.0,3090.0,3125.0,1500,-1.0,-1.0,-1.0
2023/06/20,3120.0,3120.0,3000.0,3055.0,2500,-1.0,-1.0,-1.0
2023/06/22,3000.0,3000.0,2960.0,2960.0,1000,-1.0,-1.0,-1.0
2023/06/23,2946.0,2946.0,2880.0,2880.0,2000,-1.0,-1.0,-1.0
2023/06/26,2880.0,2880.0,2875.0,2875.0,800,-1.0,-1.0,-1.0
2023/06/28,2876.0,2950.0,2876.0,2931.0,1300,-1.0,-1.0,-1.0
2023/06/29,2931.0,2950.0,2931.0,2950.0,500,-1.0,-1.0,-1.0
2023/06/30,2970.0,2990.0,2970.0,2990.0,700,-1.0,-1.0,-1.0
2023/07/03,2990.0,3015.0,2990.0,3015.0,1300,-1.0,-1.0,-1.0
2023/07/04,3040.0,3075.0,3035.0,3075.0,1200,-1.0,-1.0,-1.0
2023/07/05,3075.0,3080.0,3015.0,3080.0,800,-1.0,-1.0,-1.0
2023/07/06,3025.0,3050.0,2950.0,3000.0,3900,-1.0,-1.0,-1.0
2023/07/07,2987.0,3000.0,2950.0,3000.0,2300,-1.0,-1.0,-1.0
2023/07/10,3000.0,3015.0,2970.0,3015.0,1600,-1.0,-1.0,-1.0
2023/07/11,3015.0,3040.0,3015.0,3040.0,800,-1.0,-1.0,-1.0
2023/07/12,3030.0,3060.0,2970.0,2995.0,2000,-1.0,-1.0,-1.0
2023/07/13,2991.0,2991.0,2991.0,2991.0,300,-1.0,-1.0,-1.0
2023/07/14,2991.0,3000.0,2976.0,2995.0,1100,-1.0,-1.0,-1.0
2023/07/18,2995.0,3035.0,2995.0,2998.0,700,-1.0,-1.0,-1.0
2023/07/19,3045.0,3050.0,3045.0,3050.0,300,-1.0,-1.0,-1.0
2023/07/20,3050.0,3125.0,3000.0,3020.0,7500,-1.0,-1.0,-1.0
2023/07/21,2992.0,2992.0,2992.0,2992.0,100,-1.0,-1.0,-1.0
2023/07/24,2991.0,2999.0,2940.0,2999.0,1700,-1.0,-1.0,-1.0
2023/07/25,3040.0,3040.0,2951.0,2990.0,1000,-1.0,-1.0,-1.0
2023/07/26,2993.0,2993.0,2951.0,2960.0,900,-1.0,-1.0,-1.0
2023/07/27,3010.0,3020.0,3010.0,3020.0,800,-1.0,-1.0,-1.0
2023/07/28,3020.0,3020.0,2980.0,2980.0,600,-1.0,-1.0,-1.0
2023/07/31,2980.0,2988.0,2930.0,2988.0,800,-1.0,-1.0,-1.0
2023/08/01,3055.0,3205.0,3020.0,3020.0,3100,-1.0,-1.0,-1.0
2023/08/03,3090.0,3090.0,3005.0,3010.0,1000,-1.0,-1.0,-1.0
2023/08/04,3000.0,3005.0,3000.0,3005.0,1200,-1.0,-1.0,-1.0
2023/08/08,2955.0,2955.0,2950.0,2952.0,1000,-1.0,-1.0,-1.0
2023/08/09,2930.0,3000.0,2930.0,2930.0,400,-1.0,-1.0,-1.0
2023/08/10,2952.0,3050.0,2952.0,3050.0,700,-1.0,-1.0,-1.0
2023/08/14,3050.0,3050.0,2890.0,2988.0,3500,-1.0,-1.0,-1.0
2023/08/15,2988.0,3005.0,2900.0,2979.0,2200,-1.0,-1.0,-1.0
2023/08/16,2929.0,2950.0,2929.0,2945.0,400,-1.0,-1.0,-1.0
2023/08/17,2921.0,2950.0,2900.0,2950.0,3000,-1.0,-1.0,-1.0
2023/08/21,2903.0,2930.0,2902.0,2930.0,1300,-1.0,-1.0,-1.0
2023/08/22,2968.0,2968.0,2956.0,2956.0,300,-1.0,-1.0,-1.0
2023/08/23,2920.0,2976.0,2920.0,2976.0,500,-1.0,-1.0,-1.0
2023/08/24,2977.0,2999.0,2976.0,2999.0,900,-1.0,-1.0,-1.0
2023/08/25,3000.0,3095.0,3000.0,3095.0,2600,-1.0,-1.0,-1.0
2023/08/28,3140.0,3140.0,3050.0,3050.0,800,-1.0,-1.0,-1.0
2023/08/29,3100.0,3100.0,3100.0,3100.0,500,-1.0,-1.0,-1.0
2023/08/30,3060.0,3065.0,3055.0,3060.0,600,-1.0,-1.0,-1.0
2023/08/31,3055.0,3055.0,3010.0,3020.0,1000,-1.0,-1.0,-1.0
2023/09/01,3020.0,3020.0,3020.0,3020.0,200,-1.0,-1.0,-1.0
2023/09/04,3025.0,3100.0,3025.0,3065.0,1400,-1.0,-1.0,-1.0
2023/09/06,3055.0,3055.0,3020.0,3055.0,1700,-1.0,-1.0,-1.0
2023/09/07,3065.0,3065.0,3050.0,3050.0,200,-1.0,-1.0,-1.0
2023/09/08,3050.0,3050.0,3005.0,3005.0,200,-1.0,-1.0,-1.0
2023/09/11,3005.0,3025.0,3005.0,3025.0,200,-1.0,-1.0,-1.0
2023/09/12,3055.0,3400.0,3055.0,3180.0,9900,-1.0,-1.0,-1.0
2023/09/13,3200.0,3275.0,3165.0,3250.0,4200,-1.0,-1.0,-1.0
2023/09/14,3255.0,3255.0,3165.0,3200.0,1000,-1.0,-1.0,-1.0
2023/09/15,3200.0,3200.0,3160.0,3165.0,1700,-1.0,-1.0,-1.0
2023/09/19,3235.0,3235.0,3165.0,3220.0,600,-1.0,-1.0,-1.0
2023/09/20,3220.0,3225.0,3220.0,3220.0,700,-1.0,-1.0,-1.0
2023/09/21,3210.0,3220.0,3200.0,3200.0,500,-1.0,-1.0,-1.0
2023/09/22,3200.0,3200.0,3165.0,3165.0,1100,-1.0,-1.0,-1.0
2023/09/25,3165.0,3235.0,3165.0,3235.0,600,-1.0,-1.0,-1.0
2023/09/26,3235.0,3235.0,3170.0,3170.0,200,-1.0,-1.0,-1.0
2023/09/27,3160.0,3195.0,3160.0,3195.0,900,-1.0,-1.0,-1.0
2023/09/28,3195.0,3195.0,3100.0,3140.0,800,-1.0,-1.0,-1.0
2023/09/29,3140.0,3175.0,3135.0,3175.0,800,-1.0,-1.0,-1.0
2023/10/02,3185.0,3185.0,3120.0,3120.0,1100,-1.0,-1.0,-1.0
2023/10/03,3110.0,3115.0,3035.0,3060.0,1400,-1.0,-1.0,-1.0
2023/10/04,2990.0,2990.0,2980.0,2980.0,600,-1.0,-1.0,-1.0
2023/10/05,3050.0,3065.0,3050.0,3065.0,800,-1.0,-1.0,-1.0
2023/10/10,3040.0,3165.0,3040.0,3165.0,800,-1.0,-1.0,-1.0
2023/10/11,3120.0,3125.0,3055.0,3055.0,700,-1.0,-1.0,-1.0
2023/10/13,3100.0,3150.0,3100.0,3150.0,200,-1.0,-1.0,-1.0
2023/10/16,3150.0,3150.0,3100.0,3100.0,800,-1.0,-1.0,-1.0
2023/10/18,3100.0,3170.0,3100.0,3170.0,200,-1.0,-1.0,-1.0
2023/10/20,3175.0,3175.0,3150.0,3150.0,500,-1.0,-1.0,-1.0
2023/10/23,3185.0,3235.0,3185.0,3235.0,1200,-1.0,-1.0,-1.0
2023/10/25,3250.0,3250.0,3250.0,3250.0,800,-1.0,-1.0,-1.0
2023/10/26,3200.0,3200.0,3200.0,3200.0,100,-1.0,-1.0,-1.0
2023/10/27,3200.0,3200.0,3200.0,3200.0,100,-1.0,-1.0,-1.0
2023/10/30,3270.0,3500.0,3220.0,3395.0,5800,-1.0,-1.0,-1.0
2023/10/31,3465.0,3465.0,3330.0,3380.0,1300,-1.0,-1.0,-1.0
2023/11/01,3360.0,3365.0,3360.0,3360.0,400,-1.0,-1.0,-1.0
2023/11/02,3360.0,3375.0,3360.0,3375.0,400,-1.0,-1.0,-1.0
2023/11/06,3375.0,3440.0,3375.0,3440.0,1700,-1.0,-1.0,-1.0
2023/11/07,3380.0,3435.0,3380.0,3435.0,500,-1.0,-1.0,-1.0
2023/11/08,3365.0,3415.0,3360.0,3360.0,1200,-1.0,-1.0,-1.0
2023/11/09,3355.0,3400.0,3355.0,3400.0,800,-1.0,-1.0,-1.0
2023/11/13,3455.0,3530.0,3440.0,3530.0,3800,-1.0,-1.0,-1.0
2023/11/14,3040.0,3250.0,3040.0,3250.0,6800,-1.0,-1.0,-1.0
2023/11/15,3250.0,3365.0,3250.0,3365.0,4800,-1.0,-1.0,-1.0
2023/11/16,3365.0,3390.0,3335.0,3390.0,1200,-1.0,-1.0,-1.0
2023/11/17,3445.0,3445.0,3350.0,3350.0,800,-1.0,-1.0,-1.0
2023/11/20,3385.0,3385.0,3350.0,3380.0,1700,-1.0,-1.0,-1.0
2023/11/21,3315.0,3315.0,3315.0,3315.0,100,-1.0,-1.0,-1.0
2023/11/22,3300.0,3300.0,3200.0,3200.0,900,-1.0,-1.0,-1.0
2023/11/24,3375.0,3390.0,3335.0,3390.0,1900,-1.0,-1.0,-1.0
2023/11/27,3390.0,3440.0,3390.0,3440.0,200,-1.0,-1.0,-1.0
2023/11/28,3440.0,3440.0,3385.0,3385.0,300,-1.0,-1.0,-1.0
2023/11/29,3385.0,3385.0,3385.0,3385.0,100,-1.0,-1.0,-1.0
2023/11/30,3445.0,3445.0,3445.0,3445.0,500,-1.0,-1.0,-1.0
2023/12/01,3440.0,3440.0,3440.0,3440.0,200,-1.0,-1.0,-1.0
2023/12/04,3445.0,3445.0,3445.0,3445.0,300,-1.0,-1.0,-1.0
2023/12/05,3375.0,3375.0,3375.0,3375.0,100,-1.0,-1.0,-1.0
2023/12/06,3365.0,3365.0,3365.0,3365.0,200,-1.0,-1.0,-1.0
2023/12/08,3465.0,3550.0,3405.0,3540.0,3000,-1.0,-1.0,-1.0
2023/12/11,3485.0,3530.0,3485.0,3530.0,600,-1.0,-1.0,-1.0
2023/12/12,3530.0,3540.0,3500.0,3520.0,2200,-1.0,-1.0,-1.0
2023/12/13,3520.0,3575.0,3520.0,3570.0,1600,-1.0,-1.0,-1.0
2023/12/14,3580.0,3600.0,3560.0,3560.0,1700,-1.0,-1.0,-1.0
2023/12/15,3560.0,3565.0,3540.0,3540.0,800,-1.0,-1.0,-1.0
2023/12/19,3545.0,3640.0,3540.0,3640.0,1600,-1.0,-1.0,-1.0
2023/12/20,3530.0,3610.0,3530.0,3610.0,1100,-1.0,-1.0,-1.0
2023/12/21,3600.0,3600.0,3530.0,3530.0,1200,-1.0,-1.0,-1.0
2023/12/22,3610.0,3610.0,3390.0,3595.0,2800,-1.0,-1.0,-1.0
2023/12/25,3590.0,3590.0,3445.0,3445.0,700,-1.0,-1.0,-1.0
2023/12/27,3420.0,3470.0,3400.0,3460.0,1700,-1.0,-1.0,-1.0
2023/12/28,3470.0,3470.0,3445.0,3445.0,400,-1.0,-1.0,-1.0
2024/01/04,3445.0,3450.0,3380.0,3450.0,1400,-1.0,-1.0,-1.0
2024/01/09,3450.0,3510.0,3410.0,3505.0,1200,-1.0,-1.0,-1.0
2024/01/10,3470.0,3540.0,3470.0,3535.0,500,-1.0,-1.0,-1.0
2024/01/11,3465.0,3465.0,3370.0,3435.0,1500,-1.0,-1.0,-1.0
2024/01/15,3440.0,3490.0,3440.0,3475.0,800,-1.0,-1.0,-1.0
2024/01/16,3500.0,3505.0,3395.0,3435.0,2500,-1.0,-1.0,-1.0
2024/01/17,3445.0,3490.0,3445.0,3490.0,800,-1.0,-1.0,-1.0
2024/01/18,3485.0,3495.0,3485.0,3495.0,200,-1.0,-1.0,-1.0
2024/01/19,3525.0,3525.0,3320.0,3355.0,4600,-1.0,-1.0,-1.0
2024/01/22,3425.0,3435.0,3420.0,3435.0,700,-1.0,-1.0,-1.0
2024/01/23,3435.0,3465.0,3390.0,3415.0,3400,-1.0,-1.0,-1.0
2024/01/24,3385.0,3470.0,3380.0,3470.0,1000,-1.0,-1.0,-1.0
2024/01/25,3470.0,3485.0,3470.0,3485.0,300,-1.0,-1.0,-1.0
2024/01/26,3485.0,3485.0,3370.0,3415.0,1100,-1.0,-1.0,-1.0
2024/01/29,3395.0,3405.0,3395.0,3405.0,200,-1.0,-1.0,-1.0
2024/01/30,3400.0,3400.0,3350.0,3350.0,700,-1.0,-1.0,-1.0
2024/01/31,3350.0,3415.0,3350.0,3415.0,200,-1.0,-1.0,-1.0
2024/02/02,3400.0,3400.0,3400.0,3400.0,200,-1.0,-1.0,-1.0
2024/02/05,3445.0,3470.0,3395.0,3400.0,1500,-1.0,-1.0,-1.0
2024/02/07,3380.0,3380.0,3380.0,3380.0,300,-1.0,-1.0,-1.0
2024/02/08,3380.0,3380.0,3295.0,3300.0,3200,-1.0,-1.0,-1.0
2024/02/09,3305.0,3405.0,3305.0,3310.0,1800,-1.0,-1.0,-1.0
2024/02/13,3380.0,3410.0,3380.0,3410.0,200,-1.0,-1.0,-1.0
2024/02/15,3410.0,3410.0,3355.0,3355.0,1300,-1.0,-1.0,-1.0
2024/02/16,3355.0,3450.0,3355.0,3445.0,800,-1.0,-1.0,-1.0
2024/02/19,3390.0,3450.0,3375.0,3410.0,700,-1.0,-1.0,-1.0
2024/02/20,3340.0,3340.0,3215.0,3235.0,1500,-1.0,-1.0,-1.0
2024/02/21,3305.0,3330.0,3305.0,3330.0,300,-1.0,-1.0,-1.0
2024/02/22,3330.0,3400.0,3330.0,3340.0,600,-1.0,-1.0,-1.0
2024/02/26,3340.0,3340.0,3340.0,3340.0,300,-1.0,-1.0,-1.0
2024/02/27,3340.0,3340.0,3340.0,3340.0,100,-1.0,-1.0,-1.0
2024/02/28,3340.0,3340.0,3300.0,3300.0,700,-1.0,-1.0,-1.0
2024/02/29,3350.0,3350.0,3350.0,3350.0,200,-1.0,-1.0,-1.0
2024/03/01,3395.0,3395.0,3290.0,3300.0,1200,-1.0,-1.0,-1.0
2024/03/05,3300.0,3325.0,3300.0,3300.0,1300,-1.0,-1.0,-1.0
2024/03/06,3300.0,3300.0,3250.0,3250.0,500,-1.0,-1.0,-1.0
2024/03/07,3255.0,3255.0,3255.0,3255.0,200,-1.0,-1.0,-1.0
2024/03/11,3320.0,3320.0,3250.0,3260.0,1200,-1.0,-1.0,-1.0
2024/03/12,3300.0,3325.0,3300.0,3320.0,1300,-1.0,-1.0,-1.0
2024/03/13,3325.0,3330.0,3325.0,3330.0,1800,-1.0,-1.0,-1.0
2024/03/14,3330.0,3330.0,3325.0,3325.0,500,-1.0,-1.0,-1.0
2024/03/15,3325.0,3360.0,3325.0,3360.0,200,-1.0,-1.0,-1.0
2024/03/18,3360.0,3465.0,3300.0,3465.0,800,-1.0,-1.0,-1.0
2024/03/19,3400.0,3400.0,3350.0,3350.0,600,-1.0,-1.0,-1.0
2024/03/21,3370.0,3400.0,3370.0,3400.0,300,-1.0,-1.0,-1.0
2024/03/22,3400.0,3400.0,3380.0,3380.0,400,-1.0,-1.0,-1.0
2024/03/25,3350.0,3350.0,3350.0,3350.0,200,-1.0,-1.0,-1.0
2024/03/26,3380.0,3380.0,3380.0,3380.0,200,-1.0,-1.0,-1.0
2024/03/27,3395.0,3395.0,3325.0,3325.0,500,-1.0,-1.0,-1.0
2024/03/28,3280.0,3280.0,3280.0,3280.0,1900,-1.0,-1.0,-1.0
2024/03/29,3490.0,3490.0,3355.0,3430.0,600,-1.0,-1.0,-1.0
2024/04/01,3500.0,3510.0,3400.0,3490.0,2900,-1.0,-1.0,-1.0
2024/04/02,3490.0,3490.0,3330.0,3420.0,2900,-1.0,-1.0,-1.0
2024/04/03,3405.0,3405.0,3355.0,3360.0,400,-1.0,-1.0,-1.0
2024/04/04,3385.0,3405.0,3385.0,3405.0,300,-1.0,-1.0,-1.0
2024/04/05,3355.0,3355.0,3350.0,3350.0,800,-1.0,-1.0,-1.0
2024/04/08,3400.0,3405.0,3360.0,3360.0,1000,-1.0,-1.0,-1.0
2024/04/09,,,,3360.0,0,-1.0,-1.0,-1.0
2024/04/10,3350.0,3350.0,3295.0,3300.0,1400,-1.0,-1.0,-1.0
2024/04/11,3300.0,3300.0,3250.0,3250.0,700,-1.0,-1.0,-1.0
2024/04/12,3230.0,3305.0,3230.0,3300.0,800,-1.0,-1.0,-1.0
2024/04/15,3300.0,3300.0,3130.0,3150.0,1800,-1.0,-1.0,-1.0
2024/04/16,3125.0,3225.0,3125.0,3180.0,6600,-1.0,-1.0,-1.0
2024/04/17,3200.0,3280.0,3200.0,3275.0,2000,-1.0,-1.0,-1.0
2024/04/18,3300.0,3300.0,3280.0,3280.0,1300,-1.0,-1.0,-1.0
2024/04/19,3275.0,3275.0,3270.0,3270.0,600,-1.0,-1.0,-1.0
2024/04/22,3270.0,3330.0,3270.0,3305.0,900,-1.0,-1.0,-1.0
2024/04/23,3310.0,3310.0,3285.0,3310.0,1000,-1.0,-1.0,-1.0
2024/04/24,,,,3310.0,0,-1.0,-1.0,-1.0
2024/04/25,3250.0,3270.0,3200.0,3255.0,1900,-1.0,-1.0,-1.0
2024/04/26,,,,3255.0,0,-1.0,-1.0,-1.0
2024/04/30,3255.0,3265.0,3125.0,3265.0,1700,-1.0,-1.0,-1.0
2024/05/01,,,,3265.0,0,-1.0,-1.0,-1.0
2024/05/02,,,,3265.0,0,-1.0,-1.0,-1.0
2024/05/07,3290.0,3345.0,3290.0,3345.0,2800,-1.0,-1.0,-1.0
2024/05/08,,,,3345.0,0,-1.0,-1.0,-1.0
2024/05/09,,,,3345.0,0,-1.0,-1.0,-1.0
2024/05/10,3300.0,3300.0,3300.0,3300.0,200,-1.0,-1.0,-1.0
2024/05/13,3300.0,3300.0,3230.0,3235.0,2000,-1.0,-1.0,-1.0
2024/05/14,3375.0,3375.0,3345.0,3345.0,300,-1.0,-1.0,-1.0
2024/05/15,3345.0,3345.0,3300.0,3300.0,2000,-1.0,-1.0,-1.0
2024/05/16,3375.0,3375.0,3295.0,3300.0,600,-1.0,-1.0,-1.0
2024/05/17,3305.0,3305.0,3305.0,3305.0,100,-1.0,-1.0,-1.0
2024/05/20,3305.0,3340.0,3230.0,3245.0,2000,-1.0,-1.0,-1.0
2024/05/21,3225.0,3225.0,3225.0,3225.0,200,-1.0,-1.0,-1.0
2024/05/22,3225.0,3265.0,3085.0,3190.0,4100,-1.0,-1.0,-1.0
2024/05/23,3200.0,3235.0,3200.0,3235.0,600,-1.0,-1.0,-1.0
2024/05/24,,,,3235.0,0,-1.0,-1.0,-1.0
2024/05/27,3180.0,3180.0,3170.0,3170.0,200,-1.0,-1.0,-1.0
2024/05/28,3170.0,3175.0,3170.0,3170.0,2100,-1.0,-1.0,-1.0
2024/05/29,3170.0,3235.0,3170.0,3235.0,200,-1.0,-1.0,-1.0
2024/05/30,3235.0,3235.0,3235.0,3235.0,100,-1.0,-1.0,-1.0
2024/05/31,3220.0,3220.0,3220.0,3220.0,300,-1.0,-1.0,-1.0
2024/06/03,3250.0,3250.0,3250.0,3250.0,600,-1.0,-1.0,-1.0
2024/06/04,3250.0,3250.0,3205.0,3250.0,400,-1.0,-1.0,-1.0
2024/06/05,,,,3250.0,0,-1.0,-1.0,-1.0
2024/06/06,3250.0,3250.0,3250.0,3250.0,300,-1.0,-1.0,-1.0
2024/06/07,3265.0,3275.0,3265.0,3275.0,500,-1.0,-1.0,-1.0
2024/06/10,3265.0,3265.0,3265.0,3265.0,200,-1.0,-1.0,-1.0
2024/06/11,3265.0,3265.0,3265.0,3265.0,100,-1.0,-1.0,-1.0
2024/06/12,,,,3265.0,0,-1.0,-1.0,-1.0
2024/06/13,3285.0,3300.0,3285.0,3285.0,1000,-1.0,-1.0,-1.0
2024/06/14,3250.0,3275.0,3250.0,3275.0,700,-1.0,-1.0,-1.0
2024/06/17,3275.0,3275.0,3275.0,3275.0,200,-1.0,-1.0,-1.0
2024/06/18,,,,3275.0,0,-1.0,-1.0,-1.0
2024/06/19,3275.0,3275.0,3275.0,3275.0,1100,-1.0,-1.0,-1.0
2024/06/20,3250.0,3250.0,3110.0,3175.0,2900,-1.0,-1.0,-1.0
2024/06/21,3185.0,3250.0,3175.0,3175.0,1100,-1.0,-1.0,-1.0
2024/06/24,,,,3175.0,0,-1.0,-1.0,-1.0
2024/06/25,,,,3175.0,0,-1.0,-1.0,-1.0
2024/06/26,3240.0,3240.0,3130.0,3130.0,700,-1.0,-1.0,-1.0
2024/06/27,3130.0,3175.0,3130.0,3175.0,200,-1.0,-1.0,-1.0
2024/06/28,3175.0,3210.0,3175.0,3175.0,600,-1.0,-1.0,-1.0
2024/07/01,3200.0,3200.0,3200.0,3200.0,100,-1.0,-1.0,-1.0
2024/07/02,,,,3200.0,0,-1.0,-1.0,-1.0
2024/07/03,,,,3200.0,0,-1.0,-1.0,-1.0
2024/07/04,3250.0,3250.0,3250.0,3250.0,200,-1.0,-1.0,-1.0
2024/07/05,3250.0,3250.0,3220.0,3220.0,300,-1.0,-1.0,-1.0
2024/07/08,3160.0,3160.0,3160.0,3160.0,100,-1.0,-1.0,-1.0
2024/07/09,3220.0,3220.0,3220.0,3220.0,400,-1.0,-1.0,-1.0
2024/07/10,3250.0,3270.0,3250.0,3250.0,500,-1.0,-1.0,-1.0
2024/07/11,3250.0,3250.0,3250.0,3250.0,200,-1.0,-1.0,-1.0
2024/07/12,3250.0,3275.0,3235.0,3235.0,1000,-1.0,-1.0,-1.0
2024/07/16,3240.0,3300.0,3240.0,3300.0,1100,-1.0,-1.0,-1.0
2024/07/17,3300.0,3300.0,3285.0,3285.0,3700,-1.0,-1.0,-1.0
2024/07/18,3275.0,3275.0,3275.0,3275.0,200,-1.0,-1.0,-1.0
2024/07/19,3275.0,3275.0,3275.0,3275.0,100,-1.0,-1.0,-1.0
2024/07/22,3205.0,3205.0,3170.0,3170.0,1600,-1.0,-1.0,-1.0
2024/07/23,3220.0,3230.0,3200.0,3230.0,800,-1.0,-1.0,-1.0
2024/07/24,3230.0,3240.0,3230.0,3240.0,200,-1.0,-1.0,-1.0
2024/07/25,3240.0,3240.0,3140.0,3140.0,700,-1.0,-1.0,-1.0
2024/07/26,3160.0,3160.0,3155.0,3155.0,300,-1.0,-1.0,-1.0
2024/07/29,3165.0,3170.0,3165.0,3170.0,200,-1.0,-1.0,-1.0
2024/07/30,3200.0,3205.0,3185.0,3185.0,1100,-1.0,-1.0,-1.0
2024/07/31,3200.0,3200.0,3160.0,3165.0,1000,-1.0,-1.0,-1.0
2024/08/01,3200.0,3235.0,3165.0,3165.0,800,-1.0,-1.0,-1.0
2024/08/02,3165.0,3165.0,3100.0,3100.0,2200,-1.0,-1.0,-1.0
2024/08/05,3000.0,3000.0,2951.0,2951.0,2800,-1.0,-1.0,-1.0
2024/08/06,2951.0,2955.0,2922.0,2922.0,500,-1.0,-1.0,-1.0
2024/08/07,2921.0,3000.0,2921.0,2999.0,700,-1.0,-1.0,-1.0
2024/08/08,2922.0,3155.0,2922.0,3060.0,1900,-1.0,-1.0,-1.0
2024/08/09,3060.0,3060.0,2940.0,2963.0,500,-1.0,-1.0,-1.0
2024/08/13,2980.0,3050.0,2980.0,3005.0,3700,-1.0,-1.0,-1.0
2024/08/14,3005.0,3030.0,3005.0,3010.0,400,-1.0,-1.0,-1.0
2024/08/15,3010.0,3050.0,3000.0,3000.0,900,-1.0,-1.0,-1.0
2024/08/16,3020.0,3065.0,3000.0,3025.0,3100,-1.0,-1.0,-1.0
2024/08/19,3025.0,3095.0,3025.0,3085.0,1200,-1.0,-1.0,-1.0
2024/08/20,3085.0,3100.0,3050.0,3050.0,800,-1.0,-1.0,-1.0
2024/08/21,3080.0,3115.0,3045.0,3080.0,1700,-1.0,-1.0,-1.0
2024/08/22,3080.0,3100.0,3030.0,3090.0,1200,-1.0,-1.0,-1.0
2024/08/23,3100.0,3100.0,3050.0,3080.0,1200,-1.0,-1.0,-1.0
2024/08/26,3100.0,3120.0,3100.0,3120.0,500,-1.0,-1.0,-1.0
2024/08/27,3100.0,3100.0,3100.0,3100.0,200,-1.0,-1.0,-1.0
2024/08/28,3100.0,3100.0,3080.0,3080.0,500,-1.0,-1.0,-1.0
2024/08/29,3080.0,3125.0,3080.0,3125.0,300,-1.0,-1.0,-1.0
2024/08/30,3100.0,3300.0,3100.0,3200.0,2800,-1.0,-1.0,-1.0
2024/09/02,3190.0,3200.0,3150.0,3170.0,2600,-1.0,-1.0,-1.0
2024/09/03,3170.0,3220.0,3170.0,3180.0,400,-1.0,-1.0,-1.0
2024/09/04,3160.0,3160.0,3090.0,3090.0,300,-1.0,-1.0,-1.0
2024/09/05,3090.0,3095.0,3090.0,3095.0,2400,-1.0,-1.0,-1.0
2024/09/06,3095.0,3150.0,3095.0,3150.0,700,-1.0,-1.0,-1.0
2024/09/09,3100.0,3100.0,3100.0,3100.0,600,-1.0,-1.0,-1.0
2024/09/10,3100.0,3130.0,3100.0,3130.0,400,-1.0,-1.0,-1.0
2024/09/11,,,,3130.0,0,-1.0,-1.0,-1.0
2024/09/12,3130.0,3130.0,3130.0,3130.0,100,-1.0,-1.0,-1.0
2024/09/13,3130.0,3140.0,3130.0,3140.0,300,-1.0,-1.0,-1.0
2024/09/17,3140.0,3140.0,3100.0,3100.0,300,-1.0,-1.0,-1.0
2024/09/18,3050.0,3050.0,3050.0,3050.0,100,-1.0,-1.0,-1.0
2024/09/19,3080.0,3220.0,3080.0,3150.0,600,-1.0,-1.0,-1.0
2024/09/20,3120.0,3240.0,3115.0,3200.0,1200,-1.0,-1.0,-1.0
2024/09/24,,,,3200.0,0,-1.0,-1.0,-1.0
2024/09/25,3200.0,3200.0,3200.0,3200.0,200,-1.0,-1.0,-1.0
2024/09/26,3200.0,3250.0,3200.0,3250.0,300,-1.0,-1.0,-1.0
2024/09/27,3250.0,3250.0,3250.0,3250.0,100,-1.0,-1.0,-1.0
2024/09/30,3110.0,3145.0,3100.0,3100.0,900,-1.0,-1.0,-1.0
2024/10/01,3100.0,3255.0,3100.0,3255.0,400,-1.0,-1.0,-1.0
2024/10/02,3240.0,3240.0,3240.0,3240.0,100,-1.0,-1.0,-1.0
2024/10/03,3185.0,3310.0,3185.0,3200.0,1200,-1.0,-1.0,-1.0
2024/10/04,3305.0,3305.0,3235.0,3235.0,500,-1.0,-1.0,-1.0
2024/10/07,3220.0,3250.0,3220.0,3220.0,1700,-1.0,-1.0,-1.0
2024/10/08,3180.0,3220.0,3180.0,3220.0,500,-1.0,-1.0,-1.0
2024/10/09,3220.0,3225.0,3220.0,3225.0,200,-1.0,-1.0,-1.0
2024/10/10,3200.0,3200.0,3200.0,3200.0,100,-1.0,-1.0,-1.0
2024/10/11,3200.0,3200.0,3200.0,3200.0,200,-1.0,-1.0,-1.0
2024/10/15,3200.0,3220.0,3200.0,3220.0,300,-1.0,-1.0,-1.0
2024/10/16,3220.0,3220.0,3150.0,3150.0,2100,-1.0,-1.0,-1.0
2024/10/17,3150.0,3150.0,3150.0,3150.0,300,-1.0,-1.0,-1.0
2024/10/18,3150.0,3150.0,3150.0,3150.0,100,-1.0,-1.0,-1.0
2024/10/21,3165.0,3165.0,3165.0,3165.0,100,-1.0,-1.0,-1.0
2024/10/22,3165.0,3165.0,3155.0,3155.0,200,-1.0,-1.0,-1.0
2024/10/23,3185.0,3185.0,3150.0,3155.0,1400,-1.0,-1.0,-1.0
2024/10/24,3115.0,3160.0,3110.0,3160.0,500,-1.0,-1.0,-1.0
2024/10/25,3155.0,3200.0,3130.0,3200.0,1100,-1.0,-1.0,-1.0
2024/10/28,3200.0,3200.0,3200.0,3200.0,100,-1.0,-1.0,-1.0
2024/10/29,3200.0,3290.0,3200.0,3290.0,300,-1.0,-1.0,-1.0
2024/10/30,3230.0,3230.0,3230.0,3230.0,200,-1.0,-1.0,-1.0
2024/10/31,3200.0,3200.0,3200.0,3200.0,200,-1.0,-1.0,-1.0
2024/11/01,,,,3200.0,0,-1.0,-1.0,-1.0
2024/11/05,3200.0,3300.0,3200.0,3300.0,1300,-1.0,-1.0,-1.0
2024/11/06,3300.0,3300.0,3300.0,3300.0,200,-1.0,-1.0,-1.0
2024/11/07,3230.0,3260.0,3230.0,3250.0,3200,-1.0,-1.0,-1.0
2024/11/08,3240.0,3285.0,3240.0,3285.0,700,-1.0,-1.0,-1.0
2024/11/11,3285.0,3400.0,3285.0,3350.0,1200,-1.0,-1.0,-1.0
2024/11/12,3350.0,3430.0,3335.0,3340.0,1500,-1.0,-1.0,-1.0
2024/11/13,3340.0,3340.0,3250.0,3250.0,2600,-1.0,-1.0,-1.0
2024/11/14,3250.0,3250.0,3250.0,3250.0,100,-1.0,-1.0,-1.0
2024/11/15,3250.0,3255.0,3250.0,3250.0,400,-1.0,-1.0,-1.0
2024/11/18,3250.0,3255.0,3250.0,3255.0,200,-1.0,-1.0,-1.0
2024/11/19,3260.0,3260.0,3260.0,3260.0,100,-1.0,-1.0,-1.0
2024/11/20,3260.0,3260.0,3260.0,3260.0,100,-1.0,-1.0,-1.0
2024/11/21,3260.0,3260.0,3260.0,3260.0,200,-1.0,-1.0,-1.0
2024/11/22,3260.0,3300.0,3260.0,3300.0,300,-1.0,-1.0,-1.0
2024/11/25,3300.0,3300.0,3300.0,3300.0,100,-1.0,-1.0,-1.0
2024/11/26,,,,3300.0,0,-1.0,-1.0,-1.0
2024/11/27,3250.0,3250.0,3110.0,3200.0,3200,-1.0,-1.0,-1.0
2024/11/28,,,,3200.0,0,-1.0,-1.0,-1.0
2024/11/29,3155.0,3205.0,3155.0,3200.0,500,-1.0,-1.0,-1.0
2024/12/02,3250.0,3280.0,3250.0,3280.0,500,-1.0,-1.0,-1.0
2024/12/03,3280.0,3390.0,3280.0,3345.0,500,-1.0,-1.0,-1.0
2024/12/04,3300.0,3345.0,3275.0,3275.0,800,-1.0,-1.0,-1.0
2024/12/05,3255.0,3300.0,3250.0,3300.0,1600,-1.0,-1.0,-1.0
2024/12/06,3300.0,3305.0,3300.0,3300.0,600,-1.0,-1.0,-1.0
2024/12/09,3285.0,3285.0,3285.0,3285.0,200,-1.0,-1.0,-1.0
2024/12/10,3355.0,3355.0,3305.0,3305.0,200,-1.0,-1.0,-1.0
2024/12/11,3300.0,3300.0,3300.0,3300.0,200,-1.0,-1.0,-1.0
2024/12/12,3340.0,3340.0,3340.0,3340.0,100,-1.0,-1.0,-1.0
2024/12/13,,,,3340.0,0,-1.0,-1.0,-1.0
2024/12/16,3350.0,3350.0,3300.0,3350.0,1700,-1.0,-1.0,-1.0
2024/12/17,3355.0,3355.0,3300.0,3300.0,700,-1.0,-1.0,-1.0
2024/12/18,3310.0,3310.0,3310.0,3310.0,100,-1.0,-1.0,-1.0
2024/12/19,3270.0,3270.0,3270.0,3270.0,300,-1.0,-1.0,-1.0
2024/12/20,3300.0,3300.0,3300.0,3300.0,200,-1.0,-1.0,-1.0
2024/12/23,,,,3300.0,0,-1.0,-1.0,-1.0
2024/12/24,3300.0,3300.0,3300.0,3300.0,300,-1.0,-1.0,-1.0
2024/12/25,3280.0,3280.0,3280.0,3280.0,200,-1.0,-1.0,-1.0
2024/12/26,3280.0,3300.0,3220.0,3220.0,1100,-1.0,-1.0,-1.0
2024/12/27,3230.0,3240.0,3230.0,3240.0,200,-1.0,-1.0,-1.0
2024/12/30,3300.0,3330.0,3290.0,3300.0,700,-1.0,-1.0,-1.0
2025/01/06,3350.0,3350.0,3350.0,3350.0,100,-1.0,-1.0,-1.0
2025/01/07,3400.0,3400.0,3300.0,3300.0,1300,-1.0,-1.0,-1.0
2025/01/08,3285.0,3285.0,3285.0,3285.0,1200,-1.0,-1.0,-1.0
2025/01/09,3285.0,3330.0,3285.0,3330.0,2300,-1.0,-1.0,-1.0
2025/01/10,,,,3330.0,0,-1.0,-1.0,-1.0
2025/01/14,,,,3330.0,0,-1.0,-1.0,-1.0
2025/01/15,3330.0,3330.0,3265.0,3265.0,700,-1.0,-1.0,-1.0
2025/01/16,3330.0,3340.0,3170.0,3200.0,7200,-1.0,-1.0,-1.0
2025/01/17,3255.0,3300.0,3220.0,3235.0,4900,-1.0,-1.0,-1.0
2025/01/20,,,,3235.0,0,-1.0,-1.0,-1.0
2025/01/21,3285.0,3285.0,3230.0,3230.0,600,-1.0,-1.0,-1.0
2025/01/22,3300.0,3300.0,3300.0,3300.0,600,-1.0,-1.0,-1.0
2025/01/23,3300.0,3305.0,3300.0,3305.0,300,-1.0,-1.0,-1.0
2025/01/24,3250.0,3310.0,3250.0,3250.0,900,-1.0,-1.0,-1.0
2025/01/27,3250.0,3250.0,3250.0,3250.0,100,-1.0,-1.0,-1.0
2025/01/28,,,,3250.0,0,-1.0,-1.0,-1.0
2025/01/29,3300.0,3300.0,3255.0,3255.0,1000,-1.0,-1.0,-1.0
2025/01/30,,,,3255.0,0,-1.0,-1.0,-1.0
2025/01/31,3275.0,3275.0,3275.0,3275.0,200,-1.0,-1.0,-1.0
2025/02/03,3205.0,3205.0,3015.0,3110.0,4000,-1.0,-1.0,-1.0
2025/02/04,3130.0,3200.0,3130.0,3200.0,200,-1.0,-1.0,-1.0
2025/02/05,3200.0,3200.0,3200.0,3200.0,100,-1.0,-1.0,-1.0
2025/02/06,3175.0,3175.0,3150.0,3155.0,5600,-1.0,-1.0,-1.0
2025/02/07,3145.0,3145.0,3100.0,3100.0,2900,-1.0,-1.0,-1.0
2025/02/10,3125.0,3125.0,3125.0,3125.0,200,-1.0,-1.0,-1.0
2025/02/12,3190.0,3195.0,3150.0,3190.0,600,-1.0,-1.0,-1.0
2025/02/13,3190.0,3190.0,3190.0,3190.0,100,-1.0,-1.0,-1.0
2025/02/14,3190.0,3225.0,3190.0,3225.0,200,-1.0,-1.0,-1.0
2025/02/17,3225.0,3225.0,3220.0,3220.0,500,-1.0,-1.0,-1.0
2025/02/18,,,,3220.0,0,-1.0,-1.0,-1.0
2025/02/19,3230.0,3230.0,3220.0,3220.0,600,-1.0,-1.0,-1.0
2025/02/20,3200.0,3200.0,3160.0,3160.0,500,-1.0,-1.0,-1.0
2025/02/21,3200.0,3200.0,3165.0,3165.0,600,-1.0,-1.0,-1.0
2025/02/25,,,,3165.0,0,-1.0,-1.0,-1.0
2025/02/26,3165.0,3165.0,3165.0,3165.0,100,-1.0,-1.0,-1.0
2025/02/27,,,,3165.0,0,-1.0,-1.0,-1.0
2025/02/28,3165.0,3165.0,3165.0,3165.0,400,-1.0,-1.0,-1.0
2025/03/03,,,,3165.0,0,-1.0,-1.0,-1.0
2025/03/04,3110.0,3115.0,3110.0,3110.0,1100,-1.0,-1.0,-1.0
2025/03/05,3180.0,3180.0,3130.0,3180.0,600,-1.0,-1.0,-1.0
2025/03/06,,,,3180.0,0,-1.0,-1.0,-1.0
2025/03/07,,,,3180.0,0,-1.0,-1.0,-1.0
2025/03/10,3180.0,3180.0,3180.0,3180.0,200,-1.0,-1.0,-1.0
2025/03/11,,,,3180.0,0,-1.0,-1.0,-1.0
2025/03/12,3180.0,3180.0,3180.0,3180.0,200,-1.0,-1.0,-1.0
2025/03/13,3180.0,3180.0,3180.0,3180.0,200,-1.0,-1.0,-1.0
2025/03/14,3150.0,3180.0,3150.0,3150.0,600,-1.0,-1.0,-1.0
2025/03/17,3150.0,3220.0,3150.0,3220.0,600,-1.0,-1.0,-1.0
2025/03/18,3210.0,3210.0,3125.0,3170.0,2700,-1.0,-1.0,-1.0
2025/03/19,3185.0,3185.0,3170.0,3170.0,300,-1.0,-1.0,-1.0
2025/03/21,3175.0,3205.0,3175.0,3200.0,400,-1.0,-1.0,-1.0
2025/03/24,3190.0,3210.0,3185.0,3205.0,900,-1.0,-1.0,-1.0
2025/03/25,3210.0,3210.0,3200.0,3205.0,900,-1.0,-1.0,-1.0
2025/03/26,3245.0,3245.0,3245.0,3245.0,1300,-1.0,-1.0,-1.0
2025/03/27,3250.0,3250.0,3250.0,3250.0,100,-1.0,-1.0,-1.0
2025/03/28,3200.0,3200.0,3200.0,3200.0,100,-1.0,-1.0,-1.0
2025/03/31,3215.0,3220.0,3200.0,3200.0,700,-1.0,-1.0,-1.0
2025/04/01,,,,3200.0,0,-1.0,-1.0,-1.0
2025/04/02,3225.0,3300.0,3225.0,3255.0,1000,-1.0,-1.0,-1.0
2025/04/03,3250.0,3345.0,3220.0,3250.0,4000,-1.0,-1.0,-1.0
2025/04/04,3205.0,3360.0,3205.0,3350.0,2300,-1.0,-1.0,-1.0
2025/04/07,3295.0,3295.0,3225.0,3225.0,300,-1.0,-1.0,-1.0
2025/04/08,3225.0,3250.0,3225.0,3250.0,700,-1.0,-1.0,-1.0
2025/04/09,3220.0,3290.0,3210.0,3290.0,900,-1.0,-1.0,-1.0
2025/04/10,3350.0,3490.0,3305.0,3460.0,1200,-1.0,-1.0,-1.0
2025/04/11,3390.0,3390.0,3390.0,3390.0,100,-1.0,-1.0,-1.0
2025/04/14,3495.0,3495.0,3355.0,3460.0,1300,-1.0,-1.0,-1.0
2025/04/15,3500.0,3560.0,3460.0,3500.0,3000,-1.0,-1.0,-1.0
2025/04/16,3430.0,3430.0,3430.0,3430.0,100,-1.0,-1.0,-1.0
2025/04/17,3450.0,3450.0,3450.0,3450.0,200,-1.0,-1.0,-1.0
2025/04/18,3450.0,3450.0,3450.0,3450.0,200,-1.0,-1.0,-1.0
2025/04/21,3450.0,3450.0,3400.0,3400.0,400,-1.0,-1.0,-1.0
2025/04/22,,,,3400.0,0,-1.0,-1.0,-1.0
2025/04/23,,,,3400.0,0,-1.0,-1.0,-1.0
2025/04/24,3400.0,3400.0,3400.0,3400.0,200,-1.0,-1.0,-1.0
2025/04/25,3405.0,3870.0,3300.0,3365.0,28600,-1.0,-1.0,-1.0
2025/04/28,3315.0,3365.0,3315.0,3365.0,800,-1.0,-1.0,-1.0
2025/04/30,3345.0,3345.0,3310.0,3310.0,1000,-1.0,-1.0,-1.0
2025/05/01,3300.0,3300.0,3300.0,3300.0,300,-1.0,-1.0,-1.0
2025/05/02,3350.0,3350.0,3350.0,3350.0,200,-1.0,-1.0,-1.0
2025/05/07,3350.0,3350.0,3350.0,3350.0,200,-1.0,-1.0,-1.0
2025/05/08,3350.0,3350.0,3350.0,3350.0,300,-1.0,-1.0,-1.0
2025/05/09,3305.0,3370.0,3305.0,3370.0,500,-1.0,-1.0,-1.0
2025/05/12,,,,3370.0,0,-1.0,-1.0,-1.0
2025/05/13,3400.0,3485.0,3400.0,3485.0,400,-1.0,-1.0,-1.0
2025/05/14,3495.0,3495.0,3495.0,3495.0,400,-1.0,-1.0,-1.0
2025/05/15,3495.0,3495.0,3450.0,3450.0,1500,-1.0,-1.0,-1.0
2025/05/16,3495.0,3495.0,3495.0,3495.0,200,-1.0,-1.0,-1.0
2025/05/19,,,,3495.0,0,-1.0,-1.0,-1.0
2025/05/20,,,,3495.0,0,-1.0,-1.0,-1.0
2025/05/21,3480.0,3480.0,3480.0,3480.0,900,-1.0,-1.0,-1.0
2025/05/22,3410.0,3410.0,3410.0,3410.0,100,-1.0,-1.0,-1.0
2025/05/23,,,,3410.0,0,-1.0,-1.0,-1.0
2025/05/26,3410.0,3410.0,3410.0,3410.0,300,-1.0,-1.0,-1.0
2025/05/27,3380.0,3445.0,3380.0,3445.0,1600,-1.0,-1.0,-1.0
2025/05/28,,,,3445.0,0,-1.0,-1.0,-1.0
2025/05/29,3445.0,3445.0,3445.0,3445.0,100,-1.0,-1.0,-1.0
2025/05/30,,,,3445.0,0,-1.0,-1.0,-1.0
2025/06/02,,,,3445.0,0,-1.0,-1.0,-1.0
2025/06/03,,,,3445.0,0,-1.0,-1.0,-1.0
2025/06/04,3445.0,3470.0,3445.0,3470.0,700,-1.0,-1.0,-1.0
2025/06/05,,,,3470.0,0,-1.0,-1.0,-1.0
2025/06/06,,,,3470.0,0,-1.0,-1.0,-1.0
2025/06/09,,,,3470.0,0,-1.0,-1.0,-1.0
2025/06/10,3470.0,3505.0,3415.0,3500.0,2300,-1.0,-1.0,-1.0
2025/06/11,3500.0,3535.0,3500.0,3535.0,300,-1.0,-1.0,-1.0
2025/06/12,3500.0,3500.0,3500.0,3500.0,400,-1.0,-1.0,-1.0
2025/06/13,3460.0,3460.0,3460.0,3460.0,100,-1.0,-1.0,-1.0
2025/06/16,3460.0,3460.0,3460.0,3460.0,500,-1.0,-1.0,-1.0
2025/06/17,3460.0,3495.0,3460.0,3495.0,300,-1.0,-1.0,-1.0
2025/06/18,3495.0,3495.0,3495.0,3495.0,200,-1.0,-1.0,-1.0
2025/06/19,3515.0,3515.0,3515.0,3515.0,300,-1.0,-1.0,-1.0
2025/06/20,,,,3515.0,0,-1.0,-1.0,-1.0
2025/06/23,,,,3515.0,0,-1.0,-1.0,-1.0
2025/06/24,,,,3515.0,0,-1.0,-1.0,-1.0
2025/06/25,,,,3515.0,0,-1.0,-1.0,-1.0
2025/06/26,,,,3515.0,0,-1.0,-1.0,-1.0
2025/06/27,3515.0,3515.0,3500.0,3500.0,4100,-1.0,-1.0,-1.0
2025/06/30,3450.0,3450.0,3450.0,3450.0,100,-1.0,-1.0,-1.0
2025/07/01,3470.0,3470.0,3470.0,3470.0,100,-1.0,-1.0,-1.0
2025/07/02,,,,3470.0,0,-1.0,-1.0,-1.0
2025/07/03,3540.0,3540.0,3540.0,3540.0,100,-1.0,-1.0,-1.0
2025/07/04,3540.0,3540.0,3540.0,3540.0,200,-1.0,-1.0,-1.0
2025/07/07,3510.0,3510.0,3510.0,3510.0,100,-1.0,-1.0,-1.0
2025/07/08,3545.0,3545.0,3545.0,3545.0,100,-1.0,-1.0,-1.0
2025/07/09,3550.0,3550.0,3550.0,3550.0,100,-1.0,-1.0,-1.0
2025/07/10,3590.0,3590.0,3590.0,3590.0,100,-1.0,-1.0,-1.0
2025/07/11,3630.0,3655.0,3630.0,3655.0,600,-1.0,-1.0,-1.0
2025/07/14,3675.0,3695.0,3640.0,3695.0,2400,-1.0,-1.0,-1.0
2025/07/15,3695.0,3845.0,3695.0,3775.0,1400,-1.0,-1.0,-1.0
2025/07/16,3775.0,3775.0,3705.0,3720.0,4000,-1.0,-1.0,-1.0
2025/07/17,3710.0,3750.0,3710.0,3720.0,500,-1.0,-1.0,-1.0
2025/07/18,3710.0,3725.0,3710.0,3720.0,1200,-1.0,-1.0,-1.0
2025/07/22,3720.0,3725.0,3720.0,3725.0,200,-1.0,-1.0,-1.0
2025/07/23,3725.0,3800.0,3725.0,3800.0,3200,-1.0,-1.0,-1.0
2025/07/24,,,,3800.0,0,-1.0,-1.0,-1.0
2025/07/25,3800.0,3800.0,3800.0,3800.0,600,-1.0,-1.0,-1.0
2025/07/28,3800.0,3800.0,3775.0,3790.0,2000,-1.0,-1.0,-1.0
2025/07/29,,,,3790.0,0,-1.0,-1.0,-1.0
2025/07/30,3790.0,3830.0,3790.0,3800.0,1000,-1.0,-1.0,-1.0
2025/07/31,,,,3800.0,0,-1.0,-1.0,-1.0
2025/08/01,,,,3800.0,0,-1.0,-1.0,-1.0
2025/08/04,3800.0,3800.0,3800.0,3800.0,100,-1.0,-1.0,-1.0
2025/08/05,,,,3800.0,0,-1.0,-1.0,-1.0
2025/08/06,3805.0,3840.0,3800.0,3800.0,1000,-1.0,-1.0,-1.0
2025/08/07,3800.0,3825.0,3800.0,3805.0,600,-1.0,-1.0,-1.0
2025/08/08,3875.0,3930.0,3850.0,3930.0,2400,-1.0,-1.0,-1.0
2025/08/12,3860.0,3930.0,3855.0,3900.0,900,-1.0,-1.0,-1.0
2025/08/13,,,,3900.0,0,-1.0,-1.0,-1.0
2025/08/14,3890.0,3890.0,3865.0,3865.0,1000,-1.0,-1.0,-1.0
2025/08/15,3900.0,3925.0,3900.0,3925.0,500,-1.0,-1.0,-1.0
2025/08/18,3925.0,3965.0,3925.0,3945.0,700,-1.0,-1.0,-1.0
2025/08/19,3945.0,3945.0,3900.0,3900.0,2900,-1.0,-1.0,-1.0
2025/08/20,3910.0,3910.0,3850.0,3850.0,1900,-1.0,-1.0,-1.0
2025/08/21,3890.0,3895.0,3800.0,3815.0,2900,-1.0,-1.0,-1.0
2025/08/22,3790.0,3790.0,3790.0,3790.0,100,-1.0,-1.0,-1.0
2025/08/25,3855.0,3930.0,3830.0,3925.0,1700,-1.0,-1.0,-1.0
2025/08/26,3855.0,3905.0,3855.0,3905.0,300,-1.0,-1.0,-1.0
2025/08/27,3905.0,3945.0,3905.0,3945.0,400,-1.0,-1.0,-1.0
2025/08/28,3945.0,3945.0,3945.0,3945.0,100,-1.0,-1.0,-1.0
2025/08/29,,,,3945.0,0,-1.0,-1.0,-1.0
2025/09/01,3900.0,3900.0,3830.0,3850.0,2500,-1.0,-1.0,-1.0
2025/09/02,3900.0,3900.0,3900.0,3900.0,500,-1.0,-1.0,-1.0
2025/09/03,,,,3900.0,0,-1.0,-1.0,-1.0
2025/09/04,,,,3900.0,0,-1.0,-1.0,-1.0
2025/09/05,3900.0,3900.0,3850.0,3850.0,700,-1.0,-1.0,-1.0
2025/09/08,3900.0,3900.0,3800.0,3800.0,3600,-1.0,-1.0,-1.0
2025/09/09,3805.0,3840.0,3800.0,3820.0,1300,-1.0,-1.0,-1.0
2025/09/10,3860.0,3860.0,3860.0,3860.0,500,-1.0,-1.0,-1.0
2025/09/11,3860.0,3860.0,3810.0,3810.0,700,-1.0,-1.0,-1.0
2025/09/12,3850.0,3850.0,3850.0,3850.0,500,-1.0,-1.0,-1.0
2025/09/16,3850.0,3850.0,3850.0,3850.0,200,-1.0,-1.0,-1.0
2025/09/17,3850.0,3850.0,3810.0,3830.0,1000,-1.0,-1.0,-1.0
2025/09/18,,,,3830.0,0,-1.0,-1.0,-1.0
2025/09/19,3850.0,3850.0,3830.0,3830.0,2100,-1.0,-1.0,-1.0
2025/09/22,,,,3830.0,0,-1.0,-1.0,-1.0
2025/09/24,,,,3830.0,0,-1.0,-1.0,-1.0
2025/09/25,3850.0,3850.0,3850.0,3850.0,100,-1.0,-1.0,-1.0
2025/09/26,,,,3850.0,0,-1.0,-1.0,-1.0
2025/09/29,,,,3850.0,0,-1.0,-1.0,-1.0
2025/09/30,3795.0,3795.0,3795.0,3795.0,800,-1.0,-1.0,-1.0
2025/10/01,3800.0,3800.0,3800.0,3800.0,200,-1.0,-1.0,-1.0
2025/10/02,3800.0,3800.0,3800.0,3800.0,200,-1.0,-1.0,-1.0
2025/10/03,3780.0,3795.0,3710.0,3710.0,1400,-1.0,-1.0,-1.0
2025/10/06,3710.0,3750.0,3615.0,3615.0,1100,-1.0,-1.0,-1.0
2025/10/07,3655.0,3700.0,3615.0,3620.0,1200,-1.0,-1.0,-1.0
2025/10/08,3580.0,3730.0,3580.0,3700.0,600,-1.0,-1.0,-1.0
2025/10/09,,,,3700.0,0,-1.0,-1.0,-1.0
2025/10/10,,,,3700.0,0,-1.0,-1.0,-1.0
2025/10/14,3650.0,3650.0,3560.0,3575.0,700,-1.0,-1.0,-1.0
2025/10/15,3575.0,3575.0,3575.0,3575.0,400,-1.0,-1.0,-1.0
2025/10/16,,,,3575.0,0,-1.0,-1.0,-1.0
2025/10/17,3575.0,3575.0,3575.0,3575.0,200,-1.0,-1.0,-1.0
2025/10/20,3645.0,3645.0,3600.0,3600.0,1000,-1.0,-1.0,-1.0
2025/10/21,,,,3600.0,0,-1.0,-1.0,-1.0
2025/10/22,3640.0,3640.0,3640.0,3640.0,100,-1.0,-1.0,-1.0
2025/10/23,3590.0,3590.0,3580.0,3580.0,1100,-1.0,-1.0,-1.0
2025/10/24,3580.0,3580.0,3580.0,3580.0,500,-1.0,-1.0,-1.0
2025/10/27,3530.0,3530.0,3530.0,3530.0,300,-1.0,-1.0,-1.0
2025/10/28,3600.0,3635.0,3600.0,3600.0,1500,-1.0,-1.0,-1.0
2025/10/29,3600.0,3600.0,3600.0,3600.0,100,-1.0,-1.0,-1.0
2025/10/30,3670.0,3670.0,3605.0,3605.0,300,-1.0,-1.0,-1.0
2025/10/31,3605.0,3605.0,3600.0,3600.0,1100,-1.0,-1.0,-1.0
2025/11/04,3600.0,3625.0,3600.0,3625.0,1400,-1.0,-1.0,-1.0
2025/11/05,,,,3625.0,0,-1.0,-1.0,-1.0
2025/11/06,3625.0,3625.0,3600.0,3600.0,1200,-1.0,-1.0,-1.0
2025/11/07,3600.0,3610.0,3600.0,3605.0,500,-1.0,-1.0,-1.0
2025/11/10,,,,3605.0,0,-1.0,-1.0,-1.0
2025/11/11,3600.0,3600.0,3570.0,3570.0,600,-1.0,-1.0,-1.0
2025/11/12,3635.0,3695.0,3565.0,3625.0,4700,-1.0,-1.0,-1.0
2025/11/13,3650.0,3700.0,3605.0,3695.0,1700,-1.0,-1.0,-1.0
2025/11/14,3650.0,3650.0,3650.0,3650.0,100,-1.0,-1.0,-1.0
2025/11/17,3630.0,3630.0,3630.0,3630.0,300,-1.0,-1.0,-1.0
2025/11/18,3600.0,3600.0,3600.0,3600.0,100,-1.0,-1.0,-1.0
2025/11/19,,,,3600.0,0,-1.0,-1.0,-1.0
2025/11/20,,,,3600.0,0,-1.0,-1.0,-1.0
2025/11/21,3600.0,3600.0,3600.0,3600.0,1700,-1.0,-1.0,-1.0
2025/11/25,3565.0,3600.0,3565.0,3570.0,1200,-1.0,-1.0,-1.0
2025/11/26,,,,3570.0,0,-1.0,-1.0,-1.0
2025/11/27,3625.0,3625.0,3575.0,3590.0,6700,-1.0,-1.0,-1.0
2025/11/28,3590.0,3590.0,3590.0,3590.0,200,-1.0,-1.0,-1.0
2025/12/01,3595.0,3595.0,3595.0,3595.0,100,-1.0,-1.0,-1.0
2025/12/02,,,,3595.0,0,-1.0,-1.0,-1.0
2025/12/03,3585.0,3585.0,3580.0,3580.0,4900,-1.0,-1.0,-1.0
2025/12/04,3590.0,3590.0,3590.0,3590.0,600,-1.0,-1.0,-1.0
2025/12/05,3575.0,3600.0,3555.0,3600.0,900,-1.0,-1.0,-1.0
2025/12/08,3620.0,3620.0,3620.0,3620.0,400,-1.0,-1.0,-1.0
2025/12/09,3640.0,3660.0,3640.0,3660.0,200,-1.0,-1.0,-1.0
2025/12/10,3540.0,3575.0,3540.0,3575.0,1700,-1.0,-1.0,-1.0
2025/12/11,3595.0,3595.0,3585.0,3585.0,200,-1.0,-1.0,-1.0
2025/12/12,,,,3585.0,0,-1.0,-1.0,-1.0
2025/12/15,3585.0,3600.0,3585.0,3600.0,200,-1.0,-1.0,-1.0
2025/12/16,3600.0,3600.0,3600.0,3600.0,600,-1.0,-1.0,-1.0
2025/12/17,3620.0,3730.0,3620.0,3660.0,2600,-1.0,-1.0,-1.0
2025/12/18,,,,3660.0,0,-1.0,-1.0,-1.0
2025/12/19,3615.0,3615.0,3610.0,3610.0,3200,-1.0,-1.0,-1.0
2025/12/22,3650.0,3650.0,3610.0,3650.0,1300,-1.0,-1.0,-1.0
2025/12/23,,,,3650.0,0,-1.0,-1.0,-1.0
2025/12/24,3650.0,3650.0,3640.0,3650.0,300,-1.0,-1.0,-1.0
2025/12/25,3680.0,3680.0,3680.0,3680.0,200,-1.0,-1.0,-1.0
2025/12/26,3680.0,3680.0,3650.0,3650.0,1000,-1.0,-1.0,-1.0
2025/12/29,3675.0,3675.0,3650.0,3650.0,800,-1.0,-1.0,-1.0
2025/12/30,3675.0,3775.0,3675.0,3705.0,1100,-1.0,-1.0,-1.0
2026/01/05,3705.0,3800.0,3705.0,3735.0,900,-1.0,-1.0,-1.0
2026/01/06,3735.0,3735.0,3730.0,3730.0,200,-1.0,-1.0,-1.0
2026/01/07,,,,3730.0,0,-1.0,-1.0,-1.0
2026/01/08,3740.0,3770.0,3735.0,3735.0,400,-1.0,-1.0,-1.0
2026/01/09,3695.0,3695.0,3680.0,3680.0,400,-1.0,-1.0,-1.0
2026/01/13,3750.0,3750.0,3750.0,3750.0,200,-1.0,-1.0,-1.0
2026/01/14,,,,3750.0,0,-1.0,-1.0,-1.0
2026/01/15,3735.0,3745.0,3735.0,3745.0,800,-1.0,-1.0,-1.0
2026/01/16,,,,3745.0,0,-1.0,-1.0,-1.0
2026/01/19,3720.0,3720.0,3720.0,3720.0,100,-1.0,-1.0,-1.0
2026/01/20,3720.0,3720.0,3720.0,3720.0,100,-1.0,-1.0,-1.0
2026/01/21,3700.0,3700.0,3700.0,3700.0,100,-1.0,-1.0,-1.0
2026/01/22,,,,3700.0,0,-1.0,-1.0,-1.0
2026/01/23,3680.0,3680.0,3680.0,3680.0,500,-1.0,-1.0,-1.0
2026/01/26,3680.0,3680.0,3680.0,3680.0,200,-1.0,-1.0,-1.0
2026/01/27,3680.0,3680.0,3680.0,3680.0,100,-1.0,-1.0,-1.0
2026/01/28,3680.0,3680.0,3650.0,3650.0,800,-1.0,-1.0,-1.0
2026/01/29,,,,3650.0,0,-1.0,-1.0,-1.0
2026/01/30,3600.0,3650.0,3600.0,3650.0,1700,-1.0,-1.0,-1.0
2026/02/02,3685.0,3785.0,3685.0,3750.0,2000,-1.0,-1.0,-1.0
2026/02/03,3690.0,3690.0,3690.0,3690.0,300,-1.0,-1.0,-1.0
2026/02/04,3690.0,3690.0,3690.0,3690.0,100,-1.0,-1.0,-1.0
2026/02/05,3685.0,3750.0,3610.0,3695.0,3900,-1.0,-1.0,-1.0
2026/02/06,3695.0,3695.0,3695.0,3695.0,100,-1.0,-1.0,-1.0
2026/02/09,3750.0,3755.0,3750.0,3750.0,600,-1.0,-1.0,-1.0
2026/02/10,3710.0,3785.0,3710.0,3785.0,9600,-1.0,-1.0,-1.0
2026/02/12,3790.0,4290.0,3790.0,4125.0,6400,-1.0,-1.0,-1.0
2026/02/13,4185.0,4185.0,3950.0,3950.0,2800,-1.0,-1.0,-1.0
2026/02/16,4160.0,4160.0,4090.0,4100.0,2200,-1.0,-1.0,-1.0
2026/02/17,4100.0,4200.0,4100.0,4150.0,1100,-1.0,-1.0,-1.0
2026/02/18,4150.0,4150.0,4150.0,4150.0,200,-1.0,-1.0,-1.0
2026/02/19,4120.0,4130.0,4055.0,4055.0,900,-1.0,-1.0,-1.0
2026/02/20,4055.0,4055.0,3900.0,3960.0,2700,-1.0,-1.0,-1.0
2026/02/24,3965.0,3965.0,3930.0,3960.0,500,-1.0,-1.0,-1.0
2026/02/25,3960.0,4050.0,3905.0,4000.0,1400,-1.0,-1.0,-1.0
2026/02/26,4000.0,4070.0,4000.0,4000.0,600,-1.0,-1.0,-1.0
2026/02/27,3980.0,4085.0,3980.0,4055.0,800,-1.0,-1.0,-1.0
2026/03/02,3985.0,4040.0,3970.0,3980.0,1500,-1.0,-1.0,-1.0
2026/03/02,3985.0,4040.0,3970.0,3980.0,1500,-1.0,-1.0,-1.0
2026/03/02,3985.0,4040.0,3970.0,3980.0,1500,-1.0,-1.0,-1.0
2026/03/02,3985.0,4040.0,3970.0,3980.0,1500,-1.0,-1.0,-1.0
2026/03/03,3980.0,4030.0,3950.0,3950.0,1800,-1.0,-1.0,-1.0
2026/03/04,3950.0,3950.0,3830.0,3830.0,1400,-1.0,-1.0,-1.0
2026/03/05,3970.0,4030.0,3950.0,4030.0,4200,-1.0,-1.0,-1.0
2026/03/06,,,,4030.0,0,-1.0,-1.0,-1.0
2026/03/09,4035.0,4035.0,3900.0,3905.0,1900,-1.0,-1.0,-1.0
2026/03/10,3975.0,4120.0,3975.0,4085.0,1600,-1.0,-1.0,-1.0
2026/03/11,4150.0,4785.0,4105.0,4785.0,2900,-1.0,-1.0,-1.0
2026/03/12,5240.0,5250.0,4810.0,4970.0,21400,-1.0,-1.0,-1.0
2026/03/13,4850.0,4935.0,4600.0,4600.0,8800,-1.0,-1.0,-1.0
2026/03/16,4470.0,4605.0,4410.0,4605.0,10700,-1.0,-1.0,-1.0
2026/03/17,4720.0,4775.0,4650.0,4650.0,2800,-1.0,-1.0,-1.0
2026/03/18,4700.0,4885.0,4600.0,4605.0,8500,-1.0,-1.0,-1.0
2026/03/19,4675.0,4740.0,4600.0,4605.0,1300,-1.0,-1.0,-1.0
2026/03/23,4505.0,4675.0,4450.0,4555.0,4300,-1.0,-1.0,-1.0
2026/03/24,4600.0,4690.0,4580.0,4650.0,3500,-1.0,-1.0,-1.0
2026/03/25,4650.0,4725.0,4580.0,4715.0,4300,-1.0,-1.0,-1.0
2026/03/26,4835.0,4900.0,4810.0,4855.0,1000,-1.0,-1.0,-1.0
2026/03/27,4855.0,4900.0,4730.0,4830.0,2000,-1.0,-1.0,-1.0
2026/03/30,4800.0,4830.0,4800.0,4830.0,400,-1.0,-1.0,-1.0
2026/03/31,4760.0,4760.0,4600.0,4650.0,4200,-1.0,-1.0,-1.0
2026/04/01,4790.0,4905.0,4790.0,4905.0,700,-1.0,-1.0,-1.0
2026/04/02,4905.0,4920.0,4740.0,4750.0,1400,-1.0,-1.0,-1.0
2026/04/03,4820.0,4820.0,4750.0,4750.0,600,-1.0,-1.0,-1.0
2026/04/06,4700.0,4700.0,4700.0,4700.0,200,-1.0,-1.0,-1.0
2026/04/07,4840.0,4840.0,4840.0,4840.0,400,-1.0,-1.0,-1.0
2026/04/08,4880.0,4880.0,4880.0,4880.0,800,-1.0,-1.0,-1.0
2026/04/09,4890.0,5090.0,4890.0,5090.0,900,-1.0,-1.0,-1.0
2026/04/10,5020.0,5090.0,5020.0,5090.0,300,-1.0,-1.0,-1.0
2026/04/13,,,,5090.0,0,-1.0,-1.0,-1.0
2026/04/14,,,,5090.0,0,-1.0,-1.0,-1.0
2026/04/15,5080.0,5080.0,4950.0,4950.0,400,-1.0,-1.0,-1.0
2026/04/16,4945.0,4945.0,4850.0,4850.0,700,-1.0,-1.0,-1.0
2026/04/17,4820.0,4820.0,4710.0,4730.0,800,-1.0,-1.0,-1.0
2026/04/20,4750.0,4990.0,4720.0,4900.0,2000,-1.0,-1.0,-1.0
2026/04/21,4840.0,4840.0,4840.0,4840.0,100,-1.0,-1.0,-1.0
2026/04/22,4805.0,4840.0,4805.0,4840.0,200,-1.0,-1.0,-1.0
2026/04/23,4800.0,4905.0,4800.0,4805.0,500,-1.0,-1.0,-1.0
2026/04/24,4850.0,4850.0,4800.0,4800.0,400,-1.0,-1.0,-1.0
2026/04/27,,,,4800.0,0,-1.0,-1.0,-1.0
2026/04/28,4900.0,4940.0,4900.0,4940.0,400,-1.0,-1.0,-1.0
2026/04/30,4940.0,4940.0,4940.0,4940.0,200,-1.0,-1.0,-1.0
2026/05/01,4940.0,4940.0,4940.0,4940.0,100,-1.0,-1.0,-1.0
2026/05/07,4900.0,4900.0,4850.0,4850.0,500,-1.0,-1.0,-1.0
2026/05/08,4710.0,4725.0,4680.0,4725.0,600,-1.0,-1.0,-1.0
2026/05/11,4700.0,4775.0,4630.0,4725.0,2300,-1.0,-1.0,-1.0
2026/05/12,4725.0,4770.0,4585.0,4585.0,2100,-1.0,-1.0,-1.0
2026/05/13,4515.0,4515.0,4400.0,4400.0,1700,-1.0,-1.0,-1.0
2026/05/14,4470.0,4470.0,4420.0,4420.0,300,-1.0,-1.0,-1.0
2026/05/15,4420.0,4420.0,4420.0,4420.0,3500,-1.0,-1.0,-1.0
2026/05/18,4400.0,4400.0,4400.0,4400.0,100,-1.0,-1.0,-1.0
2026/05/19,4400.0,4400.0,4400.0,4400.0,200,-1.0,-1.0,-1.0
2026/05/20,4400.0,4400.0,4400.0,4400.0,100,-1.0,-1.0,-1.0
2026/05/21,4400.0,4400.0,4400.0,4400.0,100,-1.0,-1.0,-1.0
2026/05/22,,,,4400.0,0,-1.0,-1.0,-1.0
2026/05/25,4400.0,4400.0,4400.0,4400.0,1700,-1.0,-1.0,-1.0
2026/05/26,4400.0,4400.0,4400.0,4400.0,100,-1.0,-1.0,-1.0
2026/05/27,4470.0,4470.0,4470.0,4470.0,200,-1.0,-1.0,-1.0
2026/05/28,4470.0,4470.0,4470.0,4470.0,100,-1.0,-1.0,-1.0
2026/05/29,4470.0,4470.0,4470.0,4470.0,10000,-1.0,-1.0,-1.0
2026/06/01,4400.0,4400.0,4350.0,4350.0,700,-1.0,-1.0,-1.0
2026/06/02,4300.0,4300.0,4200.0,4200.0,700,-1.0,-1.0,-1.0
2026/06/03,,,,4200.0,0,-1.0,-1.0,-1.0
2026/06/04,4205.0,4205.0,4200.0,4200.0,3300,-1.0,-1.0,-1.0
2026/06/05,4230.0,4230.0,4230.0,4230.0,100,-1.0,-1.0,-1.0
2026/06/08,4210.0,4210.0,4170.0,4170.0,300,-1.0,-1.0,-1.0
2026/06/09,4170.0,4170.0,4135.0,4135.0,1800,-1.0,-1.0,-1.0
2026/06/10,4130.0,4130.0,4130.0,4130.0,300,-1.0,-1.0,-1.0
2026/06/11,4110.0,4250.0,4110.0,4250.0,700,-1.0,-1.0,-1.0
2026/06/12,4115.0,4180.0,4100.0,4180.0,1300,-1.0,-1.0,-1.0
2026/06/15,4170.0,4265.0,4110.0,4195.0,1000,-1.0,-1.0,-1.0
2026/06/16,,,,4195.0,0,-1.0,-1.0,-1.0
2026/06/17,,,,4195.0,0,-1.0,-1.0,-1.0
2026/06/18,,,,4195.0,0,-1.0,-1.0,-1.0
2026/06/19,,,,4195.0,0,-1.0,-1.0,-1.0
2026/06/22,4125.0,4195.0,4005.0,4005.0,1100,-1.0,-1.0,-1.0
2026/06/23,4035.0,4100.0,4010.0,4010.0,6800,-1.0,-1.0,-1.0
2026/06/24,4010.0,4080.0,4000.0,4080.0,900,-1.0,-1.0,-1.0
2026/06/25,,,,4080.0,0,-1.0,-1.0,-1.0
2026/06/26,4080.0,4080.0,4010.0,4010.0,400,-1.0,-1.0,-1.0
2026/06/29,3980.0,4050.0,3925.0,4050.0,3000,-1.0,-1.0,-1.0
2026/06/30,4050.0,4050.0,4050.0,4050.0,100,-1.0,-1.0,-1.0
2026/07/01,3980.0,3980.0,3980.0,3980.0,600,-1.0,-1.0,-1.0
2026/07/02,3980.0,3980.0,3980.0,3980.0,100,-1.0,-1.0,-1.0
2026/07/03,4000.0,4000.0,4000.0,4000.0,200,-1.0,-1.0,-1.0
2026/07/06,4005.0,4005.0,4005.0,4005.0,100,-1.0,-1.0,-1.0
2026/07/07,3955.0,3955.0,3955.0,3955.0,100,-1.0,-1.0,-1.0
2026/07/08,3960.0,3990.0,3960.0,3990.0,500,-1.0,-1.0,-1.0
2026/07/09,3990.0,3990.0,3990.0,3990.0,100,-1.0,-1.0,-1.0
2026/07/10,,,,3990.0,0,-1.0,-1.0,-1.0
2026/07/13,4020.0,4020.0,4015.0,4015.0,600,-1.0,-1.0,-1.0
2026/07/14,4030.0,4080.0,4025.0,4080.0,800,-1.0,-1.0,-1.0
2026/07/15,4010.0,4070.0,4000.0,4000.0,2600,-1.0,-1.0,-1.0
2026/07/16,4010.0,4070.0,4010.0,4015.0,1100,-1.0,-1.0,-1.0
2026/07/17,4015.0,4015.0,4000.0,4000.0,400,-1.0,-1.0,-1.0
2026/07/21,4055.0,4060.0,4020.0,4060.0,400,-1.0,-1.0,-1.0
2026/07/22,4105.0,4105.0,4105.0,4105.0,200,-1.0,-1.0,-1.0
2026/07/23,4130.0,4130.0,4105.0,4130.0,4400,-1.0,-1.0,-1.0
2026/07/24,,,,4130.0,0,-1.0,-1.0,-1.0
2026/07/27,4155.0,4160.0,4155.0,4155.0,300,-1.0,-1.0,-1.0
2026/07/28,4155.0,4155.0,4155.0,4155.0,400,-1.0,-1.0,-1.0
2026/07/29,,,,4155.0,0,-1.0,-1.0,-1.0
2026/07/30,4150.0,4150.0,4150.0,4150.0,200,-1.0,-1.0,-1.0
2026/07/31,4175.0,4175.0,4175.0,4175.0,100,-1.0,-1.0,-1.0
2026/08/03,,,,4175.0,0,-1.0,-1.0,-1.0
2026/08/04,,,,4175.0,0,-1.0,-1.0,-1.0
2026/08/05,4175.0,4175.0,4175.0,4175.0,100,-1.0,-1.0,-1.0
2026/08/06,4200.0,4720.0,4200.0,4720.0,1100,-1.0,-1.0,-1.0
2026/08/07,4720.0,4720.0,4590.0,4695.0,400,-1.0,-1.0,-1.0
2026/08/10,4690.0,4690.0,4505.0,4505.0,700,-1.0,-1.0,-1.0
2026/08/12,4575.0,4575.0,4505.0,4505.0,300,-1.0,-1.0,-1.0
2026/08/13,4475.0,4510.0,4475.0,4510.0,300,-1.0,-1.0,-1.0
2026/08/14,4465.0,4465.0,4405.0,4405.0,300,-1.0,-1.0,-1.0
2026/08/17,4410.0,4410.0,4405.0,4405.0,1000,-1.0,-1.0,-1.0
2026/08/18,4405.0,4405.0,4350.0,4400.0,700,-1.0,-1.0,-1.0
2026/08/19,4400.0,4400.0,4400.0,4400.0,100,-1.0,-1.0,-1.0
2026/08/20,4330.0,4330.0,4210.0,4225.0,800,-1.0,-1.0,-1.0
2026/08/21,4220.0,4230.0,4220.0,4230.0,400,-1.0,-1.0,-1.0
2026/08/24,4230.0,4230.0,4220.0,4220.0,300,-1.0,-1.0,-1.0
2026/08/25,4250.0,4250.0,4225.0,4225.0,1100,-1.0,-1.0,-1.0
2026/08/26,4245.0,4270.0,4245.0,4250.0,400,-1.0,-1.0,-1.0
2026/08/27,4290.0,4315.0,4290.0,4315.0,1500,-1.0,-1.0,-1.0
2026/08/28,4365.0,4380.0,4365.0,4380.0,700,-1.0,-1.0,-1.0
2026/08/31,4380.0,4410.0,4210.0,4230.0,5300,-1.0,-1.0,-1.0
2026/09/01,4205.0,4230.0,4205.0,4230.0,200,-1.0,-1.0,-1.0
2026/09/02,4250.0,4300.0,4250.0,4300.0,700,-1.0,-1.0,-1.0
2026/09/03,,,,4300.0,0,-1.0,-1.0,-1.0
2026/09/04,4250.0,4295.0,4250.0,4295.0,400,-1.0,-1.0,-1.0
2026/09/07,4240.0,4240.0,4240.0,4240.0,200,-1.0,-1.0,-1.0
2026/09/08,4235.0,4250.0,4235.0,4250.0,800,-1.0,-1.0,-1.0
2026/09/09,4250.0,4280.0,4250.0,4280.0,300,-1.0,-1.0,-1.0
2026/09/10,4250.0,4255.0,4235.0,4245.0,800,-1.0,-1.0,-1.0
2026/09/11,4260.0,4260.0,4260.0,4260.0,200,-1.0,-1.0,-1.0
2026/09/14,4255.0,4255.0,4255.0,4255.0,300,-1.0,-1.0,-1.0
2026/09/15,4250.0,4250.0,4245.0,4245.0,700,-1.0,-1.0,-1.0
2026/09/16,4245.0,4285.0,4245.0,4265.0,600,-1.0,-1.0,-1.0
2026/09/17,4260.0,4260.0,4260.0,4260.0,100,-1.0,-1.0,-1.0
2026/09/18,4250.0,4250.0,4250.0,4250.0,600,-1.0,-1.0,-1.0
2026/09/24,4250.0,4300.0,4210.0,4300.0,1300,-1.0,-1.0,-1.0
2026/09/25,4300.0,4400.0,4300.0,4400.0,1500,-1.0,-1.0,-1.0
2026/09/28,4420.0,4435.0,4420.0,4420.0,500,-1.0,-1.0,-1.0
2026/09/29,4420.0,4420.0,4420.0,4420.0,100,-1.0,-1.0,-1.0
2026/09/30,4280.0,4280.0,4280.0,4280.0,100,-1.0,-1.0,-1.0
2026/10/01,4280.0,4280.0,4210.0,4245.0,300,-1.0,-1.0,-1.0
2026/10/02,4240.0,4240.0,4240.0,4240.0,200,-1.0,-1.0,-1.0
2026/10/05,4245.0,4245.0,4175.0,4175.0,500,-1.0,-1.0,-1.0
2026/10/06,4245.0,4245.0,4245.0,4245.0,100,-1.0,-1.0,-1.0
2026/10/07,,,,4245.0,0,-1.0,-1.0,-1.0
