date,open,high,low,close,volume,rs_nikkei,rs_topix,rs
2018/03/15,3665.0,4210.0,3590.0,3770.0,6598500,-1.0,-1.0,-1.0
2018/03/16,3800.0,3845.0,3390.0,3390.0,1807600,-1.0,-1.0,-1.0
2018/03/19,3425.0,3800.0,3315.0,3770.0,2384100,-1.0,-1.0,-1.0
2018/03/20,3840.0,4235.0,3705.0,3810.0,4861200,-1.0,-1.0,-1.0
2018/03/22,3880.0,3975.0,3520.0,3595.0,1687100,-1.0,-1.0,-1.0
2018/03/23,3385.0,3500.0,3120.0,3140.0,1513100,-1.0,-1.0,-1.0
2018/03/26,3240.0,3555.0,3175.0,3350.0,978300,-1.0,-1.0,-1.0
2018/03/27,3450.0,3590.0,3270.0,3280.0,852300,-1.0,-1.0,-1.0
2018/03/28,3260.0,3530.0,3235.0,3520.0,600600,-1.0,-1.0,-1.0
2018/03/29,3570.0,3710.0,3430.0,3610.0,655800,-1.0,-1.0,-1.0
2018/03/30,4050.0,4310.0,3935.0,4310.0,2119100,-1.0,-1.0,-1.0
2018/04/02,4410.0,4770.0,4240.0,4325.0,3290400,-1.0,-1.0,-1.0
2018/04/03,4255.0,4575.0,4125.0,4510.0,1843700,-1.0,-1.0,-1.0
2018/04/04,4600.0,4645.0,4230.0,4260.0,940900,-1.0,-1.0,-1.0
2018/04/05,4400.0,4585.0,4305.0,4515.0,897000,-1.0,-1.0,-1.0
2018/04/06,4600.0,4830.0,4525.0,4760.0,1864100,-1.0,-1.0,-1.0
2018/04/09,4745.0,4810.0,4460.0,4475.0,1083100,-1.0,-1.0,-1.0
2018/04/10,4430.0,4470.0,4270.0,4415.0,519800,-1.0,-1.0,-1.0
2018/04/11,4380.0,4410.0,4045.0,4080.0,598500,-1.0,-1.0,-1.0
2018/04/12,4080.0,4230.0,3985.0,4015.0,364300,-1.0,-1.0,-1.0
2018/04/13,4130.0,4170.0,4055.0,4075.0,169800,-1.0,-1.0,-1.0
2018/04/16,4105.0,4155.0,3760.0,3835.0,389600,-1.0,-1.0,-1.0
2018/04/17,3855.0,3915.0,3650.0,3885.0,394800,-1.0,-1.0,-1.0
2018/04/18,4000.0,4075.0,3885.0,3905.0,349000,-1.0,-1.0,-1.0
2018/04/19,3975.0,3995.0,3745.0,3770.0,197400,-1.0,-1.0,-1.0
2018/04/20,3700.0,3810.0,3655.0,3750.0,177100,-1.0,-1.0,-1.0
2018/04/23,3700.0,3750.0,3535.0,3550.0,260200,-1.0,-1.0,-1.0
2018/04/24,3585.0,3680.0,3560.0,3630.0,202500,-1.0,-1.0,-1.0
2018/04/25,3635.0,3965.0,3600.0,3855.0,439500,-1.0,-1.0,-1.0
2018/04/26,3880.0,3890.0,3665.0,3675.0,255400,-1.0,-1.0,-1.0
2018/04/27,3675.0,3720.0,3575.0,3590.0,143600,-1.0,-1.0,-1.0
2018/05/01,3560.0,3590.0,3420.0,3420.0,208100,-1.0,-1.0,-1.0
2018/05/02,3460.0,3545.0,3425.0,3515.0,92300,-1.0,-1.0,-1.0
2018/05/07,3550.0,3620.0,3510.0,3590.0,97500,-1.0,-1.0,-1.0
2018/05/08,3550.0,3590.0,3530.0,3530.0,73100,-1.0,-1.0,-1.0
2018/05/09,3505.0,3550.0,3430.0,3490.0,70500,-1.0,-1.0,-1.0
2018/05/10,3550.0,3670.0,3520.0,3555.0,148200,-1.0,-1.0,-1.0
2018/05/11,3530.0,3545.0,3440.0,3455.0,117300,-1.0,-1.0,-1.0
2018/05/14,3500.0,3635.0,3470.0,3635.0,197700,-1.0,-1.0,-1.0
2018/05/15,3450.0,3510.0,3345.0,3350.0,332800,-1.0,-1.0,-1.0
2018/05/16,3350.0,3355.0,3185.0,3225.0,179300,-1.0,-1.0,-1.0
2018/05/17,3250.0,3415.0,3235.0,3385.0,133300,-1.0,-1.0,-1.0
2018/05/18,3375.0,3375.0,3295.0,3315.0,73700,-1.0,-1.0,-1.0
2018/05/21,3325.0,3425.0,3275.0,3400.0,95100,-1.0,-1.0,-1.0
2018/05/22,3450.0,3455.0,3355.0,3365.0,73000,-1.0,-1.0,-1.0
2018/05/23,3370.0,3400.0,3340.0,3385.0,51600,-1.0,-1.0,-1.0
2018/05/24,3395.0,3415.0,3350.0,3375.0,52000,-1.0,-1.0,-1.0
2018/05/25,3330.0,3450.0,3285.0,3445.0,122400,-1.0,-1.0,-1.0
2018/05/28,3445.0,3500.0,3360.0,3485.0,133700,-1.0,-1.0,-1.0
2018/05/29,3515.0,3670.0,3505.0,3670.0,257200,-1.0,-1.0,-1.0
2018/05/30,3580.0,3645.0,3555.0,3585.0,127800,-1.0,-1.0,-1.0
2018/05/31,3655.0,3710.0,3440.0,3440.0,189600,-1.0,-1.0,-1.0
2018/06/01,3510.0,3590.0,3490.0,3590.0,134200,-1.0,-1.0,-1.0
2018/06/04,3620.0,3770.0,3560.0,3770.0,239200,-1.0,-1.0,-1.0
2018/06/05,3750.0,3800.0,3615.0,3630.0,190700,-1.0,-1.0,-1.0
2018/06/06,3630.0,3710.0,3565.0,3600.0,103600,-1.0,-1.0,-1.0
2018/06/07,3590.0,3660.0,3535.0,3555.0,81300,-1.0,-1.0,-1.0
2018/06/08,3530.0,3630.0,3530.0,3630.0,51800,-1.0,-1.0,-1.0
2018/06/11,3630.0,3710.0,3590.0,3690.0,84600,-1.0,-1.0,-1.0
2018/06/12,3720.0,3730.0,3600.0,3700.0,92900,-1.0,-1.0,-1.0
2018/06/13,3700.0,3705.0,3635.0,3700.0,64900,-1.0,-1.0,-1.0
2018/06/14,3650.0,3775.0,3635.0,3665.0,119700,-1.0,-1.0,-1.0
2018/06/15,3640.0,3670.0,3500.0,3560.0,118600,-1.0,-1.0,-1.0
2018/06/18,3515.0,3515.0,3315.0,3365.0,164300,-1.0,-1.0,-1.0
2018/06/19,3330.0,3385.0,3225.0,3255.0,104000,-1.0,-1.0,-1.0
2018/06/20,3220.0,3330.0,3105.0,3300.0,111100,-1.0,-1.0,-1.0
2018/06/21,3305.0,3330.0,3275.0,3280.0,34500,-1.0,-1.0,-1.0
2018/06/22,3185.0,3245.0,3170.0,3210.0,66400,-1.0,-1.0,-1.0
2018/06/25,3275.0,3280.0,3020.0,3085.0,76100,-1.0,-1.0,-1.0
2018/06/26,2981.0,3095.0,2970.0,3095.0,63100,-1.0,-1.0,-1.0
2018/06/27,3080.0,3120.0,3025.0,3025.0,41700,-1.0,-1.0,-1.0
2018/06/28,3000.0,3020.0,2981.0,3000.0,40000,-1.0,-1.0,-1.0
2018/06/29,3000.0,3175.0,2971.0,3150.0,58100,-1.0,-1.0,-1.0
2018/07/02,3150.0,3250.0,3025.0,3030.0,45300,-1.0,-1.0,-1.0
2018/07/03,3075.0,3080.0,2961.0,2990.0,61800,-1.0,-1.0,-1.0
2018/07/04,2951.0,2985.0,2905.0,2933.0,49300,-1.0,-1.0,-1.0
2018/07/05,2900.0,2913.0,2785.0,2800.0,117900,-1.0,-1.0,-1.0
2018/07/06,2836.0,3010.0,2833.0,2975.0,88000,-1.0,-1.0,-1.0
2018/07/09,2963.0,3160.0,2906.0,3125.0,105300,-1.0,-1.0,-1.0
2018/07/10,3180.0,3195.0,2995.0,3020.0,57200,-1.0,-1.0,-1.0
2018/07/11,2995.0,2998.0,2896.0,2946.0,42800,-1.0,-1.0,-1.0
2018/07/12,2931.0,2950.0,2903.0,2922.0,34100,-1.0,-1.0,-1.0
2018/07/13,2930.0,2945.0,2905.0,2914.0,47500,-1.0,-1.0,-1.0
2018/07/17,2914.0,2919.0,2860.0,2891.0,54000,-1.0,-1.0,-1.0
2018/07/18,2887.0,2936.0,2885.0,2910.0,27200,-1.0,-1.0,-1.0
2018/07/19,2894.0,2908.0,2871.0,2882.0,20400,-1.0,-1.0,-1.0
2018/07/20,2882.0,2920.0,2840.0,2865.0,21500,-1.0,-1.0,-1.0
2018/07/23,2865.0,2865.0,2811.0,2826.0,38600,-1.0,-1.0,-1.0
2018/07/24,2812.0,2915.0,2812.0,2838.0,49000,-1.0,-1.0,-1.0
2018/07/25,2867.0,2926.0,2856.0,2918.0,34500,-1.0,-1.0,-1.0
2018/07/26,2930.0,2955.0,2881.0,2885.0,26100,-1.0,-1.0,-1.0
2018/07/27,2898.0,2898.0,2840.0,2843.0,28700,-1.0,-1.0,-1.0
2018/07/30,2831.0,2844.0,2810.0,2820.0,40700,-1.0,-1.0,-1.0
2018/07/31,2803.0,2817.0,2791.0,2797.0,30900,-1.0,-1.0,-1.0
2018/08/01,2823.0,2840.0,2797.0,2816.0,22200,-1.0,-1.0,-1.0
2018/08/02,2830.0,2830.0,2795.0,2803.0,21400,-1.0,-1.0,-1.0
2018/08/03,2823.0,2823.0,2793.0,2799.0,27500,-1.0,-1.0,-1.0
2018/08/06,2799.0,2805.0,2733.0,2736.0,39400,-1.0,-1.0,-1.0
2018/08/07,2727.0,2727.0,2642.0,2660.0,49400,-1.0,-1.0,-1.0
2018/08/08,2660.0,2760.0,2630.0,2717.0,45500,-1.0,-1.0,-1.0
2018/08/09,2701.0,2788.0,2701.0,2747.0,22600,-1.0,-1.0,-1.0
2018/08/10,2708.0,2757.0,2702.0,2718.0,18800,-1.0,-1.0,-1.0
2018/08/13,2671.0,2704.0,2398.0,2398.0,141200,-1.0,-1.0,-1.0
2018/08/14,2448.0,2525.0,2428.0,2500.0,44400,-1.0,-1.0,-1.0
2018/08/15,2500.0,2573.0,2468.0,2470.0,36600,-1.0,-1.0,-1.0
2018/08/16,2402.0,2440.0,2380.0,2411.0,36300,-1.0,-1.0,-1.0
2018/08/17,2430.0,2481.0,2428.0,2444.0,35400,-1.0,-1.0,-1.0
2018/08/20,2500.0,2526.0,2472.0,2516.0,19800,-1.0,-1.0,-1.0
2018/08/21,2516.0,2525.0,2464.0,2500.0,19600,-1.0,-1.0,-1.0
2018/08/22,2502.0,2538.0,2491.0,2536.0,16200,-1.0,-1.0,-1.0
2018/08/23,2530.0,2585.0,2512.0,2565.0,12900,-1.0,-1.0,-1.0
2018/08/24,2595.0,2595.0,2522.0,2567.0,14500,-1.0,-1.0,-1.0
2018/08/27,2599.0,2780.0,2589.0,2706.0,57800,-1.0,-1.0,-1.0
2018/08/28,2789.0,2789.0,2620.0,2644.0,52600,-1.0,-1.0,-1.0
2018/08/29,2645.0,2679.0,2645.0,2661.0,17700,-1.0,-1.0,-1.0
2018/08/30,2667.0,2709.0,2620.0,2640.0,27700,-1.0,-1.0,-1.0
2018/08/31,2596.0,2657.0,2540.0,2654.0,21100,-1.0,-1.0,-1.0
2018/09/03,2655.0,2673.0,2576.0,2580.0,23600,-1.0,-1.0,-1.0
2018/09/04,2581.0,2623.0,2580.0,2595.0,15800,-1.0,-1.0,-1.0
2018/09/05,2580.0,2630.0,2560.0,2587.0,12000,-1.0,-1.0,-1.0
2018/09/06,2537.0,2569.0,2520.0,2541.0,14100,-1.0,-1.0,-1.0
2018/09/07,2535.0,2602.0,2501.0,2561.0,23700,-1.0,-1.0,-1.0
2018/09/10,2542.0,2576.0,2510.0,2532.0,11600,-1.0,-1.0,-1.0
2018/09/11,2582.0,2600.0,2542.0,2558.0,14600,-1.0,-1.0,-1.0
2018/09/12,2590.0,2590.0,2488.0,2507.0,26700,-1.0,-1.0,-1.0
2018/09/13,2468.0,2740.0,2460.0,2704.0,44600,-1.0,-1.0,-1.0
2018/09/14,2654.0,2660.0,2553.0,2571.0,45300,-1.0,-1.0,-1.0
2018/09/18,2590.0,2770.0,2590.0,2697.0,78200,-1.0,-1.0,-1.0
2018/09/19,2718.0,2750.0,2651.0,2654.0,42100,-1.0,-1.0,-1.0
2018/09/20,2653.0,2699.0,2605.0,2615.0,26400,-1.0,-1.0,-1.0
2018/09/21,2616.0,2640.0,2566.0,2602.0,32100,-1.0,-1.0,-1.0
2018/09/25,2600.0,2637.0,2552.0,2634.0,27500,-1.0,-1.0,-1.0
2018/09/26,2673.0,2734.0,2630.0,2676.0,34400,-1.0,-1.0,-1.0
2018/09/27,2651.0,2770.0,2651.0,2714.0,60700,-1.0,-1.0,-1.0
2018/09/28,2714.0,2899.0,2710.0,2872.0,85000,-1.0,-1.0,-1.0
2018/10/01,2854.0,2930.0,2854.0,2883.0,68900,-1.0,-1.0,-1.0
2018/10/02,2933.0,2958.0,2760.0,2771.0,69800,-1.0,-1.0,-1.0
2018/10/03,2765.0,2765.0,2671.0,2718.0,34200,-1.0,-1.0,-1.0
2018/10/04,2700.0,2716.0,2650.0,2663.0,38100,-1.0,-1.0,-1.0
2018/10/05,2611.0,2659.0,2567.0,2568.0,52000,-1.0,-1.0,-1.0
2018/10/09,2506.0,2525.0,2490.0,2490.0,46800,-1.0,-1.0,-1.0
2018/10/10,2491.0,2589.0,2463.0,2571.0,44300,-1.0,-1.0,-1.0
2018/10/11,2420.0,2496.0,2419.0,2463.0,53900,-1.0,-1.0,-1.0
2018/10/12,2416.0,2598.0,2412.0,2562.0,42500,-1.0,-1.0,-1.0
2018/10/15,2562.0,2575.0,2469.0,2469.0,23700,-1.0,-1.0,-1.0
2018/10/16,2419.0,2472.0,2410.0,2453.0,35400,-1.0,-1.0,-1.0
2018/10/17,2470.0,2515.0,2470.0,2483.0,26900,-1.0,-1.0,-1.0
2018/10/18,2471.0,2499.0,2452.0,2482.0,19300,-1.0,-1.0,-1.0
2018/10/19,2432.0,2485.0,2421.0,2456.0,17800,-1.0,-1.0,-1.0
2018/10/22,2456.0,2504.0,2425.0,2494.0,14700,-1.0,-1.0,-1.0
2018/10/23,2460.0,2495.0,2431.0,2450.0,15500,-1.0,-1.0,-1.0
2018/10/24,2476.0,2476.0,2389.0,2390.0,33600,-1.0,-1.0,-1.0
2018/10/25,2302.0,2302.0,2198.0,2200.0,85300,-1.0,-1.0,-1.0
2018/10/26,2250.0,2285.0,2132.0,2155.0,56300,-1.0,-1.0,-1.0
2018/10/29,2155.0,2158.0,2015.0,2030.0,45900,-1.0,-1.0,-1.0
2018/10/30,1980.0,2098.0,1980.0,2070.0,33900,-1.0,-1.0,-1.0
2018/10/31,2120.0,2276.0,2087.0,2258.0,29300,-1.0,-1.0,-1.0
2018/11/01,2308.0,2375.0,2248.0,2251.0,51800,-1.0,-1.0,-1.0
2018/11/02,2259.0,2392.0,2258.0,2371.0,36500,-1.0,-1.0,-1.0
2018/11/05,2396.0,2418.0,2317.0,2337.0,15600,-1.0,-1.0,-1.0
2018/11/06,2337.0,2365.0,2320.0,2327.0,13700,-1.0,-1.0,-1.0
2018/11/07,2327.0,2375.0,2327.0,2347.0,18100,-1.0,-1.0,-1.0
2018/11/08,2347.0,2386.0,2312.0,2340.0,31900,-1.0,-1.0,-1.0
2018/11/09,2290.0,2326.0,2288.0,2315.0,24100,-1.0,-1.0,-1.0
2018/11/12,2215.0,2260.0,2185.0,2215.0,29800,-1.0,-1.0,-1.0
2018/11/13,2120.0,2230.0,2105.0,2215.0,26400,-1.0,-1.0,-1.0
2018/11/14,2216.0,2235.0,2170.0,2170.0,22600,-1.0,-1.0,-1.0
2018/11/15,2150.0,2208.0,2129.0,2180.0,31400,-1.0,-1.0,-1.0
2018/11/16,2180.0,2215.0,2140.0,2140.0,27000,-1.0,-1.0,-1.0
2018/11/19,2140.0,2177.0,2123.0,2141.0,14300,-1.0,-1.0,-1.0
2018/11/20,2108.0,2111.0,2084.0,2085.0,11400,-1.0,-1.0,-1.0
2018/11/21,2042.0,2100.0,2030.0,2049.0,20600,-1.0,-1.0,-1.0
2018/11/22,2099.0,2102.0,2037.0,2067.0,14500,-1.0,-1.0,-1.0
2018/11/26,2017.0,2090.0,2017.0,2090.0,9900,-1.0,-1.0,-1.0
2018/11/27,2090.0,2105.0,2060.0,2072.0,23000,-1.0,-1.0,-1.0
2018/11/28,2060.0,2148.0,2060.0,2139.0,16900,-1.0,-1.0,-1.0
2018/11/29,2140.0,2165.0,2100.0,2100.0,38600,-1.0,-1.0,-1.0
2018/11/30,2101.0,2138.0,2100.0,2136.0,30700,-1.0,-1.0,-1.0
2018/12/03,2137.0,2195.0,2137.0,2186.0,23500,-1.0,-1.0,-1.0
2018/12/04,2186.0,2225.0,2103.0,2103.0,26100,-1.0,-1.0,-1.0
2018/12/05,2099.0,2115.0,2060.0,2078.0,35900,-1.0,-1.0,-1.0
2018/12/06,2066.0,2066.0,2002.0,2010.0,36000,-1.0,-1.0,-1.0
2018/12/07,2030.0,2042.0,1981.0,2021.0,34600,-1.0,-1.0,-1.0
2018/12/10,2015.0,2015.0,1940.0,1953.0,34500,-1.0,-1.0,-1.0
2018/12/11,1974.0,1974.0,1880.0,1902.0,30600,-1.0,-1.0,-1.0
2018/12/12,1909.0,1970.0,1909.0,1944.0,21400,-1.0,-1.0,-1.0
2018/12/13,1949.0,1980.0,1920.0,1939.0,22000,-1.0,-1.0,-1.0
2018/12/14,1979.0,1979.0,1905.0,1910.0,22900,-1.0,-1.0,-1.0
2018/12/17,1900.0,1900.0,1815.0,1817.0,28500,-1.0,-1.0,-1.0
2018/12/18,1757.0,1787.0,1710.0,1739.0,52000,-1.0,-1.0,-1.0
2018/12/19,1739.0,1740.0,1650.0,1700.0,52200,-1.0,-1.0,-1.0
2018/12/20,1660.0,1699.0,1616.0,1618.0,54000,-1.0,-1.0,-1.0
2018/12/21,1601.0,1609.0,1459.0,1526.0,80600,-1.0,-1.0,-1.0
2018/12/25,1400.0,1475.0,1370.0,1408.0,84600,-1.0,-1.0,-1.0
2018/12/26,1468.0,1525.0,1460.0,1520.0,40900,-1.0,-1.0,-1.0
2018/12/27,1601.0,1624.0,1556.0,1580.0,44700,-1.0,-1.0,-1.0
2018/12/28,1580.0,1658.0,1580.0,1641.0,17600,-1.0,-1.0,-1.0
2019/01/04,1602.0,1694.0,1590.0,1673.0,16200,-1.0,-1.0,-1.0
2019/01/07,1725.0,1767.0,1723.0,1762.0,30700,-1.0,-1.0,-1.0
2019/01/08,1762.0,1791.0,1760.0,1779.0,19400,-1.0,-1.0,-1.0
2019/01/09,1779.0,1789.0,1708.0,1746.0,12900,-1.0,-1.0,-1.0
2019/01/10,1746.0,1746.0,1653.0,1668.0,17700,-1.0,-1.0,-1.0
2019/01/11,1673.0,1735.0,1670.0,1696.0,7200,-1.0,-1.0,-1.0
2019/01/15,1700.0,1798.0,1696.0,1756.0,10900,-1.0,-1.0,-1.0
2019/01/16,1756.0,1795.0,1729.0,1729.0,10600,-1.0,-1.0,-1.0
2019/01/17,1747.0,1757.0,1702.0,1737.0,12100,-1.0,-1.0,-1.0
2019/01/18,1747.0,1825.0,1742.0,1810.0,20200,-1.0,-1.0,-1.0
2019/01/21,1850.0,1850.0,1762.0,1764.0,17700,-1.0,-1.0,-1.0
2019/01/22,1769.0,1770.0,1680.0,1703.0,18400,-1.0,-1.0,-1.0
2019/01/23,1704.0,1830.0,1704.0,1817.0,17500,-1.0,-1.0,-1.0
2019/01/24,1840.0,1840.0,1802.0,1840.0,14500,-1.0,-1.0,-1.0
2019/01/25,1840.0,1873.0,1801.0,1849.0,14800,-1.0,-1.0,-1.0
2019/01/28,1849.0,1849.0,1801.0,1801.0,9900,-1.0,-1.0,-1.0
2019/01/29,1810.0,1827.0,1794.0,1827.0,10400,-1.0,-1.0,-1.0
2019/01/30,1800.0,1823.0,1792.0,1810.0,14500,-1.0,-1.0,-1.0
2019/01/31,1810.0,1859.0,1810.0,1853.0,15400,-1.0,-1.0,-1.0
2019/02/01,1852.0,1900.0,1835.0,1882.0,22000,-1.0,-1.0,-1.0
2019/02/04,1882.0,1948.0,1882.0,1885.0,16500,-1.0,-1.0,-1.0
2019/02/05,1888.0,1900.0,1835.0,1835.0,11500,-1.0,-1.0,-1.0
2019/02/06,1835.0,1835.0,1789.0,1789.0,13000,-1.0,-1.0,-1.0
2019/02/07,1787.0,1790.0,1750.0,1756.0,13800,-1.0,-1.0,-1.0
2019/02/08,1722.0,1750.0,1712.0,1728.0,11900,-1.0,-1.0,-1.0
2019/02/12,1738.0,1760.0,1713.0,1719.0,10100,-1.0,-1.0,-1.0
2019/02/13,1656.0,1728.0,1600.0,1688.0,36200,-1.0,-1.0,-1.0
2019/02/14,1688.0,1752.0,1688.0,1751.0,11000,-1.0,-1.0,-1.0
2019/02/15,1751.0,1773.0,1713.0,1737.0,13100,-1.0,-1.0,-1.0
2019/02/18,1777.0,1788.0,1738.0,1738.0,19600,-1.0,-1.0,-1.0
2019/02/19,1727.0,1757.0,1702.0,1749.0,10200,-1.0,-1.0,-1.0
2019/02/20,1756.0,1777.0,1737.0,1743.0,9700,-1.0,-1.0,-1.0
2019/02/21,1751.0,1759.0,1735.0,1736.0,10800,-1.0,-1.0,-1.0
2019/02/22,1736.0,1756.0,1702.0,1702.0,10200,-1.0,-1.0,-1.0
2019/02/25,1742.0,1742.0,1702.0,1710.0,7700,-1.0,-1.0,-1.0
2019/02/26,1710.0,1740.0,1692.0,1702.0,15600,-1.0,-1.0,-1.0
2019/02/27,1703.0,1723.0,1697.0,1720.0,7000,-1.0,-1.0,-1.0
2019/02/28,1708.0,1719.0,1700.0,1718.0,9000,-1.0,-1.0,-1.0
2019/03/01,1704.0,1740.0,1700.0,1709.0,9800,-1.0,-1.0,-1.0
2019/03/04,1710.0,1760.0,1710.0,1720.0,9100,-1.0,-1.0,-1.0
2019/03/05,1719.0,1726.0,1705.0,1709.0,7000,-1.0,-1.0,-1.0
2019/03/06,1711.0,1729.0,1701.0,1704.0,6200,-1.0,-1.0,-1.0
2019/03/07,1706.0,1708.0,1670.0,1670.0,14500,-1.0,-1.0,-1.0
2019/03/08,1697.0,1697.0,1642.0,1657.0,16300,-1.0,-1.0,-1.0
2019/03/11,1657.0,1712.0,1652.0,1660.0,9200,-1.0,-1.0,-1.0
2019/03/12,1672.0,1672.0,1650.0,1655.0,21700,-1.0,-1.0,-1.0
2019/03/13,1665.0,1673.0,1633.0,1634.0,14600,-1.0,-1.0,-1.0
2019/03/14,1640.0,1647.0,1612.0,1621.0,16600,-1.0,-1.0,-1.0
2019/03/15,1634.0,1634.0,1606.0,1608.0,12100,-1.0,-1.0,-1.0
2019/03/18,1606.0,1609.0,1558.0,1571.0,16600,-1.0,-1.0,-1.0
2019/03/19,1551.0,1569.0,1541.0,1542.0,19400,-1.0,-1.0,-1.0
2019/03/20,1542.0,1543.0,1525.0,1535.0,24600,-1.0,-1.0,-1.0
2019/03/22,1540.0,1553.0,1531.0,1535.0,18000,-1.0,-1.0,-1.0
2019/03/25,1521.0,1521.0,1485.0,1497.0,23000,-1.0,-1.0,-1.0
2019/03/26,1487.0,1517.0,1481.0,1495.0,22000,-1.0,-1.0,-1.0
2019/03/27,1481.0,1511.0,1464.0,1511.0,22900,-1.0,-1.0,-1.0
2019/03/28,1486.0,1510.0,1471.0,1506.0,14200,-1.0,-1.0,-1.0
2019/03/29,1509.0,1529.0,1496.0,1496.0,12900,-1.0,-1.0,-1.0
2019/04/01,1505.0,1575.0,1505.0,1555.0,30800,-1.0,-1.0,-1.0
2019/04/02,1578.0,1578.0,1530.0,1536.0,17100,-1.0,-1.0,-1.0
2019/04/03,1525.0,1548.0,1520.0,1540.0,12500,-1.0,-1.0,-1.0
2019/04/04,1531.0,1568.0,1522.0,1530.0,20100,-1.0,-1.0,-1.0
2019/04/05,1531.0,1550.0,1529.0,1532.0,15100,-1.0,-1.0,-1.0
2019/04/08,1551.0,1551.0,1498.0,1508.0,19800,-1.0,-1.0,-1.0
2019/04/09,1490.0,1492.0,1438.0,1450.0,51700,-1.0,-1.0,-1.0
2019/04/10,1468.0,1468.0,1450.0,1460.0,17900,-1.0,-1.0,-1.0
2019/04/11,1460.0,1470.0,1455.0,1460.0,11200,-1.0,-1.0,-1.0
2019/04/12,1461.0,1461.0,1441.0,1446.0,23500,-1.0,-1.0,-1.0
2019/04/15,1448.0,1491.0,1448.0,1491.0,19800,-1.0,-1.0,-1.0
2019/04/16,1492.0,1504.0,1470.0,1470.0,14200,-1.0,-1.0,-1.0
2019/04/17,1493.0,1500.0,1456.0,1462.0,29600,-1.0,-1.0,-1.0
2019/04/18,1470.0,1487.0,1451.0,1452.0,16600,-1.0,-1.0,-1.0
2019/04/19,1459.0,1470.0,1420.0,1446.0,24000,-1.0,-1.0,-1.0
2019/04/22,1443.0,1447.0,1422.0,1439.0,15700,-1.0,-1.0,-1.0
2019/04/23,1439.0,1448.0,1419.0,1430.0,15900,-1.0,-1.0,-1.0
2019/04/24,1434.0,1434.0,1409.0,1413.0,20400,-1.0,-1.0,-1.0
2019/04/25,1430.0,1453.0,1416.0,1453.0,11400,-1.0,-1.0,-1.0
2019/04/26,1431.0,1439.0,1424.0,1431.0,10900,-1.0,-1.0,-1.0
2019/05/07,1431.0,1439.0,1409.0,1418.0,14000,-1.0,-1.0,-1.0
2019/05/08,1403.0,1425.0,1398.0,1400.0,11800,-1.0,-1.0,-1.0
2019/05/09,1414.0,1414.0,1395.0,1402.0,16700,-1.0,-1.0,-1.0
2019/05/10,1411.0,1413.0,1377.0,1396.0,25900,-1.0,-1.0,-1.0
2019/05/13,1413.0,1461.0,1378.0,1384.0,25700,-1.0,-1.0,-1.0
2019/05/14,1174.0,1226.0,1117.0,1218.0,98100,-1.0,-1.0,-1.0
2019/05/15,1224.0,1284.0,1204.0,1265.0,27900,-1.0,-1.0,-1.0
2019/05/16,1262.0,1264.0,1222.0,1244.0,11600,-1.0,-1.0,-1.0
2019/05/17,1245.0,1259.0,1228.0,1244.0,16100,-1.0,-1.0,-1.0
2019/05/20,1252.0,1263.0,1230.0,1254.0,14000,-1.0,-1.0,-1.0
2019/05/21,1224.0,1253.0,1223.0,1238.0,11700,-1.0,-1.0,-1.0
2019/05/22,1241.0,1257.0,1230.0,1251.0,14900,-1.0,-1.0,-1.0
2019/05/23,1251.0,1350.0,1238.0,1252.0,41800,-1.0,-1.0,-1.0
2019/05/24,1312.0,1374.0,1290.0,1335.0,49800,-1.0,-1.0,-1.0
2019/05/27,1335.0,1387.0,1325.0,1336.0,30300,-1.0,-1.0,-1.0
2019/05/28,1347.0,1360.0,1287.0,1351.0,24000,-1.0,-1.0,-1.0
2019/05/29,1346.0,1432.0,1314.0,1423.0,47600,-1.0,-1.0,-1.0
2019/05/30,1424.0,1630.0,1423.0,1565.0,196600,-1.0,-1.0,-1.0
2019/05/31,1600.0,1647.0,1500.0,1519.0,120400,-1.0,-1.0,-1.0
2019/06/03,1517.0,1517.0,1442.0,1450.0,43700,-1.0,-1.0,-1.0
2019/06/04,1450.0,1519.0,1412.0,1509.0,52200,-1.0,-1.0,-1.0
2019/06/05,1515.0,1594.0,1503.0,1524.0,94500,-1.0,-1.0,-1.0
2019/06/06,1547.0,1570.0,1484.0,1484.0,73500,-1.0,-1.0,-1.0
2019/06/07,1500.0,1537.0,1490.0,1526.0,15500,-1.0,-1.0,-1.0
2019/06/10,1549.0,1549.0,1503.0,1508.0,17500,-1.0,-1.0,-1.0
2019/06/11,1510.0,1513.0,1486.0,1504.0,20400,-1.0,-1.0,-1.0
2019/06/12,1506.0,1506.0,1460.0,1483.0,25000,-1.0,-1.0,-1.0
2019/06/13,1466.0,1489.0,1452.0,1471.0,25000,-1.0,-1.0,-1.0
2019/06/14,1496.0,1516.0,1469.0,1491.0,19700,-1.0,-1.0,-1.0
2019/06/17,1515.0,1515.0,1451.0,1456.0,19000,-1.0,-1.0,-1.0
2019/06/18,1460.0,1490.0,1402.0,1416.0,23800,-1.0,-1.0,-1.0
2019/06/19,1426.0,1451.0,1418.0,1423.0,18800,-1.0,-1.0,-1.0
2019/06/20,1425.0,1450.0,1402.0,1446.0,13000,-1.0,-1.0,-1.0
2019/06/21,1441.0,1441.0,1409.0,1414.0,14900,-1.0,-1.0,-1.0
2019/06/24,1415.0,1419.0,1390.0,1394.0,12800,-1.0,-1.0,-1.0
2019/06/25,1364.0,1393.0,1340.0,1340.0,52200,-1.0,-1.0,-1.0
2019/06/26,1341.0,1365.0,1327.0,1359.0,11000,-1.0,-1.0,-1.0
2019/06/27,1359.0,1377.0,1331.0,1377.0,9100,-1.0,-1.0,-1.0
2019/06/28,1378.0,1412.0,1365.0,1381.0,10400,-1.0,-1.0,-1.0
2019/07/01,1397.0,1419.0,1390.0,1412.0,13000,-1.0,-1.0,-1.0
2019/07/02,1400.0,1401.0,1380.0,1388.0,14400,-1.0,-1.0,-1.0
2019/07/03,1438.0,1587.0,1415.0,1506.0,267900,-1.0,-1.0,-1.0
2019/07/04,1503.0,1530.0,1473.0,1484.0,43400,-1.0,-1.0,-1.0
2019/07/05,1489.0,1510.0,1480.0,1501.0,19000,-1.0,-1.0,-1.0
2019/07/08,1502.0,1502.0,1458.0,1464.0,13800,-1.0,-1.0,-1.0
2019/07/09,1465.0,1493.0,1458.0,1472.0,12700,-1.0,-1.0,-1.0
2019/07/10,1457.0,1457.0,1405.0,1419.0,27200,-1.0,-1.0,-1.0
2019/07/11,1419.0,1457.0,1417.0,1457.0,14000,-1.0,-1.0,-1.0
2019/07/12,1461.0,1474.0,1438.0,1470.0,13100,-1.0,-1.0,-1.0
2019/07/16,1455.0,1470.0,1455.0,1470.0,6400,-1.0,-1.0,-1.0
2019/07/17,1470.0,1470.0,1440.0,1458.0,10200,-1.0,-1.0,-1.0
2019/07/18,1468.0,1468.0,1426.0,1439.0,5900,-1.0,-1.0,-1.0
2019/07/19,1439.0,1450.0,1420.0,1425.0,7900,-1.0,-1.0,-1.0
2019/07/22,1447.0,1447.0,1402.0,1411.0,6300,-1.0,-1.0,-1.0
2019/07/23,1404.0,1422.0,1404.0,1404.0,6300,-1.0,-1.0,-1.0
2019/07/24,1434.0,1434.0,1404.0,1422.0,9100,-1.0,-1.0,-1.0
2019/07/25,1452.0,1452.0,1422.0,1431.0,5000,-1.0,-1.0,-1.0
2019/07/26,1431.0,1435.0,1408.0,1420.0,6700,-1.0,-1.0,-1.0
2019/07/29,1420.0,1420.0,1408.0,1408.0,4800,-1.0,-1.0,-1.0
2019/07/30,1409.0,1427.0,1406.0,1418.0,5400,-1.0,-1.0,-1.0
2019/07/31,1422.0,1437.0,1407.0,1424.0,5700,-1.0,-1.0,-1.0
2019/08/01,1424.0,1424.0,1405.0,1410.0,5700,-1.0,-1.0,-1.0
2019/08/02,1400.0,1406.0,1367.0,1389.0,14200,-1.0,-1.0,-1.0
2019/08/05,1374.0,1381.0,1313.0,1322.0,16300,-1.0,-1.0,-1.0
2019/08/06,1262.0,1325.0,1255.0,1305.0,15800,-1.0,-1.0,-1.0
2019/08/07,1307.0,1330.0,1299.0,1299.0,8300,-1.0,-1.0,-1.0
2019/08/08,1359.0,1363.0,1332.0,1332.0,16300,-1.0,-1.0,-1.0
2019/08/09,1339.0,1380.0,1339.0,1361.0,6800,-1.0,-1.0,-1.0
2019/08/13,1181.0,1280.0,1181.0,1261.0,42300,-1.0,-1.0,-1.0
2019/08/14,1264.0,1313.0,1264.0,1287.0,13200,-1.0,-1.0,-1.0
2019/08/15,1257.0,1288.0,1250.0,1278.0,13300,-1.0,-1.0,-1.0
2019/08/16,1278.0,1281.0,1264.0,1265.0,7700,-1.0,-1.0,-1.0
2019/08/19,1271.0,1290.0,1270.0,1281.0,5900,-1.0,-1.0,-1.0
2019/08/20,1300.0,1332.0,1299.0,1325.0,6800,-1.0,-1.0,-1.0
2019/08/21,1325.0,1353.0,1317.0,1323.0,13700,-1.0,-1.0,-1.0
2019/08/22,1315.0,1319.0,1277.0,1277.0,6400,-1.0,-1.0,-1.0
2019/08/23,1330.0,1330.0,1285.0,1290.0,5700,-1.0,-1.0,-1.0
2019/08/26,1262.0,1286.0,1238.0,1238.0,8600,-1.0,-1.0,-1.0
2019/08/27,1266.0,1266.0,1238.0,1240.0,4200,-1.0,-1.0,-1.0
2019/08/28,1257.0,1273.0,1245.0,1257.0,6800,-1.0,-1.0,-1.0
2019/08/29,1250.0,1265.0,1249.0,1253.0,4500,-1.0,-1.0,-1.0
2019/08/30,1251.0,1290.0,1251.0,1265.0,8800,-1.0,-1.0,-1.0
2019/09/02,1272.0,1273.0,1257.0,1271.0,5500,-1.0,-1.0,-1.0
2019/09/03,1271.0,1288.0,1271.0,1285.0,4900,-1.0,-1.0,-1.0
2019/09/04,1281.0,1284.0,1270.0,1276.0,3200,-1.0,-1.0,-1.0
2019/09/05,1281.0,1309.0,1279.0,1300.0,10900,-1.0,-1.0,-1.0
2019/09/06,1301.0,1316.0,1301.0,1313.0,7400,-1.0,-1.0,-1.0
2019/09/09,1313.0,1341.0,1313.0,1327.0,12700,-1.0,-1.0,-1.0
2019/09/10,1327.0,1350.0,1327.0,1336.0,7900,-1.0,-1.0,-1.0
2019/09/11,1335.0,1369.0,1335.0,1360.0,13700,-1.0,-1.0,-1.0
2019/09/12,1360.0,1370.0,1314.0,1348.0,12100,-1.0,-1.0,-1.0
2019/09/13,1348.0,1355.0,1318.0,1331.0,7400,-1.0,-1.0,-1.0
2019/09/17,1314.0,1332.0,1313.0,1325.0,3600,-1.0,-1.0,-1.0
2019/09/18,1318.0,1320.0,1306.0,1306.0,5800,-1.0,-1.0,-1.0
2019/09/19,1306.0,1314.0,1298.0,1301.0,11200,-1.0,-1.0,-1.0
2019/09/20,1305.0,1325.0,1305.0,1314.0,3600,-1.0,-1.0,-1.0
2019/09/24,1314.0,1327.0,1307.0,1318.0,9800,-1.0,-1.0,-1.0
2019/09/25,1348.0,1361.0,1335.0,1350.0,9200,-1.0,-1.0,-1.0
2019/09/26,1350.0,1381.0,1350.0,1376.0,8300,-1.0,-1.0,-1.0
2019/09/27,1370.0,1370.0,1325.0,1344.0,4800,-1.0,-1.0,-1.0
2019/09/30,1343.0,1343.0,1318.0,1319.0,4900,-1.0,-1.0,-1.0
2019/10/01,1325.0,1340.0,1325.0,1336.0,3900,-1.0,-1.0,-1.0
2019/10/02,1317.0,1340.0,1317.0,1336.0,4800,-1.0,-1.0,-1.0
2019/10/03,1321.0,1590.0,1316.0,1390.0,271700,-1.0,-1.0,-1.0
2019/10/04,1406.0,1420.0,1366.0,1382.0,11400,-1.0,-1.0,-1.0
2019/10/07,1385.0,1465.0,1383.0,1454.0,38700,-1.0,-1.0,-1.0
2019/10/08,1473.0,1532.0,1469.0,1489.0,49400,-1.0,-1.0,-1.0
2019/10/09,1488.0,1501.0,1466.0,1466.0,30100,-1.0,-1.0,-1.0
2019/10/10,1496.0,1497.0,1420.0,1420.0,9400,-1.0,-1.0,-1.0
2019/10/11,1421.0,1440.0,1419.0,1434.0,7400,-1.0,-1.0,-1.0
2019/10/15,1426.0,1431.0,1399.0,1399.0,8300,-1.0,-1.0,-1.0
2019/10/16,1429.0,1429.0,1400.0,1401.0,5400,-1.0,-1.0,-1.0
2019/10/17,1399.0,1417.0,1399.0,1413.0,5100,-1.0,-1.0,-1.0
2019/10/18,1413.0,1421.0,1405.0,1405.0,5000,-1.0,-1.0,-1.0
2019/10/21,1405.0,1442.0,1405.0,1440.0,6800,-1.0,-1.0,-1.0
2019/10/23,1439.0,1451.0,1424.0,1430.0,8000,-1.0,-1.0,-1.0
2019/10/24,1448.0,1461.0,1435.0,1435.0,8300,-1.0,-1.0,-1.0
2019/10/25,1462.0,1469.0,1437.0,1469.0,10400,-1.0,-1.0,-1.0
2019/10/28,1478.0,1501.0,1459.0,1485.0,16800,-1.0,-1.0,-1.0
2019/10/29,1485.0,1487.0,1460.0,1485.0,10900,-1.0,-1.0,-1.0
2019/10/30,1485.0,1496.0,1476.0,1476.0,8800,-1.0,-1.0,-1.0
2019/10/31,1478.0,1499.0,1478.0,1495.0,5900,-1.0,-1.0,-1.0
2019/11/01,1494.0,1499.0,1480.0,1490.0,10400,-1.0,-1.0,-1.0
2019/11/05,1500.0,1515.0,1490.0,1490.0,19100,-1.0,-1.0,-1.0
2019/11/06,1505.0,1516.0,1482.0,1482.0,14500,-1.0,-1.0,-1.0
2019/11/07,1481.0,1493.0,1468.0,1474.0,7800,-1.0,-1.0,-1.0
2019/11/08,1483.0,1486.0,1449.0,1450.0,29300,-1.0,-1.0,-1.0
2019/11/11,1451.0,1475.0,1451.0,1457.0,5700,-1.0,-1.0,-1.0
2019/11/12,1467.0,1482.0,1452.0,1455.0,8400,-1.0,-1.0,-1.0
2019/11/13,1453.0,1466.0,1446.0,1447.0,14000,-1.0,-1.0,-1.0
2019/11/14,1447.0,1447.0,1403.0,1410.0,15100,-1.0,-1.0,-1.0
2019/11/15,1410.0,1440.0,1410.0,1421.0,11000,-1.0,-1.0,-1.0
2019/11/18,1424.0,1440.0,1420.0,1430.0,9000,-1.0,-1.0,-1.0
2019/11/19,1430.0,1439.0,1384.0,1408.0,12300,-1.0,-1.0,-1.0
2019/11/20,1425.0,1425.0,1407.0,1407.0,3600,-1.0,-1.0,-1.0
2019/11/21,1401.0,1403.0,1377.0,1379.0,16200,-1.0,-1.0,-1.0
2019/11/22,1371.0,1385.0,1368.0,1370.0,12200,-1.0,-1.0,-1.0
2019/11/25,1400.0,1411.0,1368.0,1377.0,17400,-1.0,-1.0,-1.0
2019/11/26,1381.0,1398.0,1381.0,1392.0,6300,-1.0,-1.0,-1.0
2019/11/27,1392.0,1429.0,1392.0,1423.0,12700,-1.0,-1.0,-1.0
2019/11/28,1432.0,1441.0,1411.0,1412.0,9900,-1.0,-1.0,-1.0
2019/11/29,1413.0,1428.0,1395.0,1395.0,7200,-1.0,-1.0,-1.0
2019/12/02,1425.0,1446.0,1400.0,1411.0,15600,-1.0,-1.0,-1.0
2019/12/03,1411.0,1467.0,1396.0,1438.0,23100,-1.0,-1.0,-1.0
2019/12/04,1440.0,1466.0,1440.0,1450.0,30100,-1.0,-1.0,-1.0
2019/12/05,1452.0,1492.0,1452.0,1490.0,24300,-1.0,-1.0,-1.0
2019/12/06,1480.0,1533.0,1478.0,1533.0,26100,-1.0,-1.0,-1.0
2019/12/09,1558.0,1600.0,1543.0,1600.0,78100,-1.0,-1.0,-1.0
2019/12/10,1640.0,1649.0,1565.0,1628.0,73300,-1.0,-1.0,-1.0
2019/12/11,1620.0,1639.0,1568.0,1609.0,51300,-1.0,-1.0,-1.0
2019/12/12,1600.0,1609.0,1542.0,1542.0,31900,-1.0,-1.0,-1.0
2019/12/13,1541.0,1562.0,1516.0,1540.0,23600,-1.0,-1.0,-1.0
2019/12/16,1505.0,1518.0,1501.0,1512.0,12200,-1.0,-1.0,-1.0
2019/12/17,1514.0,1536.0,1514.0,1528.0,11300,-1.0,-1.0,-1.0
2019/12/18,1550.0,1550.0,1500.0,1510.0,16400,-1.0,-1.0,-1.0
2019/12/19,1510.0,1533.0,1506.0,1509.0,9800,-1.0,-1.0,-1.0
2019/12/20,1509.0,1509.0,1474.0,1486.0,11000,-1.0,-1.0,-1.0
2019/12/23,1479.0,1479.0,1433.0,1433.0,26300,-1.0,-1.0,-1.0
2019/12/24,1433.0,1440.0,1421.0,1436.0,17700,-1.0,-1.0,-1.0
2019/12/25,1439.0,1449.0,1410.0,1440.0,20900,-1.0,-1.0,-1.0
2019/12/26,1424.0,1433.0,1416.0,1422.0,15600,-1.0,-1.0,-1.0
2019/12/27,1423.0,1514.0,1423.0,1514.0,17000,-1.0,-1.0,-1.0
2019/12/30,1496.0,1500.0,1463.0,1500.0,9100,-1.0,-1.0,-1.0
2020/01/06,1500.0,1500.0,1460.0,1460.0,13400,-1.0,-1.0,-1.0
2020/01/07,1495.0,1505.0,1483.0,1501.0,4500,-1.0,-1.0,-1.0
2020/01/08,1502.0,1515.0,1455.0,1515.0,13200,-1.0,-1.0,-1.0
2020/01/09,1517.0,1589.0,1517.0,1577.0,18800,-1.0,-1.0,-1.0
2020/01/10,1587.0,1592.0,1521.0,1551.0,15900,-1.0,-1.0,-1.0
2020/01/14,1544.0,1549.0,1500.0,1516.0,7500,-1.0,-1.0,-1.0
2020/01/15,1517.0,1527.0,1504.0,1518.0,7200,-1.0,-1.0,-1.0
2020/01/16,1521.0,1540.0,1515.0,1529.0,5100,-1.0,-1.0,-1.0
2020/01/17,1518.0,1518.0,1491.0,1491.0,12000,-1.0,-1.0,-1.0
2020/01/20,1496.0,1517.0,1496.0,1501.0,5500,-1.0,-1.0,-1.0
2020/01/21,1525.0,1540.0,1496.0,1508.0,6900,-1.0,-1.0,-1.0
2020/01/22,1502.0,1535.0,1502.0,1525.0,4400,-1.0,-1.0,-1.0
2020/01/23,1525.0,1527.0,1499.0,1500.0,6700,-1.0,-1.0,-1.0
2020/01/24,1524.0,1524.0,1496.0,1506.0,6500,-1.0,-1.0,-1.0
2020/01/27,1494.0,1500.0,1469.0,1472.0,10600,-1.0,-1.0,-1.0
2020/01/28,1450.0,1472.0,1450.0,1463.0,5800,-1.0,-1.0,-1.0
2020/01/29,1493.0,1493.0,1451.0,1471.0,4200,-1.0,-1.0,-1.0
2020/01/30,1462.0,1462.0,1414.0,1420.0,9700,-1.0,-1.0,-1.0
2020/01/31,1415.0,1430.0,1399.0,1430.0,9100,-1.0,-1.0,-1.0
2020/02/03,1390.0,1475.0,1390.0,1442.0,11300,-1.0,-1.0,-1.0
2020/02/04,1481.0,1538.0,1454.0,1525.0,20300,-1.0,-1.0,-1.0
2020/02/05,1525.0,1525.0,1460.0,1497.0,8900,-1.0,-1.0,-1.0
2020/02/06,1497.0,1497.0,1457.0,1458.0,6000,-1.0,-1.0,-1.0
2020/02/07,1458.0,1459.0,1450.0,1450.0,6200,-1.0,-1.0,-1.0
2020/02/10,1443.0,1467.0,1443.0,1464.0,2600,-1.0,-1.0,-1.0
2020/02/12,1464.0,1464.0,1426.0,1431.0,10900,-1.0,-1.0,-1.0
2020/02/13,1431.0,1445.0,1415.0,1442.0,6800,-1.0,-1.0,-1.0
2020/02/14,1472.0,1484.0,1440.0,1472.0,9200,-1.0,-1.0,-1.0
2020/02/17,1472.0,1472.0,1440.0,1440.0,6900,-1.0,-1.0,-1.0
2020/02/18,1469.0,1469.0,1413.0,1426.0,10100,-1.0,-1.0,-1.0
2020/02/19,1440.0,1468.0,1438.0,1468.0,6600,-1.0,-1.0,-1.0
2020/02/20,1468.0,1535.0,1454.0,1529.0,22400,-1.0,-1.0,-1.0
2020/02/21,1530.0,1560.0,1513.0,1545.0,23600,-1.0,-1.0,-1.0
2020/02/25,1451.0,1510.0,1391.0,1490.0,36300,-1.0,-1.0,-1.0
2020/02/26,1460.0,1497.0,1428.0,1471.0,19200,-1.0,-1.0,-1.0
2020/02/27,1448.0,1485.0,1394.0,1397.0,20500,-1.0,-1.0,-1.0
2020/02/28,1307.0,1331.0,1250.0,1273.0,37000,-1.0,-1.0,-1.0
2020/03/02,1243.0,1352.0,1236.0,1310.0,12300,-1.0,-1.0,-1.0
2020/03/03,1389.0,1389.0,1287.0,1287.0,14300,-1.0,-1.0,-1.0
2020/03/04,1287.0,1395.0,1251.0,1327.0,27700,-1.0,-1.0,-1.0
2020/03/05,1327.0,1363.0,1325.0,1336.0,11100,-1.0,-1.0,-1.0
2020/03/06,1306.0,1306.0,1270.0,1298.0,11600,-1.0,-1.0,-1.0
2020/03/09,1247.0,1247.0,1160.0,1178.0,24100,-1.0,-1.0,-1.0
2020/03/10,1118.0,1282.0,1094.0,1280.0,18100,-1.0,-1.0,-1.0
2020/03/11,1280.0,1280.0,1222.0,1246.0,13600,-1.0,-1.0,-1.0
2020/03/12,1245.0,1246.0,1150.0,1177.0,17900,-1.0,-1.0,-1.0
2020/03/13,1057.0,1076.0,1000.0,1047.0,34000,-1.0,-1.0,-1.0
2020/03/16,1040.0,1084.0,1002.0,1003.0,17100,-1.0,-1.0,-1.0
2020/03/17,998.0,1110.0,954.0,1071.0,18500,-1.0,-1.0,-1.0
2020/03/18,1120.0,1139.0,1041.0,1049.0,16500,-1.0,-1.0,-1.0
2020/03/19,1021.0,1056.0,1003.0,1049.0,10100,-1.0,-1.0,-1.0
2020/03/23,1024.0,1024.0,962.0,981.0,21000,-1.0,-1.0,-1.0
2020/03/24,1011.0,1030.0,981.0,1006.0,8700,-1.0,-1.0,-1.0
2020/03/25,1096.0,1104.0,1033.0,1095.0,9800,-1.0,-1.0,-1.0
2020/03/26,1065.0,1096.0,1034.0,1060.0,5800,-1.0,-1.0,-1.0
2020/03/27,1120.0,1120.0,1060.0,1076.0,12600,-1.0,-1.0,-1.0
2020/03/30,1060.0,1060.0,999.0,1026.0,10500,-1.0,-1.0,-1.0
2020/03/31,1022.0,1065.0,1002.0,1002.0,13100,-1.0,-1.0,-1.0
2020/04/01,1014.0,1047.0,1014.0,1015.0,7200,-1.0,-1.0,-1.0
2020/04/02,1008.0,1167.0,1003.0,1079.0,18500,-1.0,-1.0,-1.0
2020/04/03,1119.0,1121.0,1035.0,1035.0,7400,-1.0,-1.0,-1.0
2020/04/06,1011.0,1121.0,1011.0,1110.0,10300,-1.0,-1.0,-1.0
2020/04/07,1170.0,1170.0,1096.0,1114.0,8200,-1.0,-1.0,-1.0
2020/04/08,1125.0,1130.0,1113.0,1128.0,2700,-1.0,-1.0,-1.0
2020/04/09,1155.0,1180.0,1131.0,1136.0,6400,-1.0,-1.0,-1.0
2020/04/10,1120.0,1175.0,1119.0,1152.0,2600,-1.0,-1.0,-1.0
2020/04/13,1171.0,1171.0,1122.0,1124.0,2500,-1.0,-1.0,-1.0
2020/04/14,1124.0,1225.0,1124.0,1144.0,9300,-1.0,-1.0,-1.0
2020/04/15,1160.0,1254.0,1160.0,1211.0,11700,-1.0,-1.0,-1.0
2020/04/16,1151.0,1234.0,1151.0,1234.0,13100,-1.0,-1.0,-1.0
2020/04/17,1194.0,1229.0,1191.0,1203.0,6100,-1.0,-1.0,-1.0
2020/04/20,1196.0,1229.0,1196.0,1214.0,1400,-1.0,-1.0,-1.0
2020/04/21,1199.0,1199.0,1110.0,1148.0,7400,-1.0,-1.0,-1.0
2020/04/22,1139.0,1167.0,1139.0,1164.0,2200,-1.0,-1.0,-1.0
2020/04/23,1191.0,1191.0,1164.0,1176.0,4000,-1.0,-1.0,-1.0
2020/04/24,1215.0,1219.0,1178.0,1219.0,5900,-1.0,-1.0,-1.0
2020/04/27,1220.0,1276.0,1206.0,1271.0,11700,-1.0,-1.0,-1.0
2020/04/28,1391.0,1475.0,1386.0,1455.0,66900,-1.0,-1.0,-1.0
2020/04/30,1480.0,1498.0,1367.0,1405.0,50200,-1.0,-1.0,-1.0
2020/05/01,1390.0,1445.0,1368.0,1412.0,24100,-1.0,-1.0,-1.0
2020/05/07,1415.0,1450.0,1404.0,1429.0,23700,-1.0,-1.0,-1.0
2020/05/08,1429.0,1729.0,1429.0,1550.0,386600,-1.0,-1.0,-1.0
2020/05/11,1550.0,1680.0,1480.0,1527.0,101300,-1.0,-1.0,-1.0
2020/05/12,1513.0,1515.0,1475.0,1475.0,27600,-1.0,-1.0,-1.0
2020/05/13,1455.0,1539.0,1433.0,1465.0,41300,-1.0,-1.0,-1.0
2020/05/14,1534.0,1570.0,1442.0,1453.0,63600,-1.0,-1.0,-1.0
2020/05/15,1442.0,1495.0,1442.0,1479.0,17300,-1.0,-1.0,-1.0
2020/05/18,1456.0,1571.0,1456.0,1558.0,42600,-1.0,-1.0,-1.0
2020/05/19,1610.0,1630.0,1539.0,1588.0,41100,-1.0,-1.0,-1.0
2020/05/20,1588.0,1610.0,1550.0,1550.0,55700,-1.0,-1.0,-1.0
2020/05/21,1580.0,1582.0,1513.0,1526.0,55200,-1.0,-1.0,-1.0
2020/05/22,1526.0,1535.0,1505.0,1510.0,20700,-1.0,-1.0,-1.0
2020/05/25,1511.0,1526.0,1493.0,1514.0,21200,-1.0,-1.0,-1.0
2020/05/26,1515.0,1567.0,1514.0,1541.0,33900,-1.0,-1.0,-1.0
2020/05/27,1551.0,1565.0,1500.0,1523.0,21500,-1.0,-1.0,-1.0
2020/05/28,1523.0,1539.0,1495.0,1526.0,25000,-1.0,-1.0,-1.0
2020/05/29,1520.0,1565.0,1500.0,1548.0,20500,-1.0,-1.0,-1.0
2020/06/01,1521.0,1556.0,1516.0,1534.0,19400,-1.0,-1.0,-1.0
2020/06/02,1534.0,1556.0,1521.0,1535.0,16300,-1.0,-1.0,-1.0
2020/06/03,1535.0,1551.0,1511.0,1511.0,36700,-1.0,-1.0,-1.0
2020/06/04,1525.0,1530.0,1483.0,1500.0,29100,-1.0,-1.0,-1.0
2020/06/05,1496.0,1583.0,1488.0,1583.0,58000,-1.0,-1.0,-1.0
2020/06/08,1600.0,1694.0,1600.0,1651.0,142200,-1.0,-1.0,-1.0
2020/06/09,1643.0,1660.0,1590.0,1639.0,44200,-1.0,-1.0,-1.0
2020/06/10,1639.0,1669.0,1608.0,1635.0,25200,-1.0,-1.0,-1.0
2020/06/11,1635.0,1652.0,1580.0,1582.0,38200,-1.0,-1.0,-1.0
2020/06/12,1515.0,1582.0,1504.0,1560.0,36500,-1.0,-1.0,-1.0
2020/06/15,1569.0,1602.0,1548.0,1548.0,27400,-1.0,-1.0,-1.0
2020/06/16,1581.0,1607.0,1550.0,1602.0,21800,-1.0,-1.0,-1.0
2020/06/17,1626.0,1640.0,1596.0,1620.0,40800,-1.0,-1.0,-1.0
2020/06/18,1620.0,1677.0,1606.0,1647.0,64700,-1.0,-1.0,-1.0
2020/06/19,1671.0,1749.0,1671.0,1739.0,95100,-1.0,-1.0,-1.0
2020/06/22,1794.0,1888.0,1726.0,1851.0,163400,-1.0,-1.0,-1.0
2020/06/23,1872.0,1895.0,1791.0,1802.0,113600,-1.0,-1.0,-1.0
2020/06/24,1815.0,1827.0,1739.0,1745.0,69200,-1.0,-1.0,-1.0
2020/06/25,1730.0,1740.0,1658.0,1708.0,45600,-1.0,-1.0,-1.0
2020/06/26,1745.0,1745.0,1668.0,1689.0,31000,-1.0,-1.0,-1.0
2020/06/29,1689.0,1742.0,1652.0,1675.0,35900,-1.0,-1.0,-1.0
2020/06/30,1690.0,1733.0,1688.0,1720.0,25800,-1.0,-1.0,-1.0
2020/07/01,1720.0,1732.0,1653.0,1675.0,47300,-1.0,-1.0,-1.0
2020/07/02,1675.0,1690.0,1561.0,1590.0,88700,-1.0,-1.0,-1.0
2020/07/03,1590.0,1635.0,1573.0,1612.0,39700,-1.0,-1.0,-1.0
2020/07/06,1610.0,1720.0,1592.0,1718.0,31800,-1.0,-1.0,-1.0
2020/07/07,1719.0,1775.0,1695.0,1703.0,39700,-1.0,-1.0,-1.0
2020/07/08,1704.0,1772.0,1700.0,1748.0,38300,-1.0,-1.0,-1.0
2020/07/09,1751.0,1754.0,1691.0,1720.0,26700,-1.0,-1.0,-1.0
2020/07/10,1732.0,1732.0,1656.0,1658.0,50400,-1.0,-1.0,-1.0
2020/07/13,1659.0,1709.0,1659.0,1701.0,19900,-1.0,-1.0,-1.0
2020/07/14,1710.0,1710.0,1647.0,1658.0,21700,-1.0,-1.0,-1.0
2020/07/15,1659.0,1739.0,1658.0,1707.0,34100,-1.0,-1.0,-1.0
2020/07/16,1707.0,1730.0,1685.0,1719.0,20000,-1.0,-1.0,-1.0
2020/07/17,1718.0,1725.0,1676.0,1715.0,19800,-1.0,-1.0,-1.0
2020/07/20,1711.0,1742.0,1701.0,1722.0,24300,-1.0,-1.0,-1.0
2020/07/21,1722.0,1769.0,1720.0,1769.0,22100,-1.0,-1.0,-1.0
2020/07/22,1750.0,1761.0,1716.0,1722.0,21500,-1.0,-1.0,-1.0
2020/07/27,1722.0,1730.0,1694.0,1717.0,12900,-1.0,-1.0,-1.0
2020/07/28,1718.0,1739.0,1699.0,1709.0,14300,-1.0,-1.0,-1.0
2020/07/29,1689.0,1704.0,1652.0,1652.0,21300,-1.0,-1.0,-1.0
2020/07/30,1666.0,1687.0,1652.0,1687.0,8700,-1.0,-1.0,-1.0
2020/07/31,1665.0,1683.0,1557.0,1602.0,32900,-1.0,-1.0,-1.0
2020/08/03,1607.0,1670.0,1601.0,1656.0,11000,-1.0,-1.0,-1.0
2020/08/04,1656.0,1691.0,1656.0,1669.0,10600,-1.0,-1.0,-1.0
2020/08/05,1660.0,1690.0,1658.0,1666.0,7100,-1.0,-1.0,-1.0
2020/08/06,1666.0,1666.0,1630.0,1643.0,8900,-1.0,-1.0,-1.0
2020/08/07,1659.0,1659.0,1624.0,1642.0,13400,-1.0,-1.0,-1.0
2020/08/11,1640.0,1640.0,1480.0,1548.0,46800,-1.0,-1.0,-1.0
2020/08/12,1548.0,1580.0,1508.0,1552.0,28200,-1.0,-1.0,-1.0
2020/08/13,1592.0,1620.0,1557.0,1615.0,20200,-1.0,-1.0,-1.0
2020/08/14,1597.0,1619.0,1588.0,1599.0,6000,-1.0,-1.0,-1.0
2020/08/17,1599.0,1605.0,1562.0,1567.0,10900,-1.0,-1.0,-1.0
2020/08/18,1553.0,1589.0,1553.0,1563.0,10100,-1.0,-1.0,-1.0
2020/08/19,1563.0,1607.0,1555.0,1596.0,12500,-1.0,-1.0,-1.0
2020/08/20,1571.0,1627.0,1570.0,1606.0,12000,-1.0,-1.0,-1.0
2020/08/21,1593.0,1627.0,1589.0,1610.0,11800,-1.0,-1.0,-1.0
2020/08/24,1630.0,1656.0,1620.0,1635.0,10200,-1.0,-1.0,-1.0
2020/08/25,1659.0,1668.0,1643.0,1646.0,16100,-1.0,-1.0,-1.0
2020/08/26,1646.0,1668.0,1646.0,1652.0,8000,-1.0,-1.0,-1.0
2020/08/27,1653.0,1655.0,1630.0,1646.0,12000,-1.0,-1.0,-1.0
2020/08/28,1646.0,1655.0,1570.0,1587.0,23700,-1.0,-1.0,-1.0
2020/08/31,1627.0,1660.0,1596.0,1656.0,12100,-1.0,-1.0,-1.0
2020/09/01,1656.0,1664.0,1639.0,1653.0,11900,-1.0,-1.0,-1.0
2020/09/02,1642.0,1646.0,1603.0,1620.0,11900,-1.0,-1.0,-1.0
2020/09/03,1643.0,1643.0,1610.0,1610.0,7100,-1.0,-1.0,-1.0
2020/09/04,1598.0,1624.0,1584.0,1611.0,12300,-1.0,-1.0,-1.0
2020/09/07,1583.0,1612.0,1582.0,1602.0,7300,-1.0,-1.0,-1.0
2020/09/08,1610.0,1659.0,1602.0,1647.0,17500,-1.0,-1.0,-1.0
2020/09/09,1621.0,1662.0,1621.0,1648.0,5000,-1.0,-1.0,-1.0
2020/09/10,1630.0,1656.0,1627.0,1656.0,7900,-1.0,-1.0,-1.0
2020/09/11,1666.0,1666.0,1638.0,1639.0,9800,-1.0,-1.0,-1.0
2020/09/14,1641.0,1641.0,1603.0,1628.0,6900,-1.0,-1.0,-1.0
2020/09/15,1610.0,1647.0,1609.0,1630.0,5400,-1.0,-1.0,-1.0
2020/09/16,1644.0,1644.0,1630.0,1639.0,5700,-1.0,-1.0,-1.0
2020/09/17,1640.0,1643.0,1610.0,1632.0,11900,-1.0,-1.0,-1.0
2020/09/18,1632.0,1655.0,1632.0,1640.0,9700,-1.0,-1.0,-1.0
2020/09/23,1640.0,1671.0,1635.0,1671.0,15200,-1.0,-1.0,-1.0
2020/09/24,1666.0,1677.0,1656.0,1671.0,8300,-1.0,-1.0,-1.0
2020/09/25,1679.0,1750.0,1679.0,1745.0,42400,-1.0,-1.0,-1.0
2020/09/28,1770.0,1771.0,1685.0,1697.0,35400,-1.0,-1.0,-1.0
2020/09/29,1697.0,1732.0,1681.0,1725.0,19000,-1.0,-1.0,-1.0
2020/09/30,1703.0,1720.0,1657.0,1672.0,29400,-1.0,-1.0,-1.0
2020/10/02,1680.0,1687.0,1644.0,1651.0,17700,-1.0,-1.0,-1.0
2020/10/05,1660.0,1694.0,1659.0,1693.0,8000,-1.0,-1.0,-1.0
2020/10/06,1693.0,1704.0,1670.0,1695.0,16100,-1.0,-1.0,-1.0
2020/10/07,1702.0,1717.0,1670.0,1671.0,27800,-1.0,-1.0,-1.0
2020/10/08,1688.0,1715.0,1682.0,1700.0,17300,-1.0,-1.0,-1.0
2020/10/09,1710.0,1718.0,1676.0,1713.0,14100,-1.0,-1.0,-1.0
2020/10/12,1718.0,1765.0,1713.0,1757.0,29400,-1.0,-1.0,-1.0
2020/10/13,1762.0,1848.0,1755.0,1835.0,75100,-1.0,-1.0,-1.0
2020/10/14,1834.0,1861.0,1770.0,1779.0,42900,-1.0,-1.0,-1.0
2020/10/15,1761.0,1771.0,1695.0,1706.0,24700,-1.0,-1.0,-1.0
2020/10/16,1706.0,1740.0,1700.0,1711.0,12500,-1.0,-1.0,-1.0
2020/10/19,1712.0,1733.0,1700.0,1706.0,11500,-1.0,-1.0,-1.0
2020/10/20,1700.0,1719.0,1666.0,1666.0,15300,-1.0,-1.0,-1.0
2020/10/21,1666.0,1694.0,1665.0,1679.0,5800,-1.0,-1.0,-1.0
2020/10/22,1687.0,1687.0,1668.0,1683.0,8400,-1.0,-1.0,-1.0
2020/10/23,1713.0,1713.0,1619.0,1640.0,22100,-1.0,-1.0,-1.0
2020/10/26,1680.0,1680.0,1624.0,1643.0,8800,-1.0,-1.0,-1.0
2020/10/27,1618.0,1638.0,1616.0,1626.0,6400,-1.0,-1.0,-1.0
2020/10/28,1625.0,1637.0,1603.0,1637.0,12100,-1.0,-1.0,-1.0
2020/10/29,1614.0,1626.0,1595.0,1616.0,4600,-1.0,-1.0,-1.0
2020/10/30,1616.0,1619.0,1583.0,1600.0,10300,-1.0,-1.0,-1.0
2020/11/02,1600.0,1623.0,1585.0,1590.0,6200,-1.0,-1.0,-1.0
2020/11/04,1605.0,1624.0,1602.0,1612.0,3700,-1.0,-1.0,-1.0
2020/11/05,1639.0,1646.0,1617.0,1638.0,8200,-1.0,-1.0,-1.0
2020/11/06,1650.0,1678.0,1624.0,1638.0,18500,-1.0,-1.0,-1.0
2020/11/09,1669.0,1669.0,1640.0,1640.0,3800,-1.0,-1.0,-1.0
2020/11/10,1666.0,1666.0,1616.0,1621.0,14200,-1.0,-1.0,-1.0
2020/11/11,1621.0,1639.0,1614.0,1618.0,6700,-1.0,-1.0,-1.0
2020/11/12,1618.0,1618.0,1595.0,1614.0,16100,-1.0,-1.0,-1.0
2020/11/13,1614.0,1619.0,1594.0,1614.0,6900,-1.0,-1.0,-1.0
2020/11/16,1670.0,1670.0,1642.0,1659.0,17500,-1.0,-1.0,-1.0
2020/11/17,1668.0,1693.0,1659.0,1678.0,9000,-1.0,-1.0,-1.0
2020/11/18,1678.0,1684.0,1650.0,1661.0,10100,-1.0,-1.0,-1.0
2020/11/19,1661.0,1674.0,1618.0,1631.0,15900,-1.0,-1.0,-1.0
2020/11/20,1621.0,1650.0,1610.0,1650.0,7100,-1.0,-1.0,-1.0
2020/11/24,1648.0,1680.0,1637.0,1680.0,18800,-1.0,-1.0,-1.0
2020/11/25,1695.0,1707.0,1643.0,1649.0,18000,-1.0,-1.0,-1.0
2020/11/26,1649.0,1669.0,1641.0,1654.0,6700,-1.0,-1.0,-1.0
2020/11/27,1654.0,1683.0,1654.0,1655.0,4600,-1.0,-1.0,-1.0
2020/11/30,1657.0,1690.0,1657.0,1661.0,9800,-1.0,-1.0,-1.0
2020/12/01,1661.0,1686.0,1660.0,1684.0,4800,-1.0,-1.0,-1.0
2020/12/02,1690.0,1702.0,1675.0,1698.0,15200,-1.0,-1.0,-1.0
2020/12/03,1698.0,1698.0,1671.0,1687.0,12700,-1.0,-1.0,-1.0
2020/12/04,1684.0,1698.0,1659.0,1698.0,8000,-1.0,-1.0,-1.0
2020/12/07,1692.0,1698.0,1670.0,1674.0,9200,-1.0,-1.0,-1.0
2020/12/08,1674.0,1675.0,1651.0,1656.0,8600,-1.0,-1.0,-1.0
2020/12/09,1656.0,1690.0,1656.0,1675.0,15100,-1.0,-1.0,-1.0
2020/12/10,1675.0,1678.0,1657.0,1676.0,6700,-1.0,-1.0,-1.0
2020/12/11,1681.0,1697.0,1640.0,1664.0,26400,-1.0,-1.0,-1.0
2020/12/14,1664.0,1688.0,1655.0,1672.0,15900,-1.0,-1.0,-1.0
2020/12/15,1658.0,1685.0,1658.0,1676.0,10000,-1.0,-1.0,-1.0
2020/12/16,1685.0,1686.0,1663.0,1677.0,15000,-1.0,-1.0,-1.0
2020/12/17,1677.0,1699.0,1663.0,1691.0,15600,-1.0,-1.0,-1.0
2020/12/18,1691.0,1691.0,1672.0,1685.0,5800,-1.0,-1.0,-1.0
2020/12/21,1684.0,1684.0,1654.0,1680.0,8800,-1.0,-1.0,-1.0
2020/12/22,1680.0,1680.0,1600.0,1652.0,25700,-1.0,-1.0,-1.0
2020/12/23,1640.0,1640.0,1602.0,1615.0,12500,-1.0,-1.0,-1.0
2020/12/24,1615.0,1642.0,1615.0,1617.0,11500,-1.0,-1.0,-1.0
2020/12/25,1639.0,1650.0,1615.0,1641.0,18600,-1.0,-1.0,-1.0
2020/12/28,1649.0,1650.0,1613.0,1630.0,15300,-1.0,-1.0,-1.0
2020/12/29,1647.0,1647.0,1620.0,1637.0,6800,-1.0,-1.0,-1.0
2020/12/30,1649.0,1649.0,1624.0,1631.0,3400,-1.0,-1.0,-1.0
2021/01/04,1639.0,1639.0,1606.0,1634.0,5700,-1.0,-1.0,-1.0
2021/01/05,1640.0,1655.0,1625.0,1625.0,4400,-1.0,-1.0,-1.0
2021/01/06,1625.0,1653.0,1625.0,1647.0,4600,-1.0,-1.0,-1.0
2021/01/07,1662.0,1667.0,1647.0,1648.0,7100,-1.0,-1.0,-1.0
2021/01/08,1650.0,1656.0,1641.0,1648.0,5100,-1.0,-1.0,-1.0
2021/01/12,1637.0,1652.0,1630.0,1645.0,4800,-1.0,-1.0,-1.0
2021/01/13,1652.0,1654.0,1639.0,1643.0,10300,-1.0,-1.0,-1.0
2021/01/14,1646.0,1663.0,1638.0,1638.0,10400,-1.0,-1.0,-1.0
2021/01/15,1640.0,1643.0,1607.0,1625.0,12800,-1.0,-1.0,-1.0
2021/01/18,1630.0,1641.0,1613.0,1613.0,5700,-1.0,-1.0,-1.0
2021/01/19,1619.0,1641.0,1619.0,1636.0,4600,-1.0,-1.0,-1.0
2021/01/20,1636.0,1636.0,1601.0,1609.0,7100,-1.0,-1.0,-1.0
2021/01/21,1612.0,1657.0,1612.0,1649.0,12100,-1.0,-1.0,-1.0
2021/01/22,1647.0,1667.0,1627.0,1663.0,8300,-1.0,-1.0,-1.0
2021/01/25,1663.0,1663.0,1635.0,1638.0,8800,-1.0,-1.0,-1.0
2021/01/26,1639.0,1660.0,1636.0,1646.0,6900,-1.0,-1.0,-1.0
2021/01/27,1646.0,1659.0,1631.0,1635.0,4700,-1.0,-1.0,-1.0
2021/01/28,1646.0,1646.0,1609.0,1636.0,13800,-1.0,-1.0,-1.0
2021/01/29,1638.0,1640.0,1598.0,1600.0,14600,-1.0,-1.0,-1.0
2021/02/01,1600.0,1630.0,1590.0,1614.0,4300,-1.0,-1.0,-1.0
2021/02/02,1615.0,1620.0,1601.0,1620.0,6300,-1.0,-1.0,-1.0
2021/02/03,1624.0,1653.0,1624.0,1641.0,10200,-1.0,-1.0,-1.0
2021/02/04,1648.0,1648.0,1625.0,1631.0,3700,-1.0,-1.0,-1.0
2021/02/05,1630.0,1644.0,1617.0,1635.0,7300,-1.0,-1.0,-1.0
2021/02/08,1635.0,1653.0,1627.0,1644.0,7100,-1.0,-1.0,-1.0
2021/02/09,1645.0,1655.0,1631.0,1631.0,26100,-1.0,-1.0,-1.0
2021/02/10,1631.0,1639.0,1605.0,1638.0,12800,-1.0,-1.0,-1.0
2021/02/12,1644.0,1703.0,1635.0,1694.0,23400,-1.0,-1.0,-1.0
2021/02/15,1494.0,1550.0,1490.0,1526.0,54700,-1.0,-1.0,-1.0
2021/02/16,1526.0,1529.0,1495.0,1495.0,29600,-1.0,-1.0,-1.0
2021/02/17,1500.0,1514.0,1433.0,1473.0,37100,-1.0,-1.0,-1.0
2021/02/18,1475.0,1493.0,1443.0,1448.0,18500,-1.0,-1.0,-1.0
2021/02/19,1450.0,1516.0,1450.0,1516.0,23200,-1.0,-1.0,-1.0
2021/02/22,1517.0,1546.0,1495.0,1517.0,11000,-1.0,-1.0,-1.0
2021/02/24,1517.0,1536.0,1490.0,1507.0,12800,-1.0,-1.0,-1.0
2021/02/25,1540.0,1583.0,1494.0,1550.0,27200,-1.0,-1.0,-1.0
2021/02/26,1543.0,1588.0,1503.0,1580.0,14400,-1.0,-1.0,-1.0
2021/03/01,1580.0,1594.0,1550.0,1592.0,20500,-1.0,-1.0,-1.0
2021/03/02,1594.0,1602.0,1539.0,1585.0,11900,-1.0,-1.0,-1.0
2021/03/03,1571.0,1584.0,1546.0,1579.0,5200,-1.0,-1.0,-1.0
2021/03/04,1556.0,1572.0,1535.0,1535.0,7100,-1.0,-1.0,-1.0
2021/03/05,1535.0,1576.0,1525.0,1555.0,11100,-1.0,-1.0,-1.0
2021/03/08,1555.0,1567.0,1538.0,1540.0,5400,-1.0,-1.0,-1.0
2021/03/09,1557.0,1564.0,1541.0,1564.0,1700,-1.0,-1.0,-1.0
2021/03/10,1564.0,1580.0,1564.0,1570.0,6800,-1.0,-1.0,-1.0
2021/03/11,1570.0,1572.0,1541.0,1541.0,6700,-1.0,-1.0,-1.0
2021/03/12,1562.0,1570.0,1548.0,1556.0,4000,-1.0,-1.0,-1.0
2021/03/15,1556.0,1572.0,1556.0,1572.0,4300,-1.0,-1.0,-1.0
2021/03/16,1572.0,1582.0,1561.0,1564.0,5400,-1.0,-1.0,-1.0
2021/03/17,1575.0,1580.0,1529.0,1542.0,8300,-1.0,-1.0,-1.0
2021/03/18,1540.0,1550.0,1522.0,1528.0,14600,-1.0,-1.0,-1.0
2021/03/19,1556.0,1556.0,1525.0,1543.0,4600,-1.0,-1.0,-1.0
2021/03/22,1549.0,1553.0,1534.0,1537.0,4100,-1.0,-1.0,-1.0
2021/03/23,1537.0,1578.0,1526.0,1531.0,16500,-1.0,-1.0,-1.0
2021/03/24,1531.0,1535.0,1510.0,1529.0,8000,-1.0,-1.0,-1.0
2021/03/25,1543.0,1543.0,1511.0,1519.0,3500,-1.0,-1.0,-1.0
2021/03/26,1520.0,1550.0,1518.0,1535.0,4200,-1.0,-1.0,-1.0
2021/03/29,1538.0,1549.0,1520.0,1520.0,8000,-1.0,-1.0,-1.0
2021/03/30,1520.0,1540.0,1515.0,1521.0,3700,-1.0,-1.0,-1.0
2021/03/31,1510.0,1510.0,1474.0,1490.0,12000,-1.0,-1.0,-1.0
2021/04/01,1529.0,1533.0,1490.0,1502.0,6800,-1.0,-1.0,-1.0
2021/04/02,1506.0,1530.0,1506.0,1530.0,7900,-1.0,-1.0,-1.0
2021/04/05,1530.0,1533.0,1508.0,1523.0,4900,-1.0,-1.0,-1.0
2021/04/06,1523.0,1526.0,1507.0,1523.0,6300,-1.0,-1.0,-1.0
2021/04/07,1507.0,1530.0,1507.0,1511.0,10700,-1.0,-1.0,-1.0
2021/04/08,1515.0,1524.0,1505.0,1511.0,1500,-1.0,-1.0,-1.0
2021/04/09,1511.0,1511.0,1501.0,1510.0,3100,-1.0,-1.0,-1.0
2021/04/12,1510.0,1515.0,1493.0,1510.0,4800,-1.0,-1.0,-1.0
2021/04/13,1483.0,1509.0,1482.0,1499.0,7600,-1.0,-1.0,-1.0
2021/04/14,1499.0,1516.0,1499.0,1504.0,3500,-1.0,-1.0,-1.0
2021/04/15,1505.0,1518.0,1499.0,1503.0,2700,-1.0,-1.0,-1.0
2021/04/16,1506.0,1513.0,1486.0,1499.0,6800,-1.0,-1.0,-1.0
2021/04/19,1499.0,1519.0,1499.0,1499.0,4600,-1.0,-1.0,-1.0
2021/04/20,1504.0,1514.0,1489.0,1514.0,3600,-1.0,-1.0,-1.0
2021/04/21,1512.0,1515.0,1503.0,1509.0,1400,-1.0,-1.0,-1.0
2021/04/22,1517.0,1519.0,1509.0,1509.0,1800,-1.0,-1.0,-1.0
2021/04/23,1511.0,1511.0,1498.0,1498.0,2800,-1.0,-1.0,-1.0
2021/04/26,1496.0,1509.0,1486.0,1486.0,4700,-1.0,-1.0,-1.0
2021/04/27,1486.0,1499.0,1482.0,1483.0,1700,-1.0,-1.0,-1.0
2021/04/28,1481.0,1503.0,1480.0,1500.0,2100,-1.0,-1.0,-1.0
2021/04/30,1500.0,1501.0,1471.0,1471.0,6300,-1.0,-1.0,-1.0
2021/05/06,1471.0,1485.0,1466.0,1466.0,3600,-1.0,-1.0,-1.0
2021/05/07,1467.0,1487.0,1447.0,1448.0,7300,-1.0,-1.0,-1.0
2021/05/10,1459.0,1461.0,1448.0,1448.0,7300,-1.0,-1.0,-1.0
2021/05/11,1451.0,1458.0,1430.0,1445.0,8600,-1.0,-1.0,-1.0
2021/05/12,1445.0,1450.0,1411.0,1411.0,6300,-1.0,-1.0,-1.0
2021/05/13,1424.0,1443.0,1411.0,1424.0,3400,-1.0,-1.0,-1.0
2021/05/14,1447.0,1464.0,1430.0,1449.0,6600,-1.0,-1.0,-1.0
2021/05/17,1450.0,1451.0,1436.0,1436.0,3100,-1.0,-1.0,-1.0
2021/05/18,1439.0,1450.0,1421.0,1426.0,5100,-1.0,-1.0,-1.0
2021/05/19,1427.0,1437.0,1422.0,1427.0,2800,-1.0,-1.0,-1.0
2021/05/20,1418.0,1436.0,1397.0,1428.0,7400,-1.0,-1.0,-1.0
2021/05/21,1440.0,1440.0,1413.0,1413.0,6300,-1.0,-1.0,-1.0
2021/05/24,1413.0,1420.0,1404.0,1420.0,6900,-1.0,-1.0,-1.0
2021/05/25,1434.0,1434.0,1403.0,1403.0,8100,-1.0,-1.0,-1.0
2021/05/26,1406.0,1408.0,1399.0,1408.0,8300,-1.0,-1.0,-1.0
2021/05/27,1409.0,1409.0,1394.0,1397.0,6000,-1.0,-1.0,-1.0
2021/05/28,1409.0,1412.0,1399.0,1404.0,3800,-1.0,-1.0,-1.0
2021/05/31,1420.0,1420.0,1397.0,1405.0,6600,-1.0,-1.0,-1.0
2021/06/01,1405.0,1409.0,1387.0,1387.0,10100,-1.0,-1.0,-1.0
2021/06/02,1387.0,1402.0,1383.0,1384.0,8000,-1.0,-1.0,-1.0
2021/06/03,1385.0,1400.0,1383.0,1383.0,6400,-1.0,-1.0,-1.0
2021/06/04,1382.0,1382.0,1351.0,1359.0,13600,-1.0,-1.0,-1.0
2021/06/07,1361.0,1395.0,1355.0,1363.0,7300,-1.0,-1.0,-1.0
2021/06/08,1370.0,1370.0,1347.0,1347.0,12700,-1.0,-1.0,-1.0
2021/06/09,1377.0,1377.0,1347.0,1357.0,6700,-1.0,-1.0,-1.0
2021/06/10,1357.0,1367.0,1345.0,1356.0,14500,-1.0,-1.0,-1.0
2021/06/11,1370.0,1370.0,1338.0,1338.0,18200,-1.0,-1.0,-1.0
2021/06/14,1340.0,1350.0,1340.0,1340.0,5700,-1.0,-1.0,-1.0
2021/06/15,1340.0,1341.0,1325.0,1325.0,11800,-1.0,-1.0,-1.0
2021/06/16,1326.0,1345.0,1304.0,1305.0,17400,-1.0,-1.0,-1.0
2021/06/17,1310.0,1310.0,1292.0,1294.0,11900,-1.0,-1.0,-1.0
2021/06/18,1295.0,1299.0,1291.0,1291.0,6100,-1.0,-1.0,-1.0
2021/06/21,1291.0,1314.0,1289.0,1289.0,7000,-1.0,-1.0,-1.0
2021/06/22,1300.0,1300.0,1286.0,1286.0,9000,-1.0,-1.0,-1.0
2021/06/23,1289.0,1289.0,1278.0,1280.0,4500,-1.0,-1.0,-1.0
2021/06/24,1287.0,1294.0,1281.0,1282.0,5400,-1.0,-1.0,-1.0
2021/06/25,1305.0,1305.0,1286.0,1298.0,5100,-1.0,-1.0,-1.0
2021/06/28,1322.0,1340.0,1299.0,1300.0,15900,-1.0,-1.0,-1.0
2021/06/29,1302.0,1323.0,1302.0,1323.0,2500,-1.0,-1.0,-1.0
2021/06/30,1325.0,1336.0,1325.0,1334.0,5700,-1.0,-1.0,-1.0
2021/07/01,1348.0,1348.0,1329.0,1344.0,4700,-1.0,-1.0,-1.0
2021/07/02,1368.0,1391.0,1344.0,1346.0,25800,-1.0,-1.0,-1.0
2021/07/05,1366.0,1366.0,1305.0,1320.0,14100,-1.0,-1.0,-1.0
2021/07/06,1303.0,1330.0,1297.0,1302.0,12600,-1.0,-1.0,-1.0
2021/07/07,1297.0,1299.0,1279.0,1279.0,7100,-1.0,-1.0,-1.0
2021/07/08,1281.0,1312.0,1275.0,1275.0,8300,-1.0,-1.0,-1.0
2021/07/09,1275.0,1275.0,1257.0,1265.0,10300,-1.0,-1.0,-1.0
2021/07/12,1272.0,1280.0,1270.0,1270.0,7600,-1.0,-1.0,-1.0
2021/07/13,1283.0,1286.0,1272.0,1272.0,5800,-1.0,-1.0,-1.0
2021/07/14,1272.0,1285.0,1272.0,1276.0,6500,-1.0,-1.0,-1.0
2021/07/15,1282.0,1282.0,1267.0,1273.0,4900,-1.0,-1.0,-1.0
2021/07/16,1273.0,1275.0,1264.0,1273.0,6700,-1.0,-1.0,-1.0
2021/07/19,1265.0,1274.0,1259.0,1259.0,9900,-1.0,-1.0,-1.0
2021/07/20,1251.0,1268.0,1234.0,1242.0,17400,-1.0,-1.0,-1.0
2021/07/21,1264.0,1264.0,1237.0,1238.0,5900,-1.0,-1.0,-1.0
2021/07/26,1258.0,1258.0,1247.0,1248.0,3800,-1.0,-1.0,-1.0
2021/07/27,1250.0,1250.0,1237.0,1237.0,7400,-1.0,-1.0,-1.0
2021/07/28,1237.0,1237.0,1228.0,1233.0,8600,-1.0,-1.0,-1.0
2021/07/29,1235.0,1240.0,1228.0,1237.0,4200,-1.0,-1.0,-1.0
2021/07/30,1233.0,1240.0,1228.0,1233.0,9600,-1.0,-1.0,-1.0
2021/08/02,1233.0,1255.0,1231.0,1244.0,59400,-1.0,-1.0,-1.0
2021/08/03,1249.0,1291.0,1247.0,1266.0,7700,-1.0,-1.0,-1.0
2021/08/04,1266.0,1295.0,1266.0,1277.0,8700,-1.0,-1.0,-1.0
2021/08/05,1277.0,1290.0,1255.0,1277.0,8600,-1.0,-1.0,-1.0
2021/08/06,1277.0,1286.0,1260.0,1260.0,7700,-1.0,-1.0,-1.0
2021/08/10,1260.0,1290.0,1255.0,1267.0,10600,-1.0,-1.0,-1.0
2021/08/11,1166.0,1206.0,1160.0,1183.0,43600,-1.0,-1.0,-1.0
2021/08/12,1200.0,1236.0,1189.0,1207.0,12300,-1.0,-1.0,-1.0
2021/08/13,1228.0,1236.0,1200.0,1200.0,6900,-1.0,-1.0,-1.0
2021/08/16,1210.0,1210.0,1197.0,1198.0,6800,-1.0,-1.0,-1.0
2021/08/17,1198.0,1205.0,1143.0,1153.0,21900,-1.0,-1.0,-1.0
2021/08/18,1154.0,1185.0,1153.0,1185.0,8800,-1.0,-1.0,-1.0
2021/08/19,1170.0,1183.0,1169.0,1170.0,2200,-1.0,-1.0,-1.0
2021/08/20,1170.0,1199.0,1170.0,1172.0,5100,-1.0,-1.0,-1.0
2021/08/23,1172.0,1200.0,1164.0,1167.0,9100,-1.0,-1.0,-1.0
2021/08/24,1175.0,1194.0,1175.0,1193.0,9300,-1.0,-1.0,-1.0
2021/08/25,1199.0,1199.0,1188.0,1188.0,5900,-1.0,-1.0,-1.0
2021/08/26,1200.0,1210.0,1196.0,1196.0,10400,-1.0,-1.0,-1.0
2021/08/27,1197.0,1210.0,1196.0,1196.0,3100,-1.0,-1.0,-1.0
2021/08/30,1207.0,1211.0,1196.0,1202.0,5700,-1.0,-1.0,-1.0
2021/08/31,1210.0,1210.0,1202.0,1210.0,4300,-1.0,-1.0,-1.0
2021/09/01,1217.0,1223.0,1205.0,1209.0,7600,-1.0,-1.0,-1.0
2021/09/02,1207.0,1215.0,1193.0,1203.0,8100,-1.0,-1.0,-1.0
2021/09/03,1214.0,1215.0,1199.0,1206.0,11800,-1.0,-1.0,-1.0
2021/09/06,1207.0,1220.0,1200.0,1220.0,15200,-1.0,-1.0,-1.0
2021/09/07,1227.0,1227.0,1200.0,1217.0,9200,-1.0,-1.0,-1.0
2021/09/08,1217.0,1217.0,1202.0,1216.0,7600,-1.0,-1.0,-1.0
2021/09/09,1212.0,1216.0,1202.0,1206.0,5200,-1.0,-1.0,-1.0
2021/09/10,1221.0,1222.0,1202.0,1213.0,4400,-1.0,-1.0,-1.0
2021/09/13,1206.0,1222.0,1206.0,1213.0,5000,-1.0,-1.0,-1.0
2021/09/14,1213.0,1229.0,1212.0,1228.0,5500,-1.0,-1.0,-1.0
2021/09/15,1213.0,1220.0,1194.0,1198.0,15800,-1.0,-1.0,-1.0
2021/09/16,1199.0,1215.0,1198.0,1209.0,3500,-1.0,-1.0,-1.0
2021/09/17,1202.0,1217.0,1200.0,1204.0,5600,-1.0,-1.0,-1.0
2021/09/21,1194.0,1205.0,1194.0,1199.0,7000,-1.0,-1.0,-1.0
2021/09/22,1204.0,1215.0,1197.0,1201.0,4800,-1.0,-1.0,-1.0
2021/09/24,1210.0,1210.0,1194.0,1199.0,8400,-1.0,-1.0,-1.0
2021/09/27,1201.0,1210.0,1201.0,1210.0,8400,-1.0,-1.0,-1.0
2021/09/28,1210.0,1210.0,1203.0,1203.0,600,-1.0,-1.0,-1.0
2021/09/29,1203.0,1207.0,1192.0,1206.0,4900,-1.0,-1.0,-1.0
2021/09/30,1203.0,1210.0,1200.0,1206.0,3700,-1.0,-1.0,-1.0
2021/10/01,1206.0,1211.0,1200.0,1210.0,4600,-1.0,-1.0,-1.0
2021/10/04,1210.0,1210.0,1168.0,1168.0,12300,-1.0,-1.0,-1.0
2021/10/05,1169.0,1172.0,1141.0,1155.0,5900,-1.0,-1.0,-1.0
2021/10/06,1169.0,1190.0,1166.0,1171.0,4800,-1.0,-1.0,-1.0
2021/10/07,1171.0,1180.0,1158.0,1180.0,7200,-1.0,-1.0,-1.0
2021/10/08,1181.0,1181.0,1175.0,1179.0,1600,-1.0,-1.0,-1.0
2021/10/11,1183.0,1188.0,1183.0,1183.0,2400,-1.0,-1.0,-1.0
2021/10/12,1179.0,1191.0,1179.0,1185.0,1700,-1.0,-1.0,-1.0
2021/10/13,1189.0,1192.0,1183.0,1183.0,1400,-1.0,-1.0,-1.0
2021/10/14,1185.0,1190.0,1185.0,1190.0,200,-1.0,-1.0,-1.0
2021/10/15,1189.0,1198.0,1185.0,1190.0,7900,-1.0,-1.0,-1.0
2021/10/18,1187.0,1190.0,1149.0,1159.0,18400,-1.0,-1.0,-1.0
2021/10/19,1159.0,1159.0,1140.0,1145.0,7300,-1.0,-1.0,-1.0
2021/10/20,1147.0,1155.0,1147.0,1155.0,300,-1.0,-1.0,-1.0
2021/10/21,1155.0,1155.0,1145.0,1146.0,5700,-1.0,-1.0,-1.0
2021/10/22,1146.0,1155.0,1146.0,1153.0,2400,-1.0,-1.0,-1.0
2021/10/25,1175.0,1175.0,1154.0,1170.0,1500,-1.0,-1.0,-1.0
2021/10/26,1167.0,1174.0,1153.0,1161.0,3200,-1.0,-1.0,-1.0
2021/10/27,1165.0,1171.0,1154.0,1154.0,2200,-1.0,-1.0,-1.0
2021/10/28,1156.0,1156.0,1133.0,1135.0,7900,-1.0,-1.0,-1.0
2021/10/29,1151.0,1152.0,1139.0,1149.0,4700,-1.0,-1.0,-1.0
2021/11/01,1149.0,1155.0,1136.0,1137.0,4400,-1.0,-1.0,-1.0
2021/11/02,1137.0,1153.0,1137.0,1153.0,2900,-1.0,-1.0,-1.0
2021/11/04,1154.0,1165.0,1142.0,1153.0,4600,-1.0,-1.0,-1.0
2021/11/05,1160.0,1160.0,1148.0,1153.0,3000,-1.0,-1.0,-1.0
2021/11/08,1156.0,1156.0,1130.0,1149.0,7500,-1.0,-1.0,-1.0
2021/11/09,1149.0,1150.0,1133.0,1133.0,3900,-1.0,-1.0,-1.0
2021/11/10,1133.0,1135.0,1131.0,1132.0,4000,-1.0,-1.0,-1.0
2021/11/11,1129.0,1129.0,1112.0,1112.0,3400,-1.0,-1.0,-1.0
2021/11/12,1112.0,1113.0,1101.0,1107.0,6300,-1.0,-1.0,-1.0
2021/11/15,1121.0,1139.0,1107.0,1108.0,5500,-1.0,-1.0,-1.0
2021/11/16,1109.0,1111.0,1080.0,1094.0,14400,-1.0,-1.0,-1.0
2021/11/17,1100.0,1110.0,1076.0,1093.0,8500,-1.0,-1.0,-1.0
2021/11/18,1080.0,1086.0,1067.0,1071.0,11400,-1.0,-1.0,-1.0
2021/11/19,1080.0,1100.0,1076.0,1100.0,17800,-1.0,-1.0,-1.0
2021/11/22,1115.0,1122.0,1108.0,1113.0,19100,-1.0,-1.0,-1.0
2021/11/24,1113.0,1126.0,1110.0,1124.0,8400,-1.0,-1.0,-1.0
2021/11/25,1128.0,1145.0,1118.0,1139.0,12100,-1.0,-1.0,-1.0
2021/11/26,1130.0,1130.0,1119.0,1119.0,2900,-1.0,-1.0,-1.0
2021/11/29,1119.0,1139.0,1103.0,1103.0,4600,-1.0,-1.0,-1.0
2021/11/30,1105.0,1135.0,1105.0,1111.0,24300,-1.0,-1.0,-1.0
2021/12/01,1110.0,1120.0,1100.0,1114.0,6900,-1.0,-1.0,-1.0
2021/12/02,1114.0,1120.0,1112.0,1112.0,4300,-1.0,-1.0,-1.0
2021/12/03,1117.0,1117.0,1097.0,1116.0,2800,-1.0,-1.0,-1.0
2021/12/06,1086.0,1112.0,1086.0,1107.0,5000,-1.0,-1.0,-1.0
2021/12/07,1109.0,1143.0,1102.0,1124.0,10400,-1.0,-1.0,-1.0
2021/12/08,1130.0,1135.0,1124.0,1129.0,16100,-1.0,-1.0,-1.0
2021/12/09,1130.0,1135.0,1117.0,1119.0,10700,-1.0,-1.0,-1.0
2021/12/10,1120.0,1122.0,1110.0,1110.0,5000,-1.0,-1.0,-1.0
2021/12/13,1113.0,1123.0,1110.0,1123.0,8900,-1.0,-1.0,-1.0
2021/12/14,1096.0,1120.0,1096.0,1098.0,4200,-1.0,-1.0,-1.0
2021/12/15,1099.0,1105.0,1099.0,1099.0,7400,-1.0,-1.0,-1.0
2021/12/16,1103.0,1111.0,1082.0,1090.0,7000,-1.0,-1.0,-1.0
2021/12/17,1083.0,1103.0,1082.0,1099.0,6900,-1.0,-1.0,-1.0
2021/12/20,1092.0,1100.0,1090.0,1090.0,4800,-1.0,-1.0,-1.0
2021/12/21,1093.0,1094.0,1082.0,1087.0,8200,-1.0,-1.0,-1.0
2021/12/22,1088.0,1097.0,1083.0,1090.0,6600,-1.0,-1.0,-1.0
2021/12/23,1090.0,1090.0,1081.0,1084.0,9000,-1.0,-1.0,-1.0
2021/12/24,1084.0,1084.0,1080.0,1084.0,13000,-1.0,-1.0,-1.0
2021/12/27,1074.0,1074.0,1054.0,1054.0,10200,-1.0,-1.0,-1.0
2021/12/28,1054.0,1084.0,1052.0,1065.0,18700,-1.0,-1.0,-1.0
2021/12/29,1065.0,1077.0,1055.0,1055.0,5100,-1.0,-1.0,-1.0
2021/12/30,1055.0,1074.0,1055.0,1071.0,3300,-1.0,-1.0,-1.0
2022/01/04,1072.0,1087.0,1071.0,1078.0,4100,-1.0,-1.0,-1.0
2022/01/05,1080.0,1088.0,1062.0,1062.0,3800,-1.0,-1.0,-1.0
2022/01/06,1078.0,1084.0,1063.0,1063.0,8100,-1.0,-1.0,-1.0
2022/01/07,1063.0,1075.0,1062.0,1068.0,7800,-1.0,-1.0,-1.0
2022/01/11,1066.0,1080.0,1065.0,1067.0,7500,-1.0,-1.0,-1.0
2022/01/12,1075.0,1085.0,1068.0,1070.0,10300,-1.0,-1.0,-1.0
2022/01/13,1078.0,1081.0,1070.0,1077.0,9300,-1.0,-1.0,-1.0
2022/01/14,1069.0,1085.0,1069.0,1070.0,54100,-1.0,-1.0,-1.0
2022/01/17,1085.0,1090.0,1070.0,1077.0,8900,-1.0,-1.0,-1.0
2022/01/18,1078.0,1083.0,1070.0,1070.0,3700,-1.0,-1.0,-1.0
2022/01/19,1070.0,1070.0,1060.0,1060.0,4600,-1.0,-1.0,-1.0
2022/01/20,1053.0,1070.0,1053.0,1070.0,2200,-1.0,-1.0,-1.0
2022/01/21,1064.0,1070.0,1053.0,1070.0,4100,-1.0,-1.0,-1.0
2022/01/24,1070.0,1075.0,1067.0,1075.0,7300,-1.0,-1.0,-1.0
2022/01/25,1095.0,1095.0,1067.0,1070.0,7700,-1.0,-1.0,-1.0
2022/01/26,1070.0,1076.0,1070.0,1074.0,3100,-1.0,-1.0,-1.0
2022/01/27,1088.0,1088.0,1061.0,1061.0,7000,-1.0,-1.0,-1.0
2022/01/28,1088.0,1088.0,1064.0,1064.0,4200,-1.0,-1.0,-1.0
2022/01/31,1073.0,1090.0,1070.0,1072.0,4400,-1.0,-1.0,-1.0
2022/02/01,1073.0,1085.0,1070.0,1070.0,3500,-1.0,-1.0,-1.0
2022/02/02,1079.0,1080.0,1065.0,1080.0,2100,-1.0,-1.0,-1.0
2022/02/03,1093.0,1093.0,1068.0,1068.0,4000,-1.0,-1.0,-1.0
2022/02/04,1071.0,1082.0,1064.0,1070.0,2900,-1.0,-1.0,-1.0
2022/02/07,1076.0,1103.0,1073.0,1073.0,6300,-1.0,-1.0,-1.0
2022/02/08,1099.0,1099.0,1076.0,1083.0,5400,-1.0,-1.0,-1.0
2022/02/09,1094.0,1094.0,1076.0,1086.0,6200,-1.0,-1.0,-1.0
2022/02/10,1090.0,1100.0,1071.0,1080.0,6200,-1.0,-1.0,-1.0
2022/02/14,1057.0,1080.0,1057.0,1057.0,4600,-1.0,-1.0,-1.0
2022/02/15,1057.0,1074.0,1057.0,1058.0,4200,-1.0,-1.0,-1.0
2022/02/16,1074.0,1074.0,1065.0,1065.0,2000,-1.0,-1.0,-1.0
2022/02/17,1065.0,1076.0,1060.0,1075.0,13600,-1.0,-1.0,-1.0
2022/02/18,1060.0,1085.0,1060.0,1067.0,7700,-1.0,-1.0,-1.0
2022/02/21,1067.0,1072.0,1066.0,1067.0,2600,-1.0,-1.0,-1.0
2022/02/22,1070.0,1080.0,1068.0,1070.0,6900,-1.0,-1.0,-1.0
2022/02/24,1078.0,1078.0,1061.0,1062.0,2200,-1.0,-1.0,-1.0
2022/02/25,1062.0,1075.0,1057.0,1063.0,3200,-1.0,-1.0,-1.0
2022/02/28,1069.0,1087.0,1060.0,1080.0,6300,-1.0,-1.0,-1.0
2022/03/01,1080.0,1090.0,1069.0,1073.0,6600,-1.0,-1.0,-1.0
2022/03/02,1087.0,1098.0,1070.0,1086.0,5000,-1.0,-1.0,-1.0
2022/03/03,1086.0,1104.0,1073.0,1073.0,6500,-1.0,-1.0,-1.0
2022/03/04,1073.0,1101.0,1065.0,1101.0,2500,-1.0,-1.0,-1.0
2022/03/07,1101.0,1101.0,1072.0,1090.0,8400,-1.0,-1.0,-1.0
2022/03/08,1065.0,1075.0,1059.0,1075.0,4300,-1.0,-1.0,-1.0
2022/03/09,1075.0,1075.0,1056.0,1059.0,4200,-1.0,-1.0,-1.0
2022/03/10,1065.0,1087.0,1061.0,1061.0,5000,-1.0,-1.0,-1.0
2022/03/11,1065.0,1075.0,1061.0,1075.0,5600,-1.0,-1.0,-1.0
2022/03/14,1086.0,1086.0,1068.0,1068.0,4200,-1.0,-1.0,-1.0
2022/03/15,1079.0,1090.0,1068.0,1080.0,3300,-1.0,-1.0,-1.0
2022/03/16,1099.0,1101.0,1081.0,1086.0,4300,-1.0,-1.0,-1.0
2022/03/17,1100.0,1105.0,1080.0,1105.0,4800,-1.0,-1.0,-1.0
2022/03/18,1090.0,1100.0,1087.0,1089.0,2400,-1.0,-1.0,-1.0
2022/03/22,1089.0,1100.0,1081.0,1082.0,6000,-1.0,-1.0,-1.0
2022/03/23,1096.0,1111.0,1080.0,1085.0,8300,-1.0,-1.0,-1.0
2022/03/24,1085.0,1103.0,1083.0,1083.0,2600,-1.0,-1.0,-1.0
2022/03/25,1113.0,1113.0,1087.0,1102.0,8200,-1.0,-1.0,-1.0
2022/03/28,1100.0,1102.0,1084.0,1085.0,4600,-1.0,-1.0,-1.0
2022/03/29,1087.0,1100.0,1083.0,1087.0,5500,-1.0,-1.0,-1.0
2022/03/30,1092.0,1100.0,1080.0,1089.0,4400,-1.0,-1.0,-1.0
2022/03/31,1089.0,1089.0,1070.0,1083.0,3400,-1.0,-1.0,-1.0
2022/04/01,1083.0,1083.0,1071.0,1080.0,2500,-1.0,-1.0,-1.0
2022/04/04,1089.0,1089.0,1080.0,1089.0,4100,-1.0,-1.0,-1.0
2022/04/05,1102.0,1102.0,1075.0,1097.0,3400,-1.0,-1.0,-1.0
2022/04/06,1097.0,1100.0,1087.0,1087.0,4400,-1.0,-1.0,-1.0
2022/04/07,1087.0,1110.0,1087.0,1087.0,6600,-1.0,-1.0,-1.0
2022/04/08,1090.0,1113.0,1088.0,1099.0,7100,-1.0,-1.0,-1.0
2022/04/11,1114.0,1114.0,1099.0,1100.0,6800,-1.0,-1.0,-1.0
2022/04/12,1102.0,1102.0,1089.0,1102.0,1200,-1.0,-1.0,-1.0
2022/04/13,1105.0,1105.0,1080.0,1080.0,9700,-1.0,-1.0,-1.0
2022/04/14,1094.0,1100.0,1094.0,1097.0,700,-1.0,-1.0,-1.0
2022/04/15,1106.0,1110.0,1080.0,1081.0,8000,-1.0,-1.0,-1.0
2022/04/18,1250.0,1381.0,1218.0,1241.0,323200,-1.0,-1.0,-1.0
2022/04/19,1231.0,1251.0,1169.0,1181.0,79900,-1.0,-1.0,-1.0
2022/04/20,1175.0,1175.0,1144.0,1158.0,79000,-1.0,-1.0,-1.0
2022/04/21,1158.0,1158.0,1122.0,1126.0,39900,-1.0,-1.0,-1.0
2022/04/22,1125.0,1158.0,1119.0,1123.0,17600,-1.0,-1.0,-1.0
2022/04/25,1123.0,1137.0,1107.0,1134.0,15500,-1.0,-1.0,-1.0
2022/04/26,1134.0,1156.0,1127.0,1133.0,12800,-1.0,-1.0,-1.0
2022/04/27,1113.0,1138.0,1111.0,1138.0,8700,-1.0,-1.0,-1.0
2022/04/28,1137.0,1138.0,1114.0,1125.0,7200,-1.0,-1.0,-1.0
2022/05/02,1125.0,1145.0,1120.0,1145.0,7800,-1.0,-1.0,-1.0
2022/05/06,1143.0,1150.0,1134.0,1150.0,9600,-1.0,-1.0,-1.0
2022/05/09,1150.0,1150.0,1123.0,1126.0,13800,-1.0,-1.0,-1.0
2022/05/10,1126.0,1147.0,1118.0,1147.0,4700,-1.0,-1.0,-1.0
2022/05/11,1146.0,1159.0,1131.0,1149.0,10900,-1.0,-1.0,-1.0
2022/05/12,1130.0,1130.0,1110.0,1110.0,13400,-1.0,-1.0,-1.0
2022/05/13,1110.0,1140.0,1105.0,1115.0,17700,-1.0,-1.0,-1.0
2022/05/16,1110.0,1116.0,1081.0,1081.0,27700,-1.0,-1.0,-1.0
2022/05/17,1080.0,1088.0,1050.0,1068.0,20300,-1.0,-1.0,-1.0
2022/05/18,1068.0,1069.0,1048.0,1053.0,16300,-1.0,-1.0,-1.0
2022/05/19,1045.0,1076.0,1045.0,1056.0,9400,-1.0,-1.0,-1.0
2022/05/20,1056.0,1061.0,1045.0,1051.0,8200,-1.0,-1.0,-1.0
2022/05/23,1051.0,1064.0,1042.0,1062.0,8500,-1.0,-1.0,-1.0
2022/05/24,1064.0,1064.0,1050.0,1051.0,5400,-1.0,-1.0,-1.0
2022/05/25,1069.0,1069.0,1057.0,1061.0,3300,-1.0,-1.0,-1.0
2022/05/26,1061.0,1071.0,1052.0,1061.0,7300,-1.0,-1.0,-1.0
2022/05/27,1067.0,1067.0,1062.0,1063.0,1400,-1.0,-1.0,-1.0
2022/05/30,1068.0,1076.0,1063.0,1076.0,7300,-1.0,-1.0,-1.0
2022/05/31,1076.0,1080.0,1067.0,1080.0,4700,-1.0,-1.0,-1.0
2022/06/01,1083.0,1104.0,1082.0,1089.0,5800,-1.0,-1.0,-1.0
2022/06/02,1088.0,1088.0,1067.0,1088.0,5900,-1.0,-1.0,-1.0
2022/06/03,1088.0,1088.0,1087.0,1087.0,7400,-1.0,-1.0,-1.0
2022/06/06,1077.0,1091.0,1071.0,1089.0,5100,-1.0,-1.0,-1.0
2022/06/07,1075.0,1085.0,1075.0,1077.0,3700,-1.0,-1.0,-1.0
2022/06/08,1087.0,1100.0,1077.0,1080.0,11400,-1.0,-1.0,-1.0
2022/06/09,1080.0,1094.0,1077.0,1077.0,6400,-1.0,-1.0,-1.0
2022/06/10,1083.0,1093.0,1081.0,1081.0,5300,-1.0,-1.0,-1.0
2022/06/13,1081.0,1095.0,1075.0,1091.0,6200,-1.0,-1.0,-1.0
2022/06/14,1088.0,1095.0,1074.0,1090.0,5900,-1.0,-1.0,-1.0
2022/06/15,1081.0,1094.0,1065.0,1094.0,11100,-1.0,-1.0,-1.0
2022/06/16,1090.0,1090.0,1072.0,1075.0,34800,-1.0,-1.0,-1.0
2022/06/17,1075.0,1075.0,1050.0,1052.0,6900,-1.0,-1.0,-1.0
2022/06/20,1052.0,1066.0,1042.0,1048.0,5600,-1.0,-1.0,-1.0
2022/06/21,1048.0,1060.0,1046.0,1060.0,3800,-1.0,-1.0,-1.0
2022/06/22,1061.0,1065.0,1060.0,1060.0,1000,-1.0,-1.0,-1.0
2022/06/23,1062.0,1069.0,1060.0,1064.0,1800,-1.0,-1.0,-1.0
2022/06/24,1064.0,1071.0,1060.0,1071.0,3900,-1.0,-1.0,-1.0
2022/06/27,1087.0,1089.0,1075.0,1077.0,5300,-1.0,-1.0,-1.0
2022/06/28,1073.0,1079.0,1071.0,1071.0,4000,-1.0,-1.0,-1.0
2022/06/29,1071.0,1080.0,1071.0,1074.0,2400,-1.0,-1.0,-1.0
2022/06/30,1080.0,1080.0,1066.0,1070.0,3000,-1.0,-1.0,-1.0
2022/07/01,1077.0,1081.0,1065.0,1070.0,2200,-1.0,-1.0,-1.0
2022/07/04,1070.0,1079.0,1064.0,1064.0,600,-1.0,-1.0,-1.0
2022/07/05,1075.0,1075.0,1064.0,1067.0,1400,-1.0,-1.0,-1.0
2022/07/06,1071.0,1082.0,1060.0,1063.0,3600,-1.0,-1.0,-1.0
2022/07/07,1063.0,1070.0,1059.0,1059.0,4300,-1.0,-1.0,-1.0
2022/07/08,1063.0,1071.0,1061.0,1061.0,2200,-1.0,-1.0,-1.0
2022/07/11,1071.0,1074.0,1066.0,1066.0,4000,-1.0,-1.0,-1.0
2022/07/12,1066.0,1074.0,1062.0,1062.0,1600,-1.0,-1.0,-1.0
2022/07/13,1064.0,1071.0,1063.0,1071.0,3000,-1.0,-1.0,-1.0
2022/07/14,1066.0,1066.0,1060.0,1061.0,1400,-1.0,-1.0,-1.0
2022/07/15,1061.0,1061.0,1055.0,1061.0,4000,-1.0,-1.0,-1.0
2022/07/19,1067.0,1067.0,1056.0,1059.0,2100,-1.0,-1.0,-1.0
2022/07/20,1067.0,1074.0,1063.0,1073.0,4800,-1.0,-1.0,-1.0
2022/07/21,1062.0,1079.0,1062.0,1072.0,4600,-1.0,-1.0,-1.0
2022/07/22,1072.0,1080.0,1072.0,1080.0,1600,-1.0,-1.0,-1.0
2022/07/25,1081.0,1081.0,1074.0,1075.0,5800,-1.0,-1.0,-1.0
2022/07/26,1080.0,1085.0,1073.0,1083.0,2500,-1.0,-1.0,-1.0
2022/07/27,1080.0,1085.0,1070.0,1085.0,5000,-1.0,-1.0,-1.0
2022/07/28,1085.0,1085.0,1071.0,1071.0,3300,-1.0,-1.0,-1.0
2022/07/29,1072.0,1085.0,1072.0,1072.0,1800,-1.0,-1.0,-1.0
2022/08/01,1076.0,1076.0,1071.0,1074.0,5600,-1.0,-1.0,-1.0
2022/08/02,1071.0,1079.0,1071.0,1079.0,1800,-1.0,-1.0,-1.0
2022/08/03,1081.0,1081.0,1072.0,1079.0,2900,-1.0,-1.0,-1.0
2022/08/04,1080.0,1082.0,1079.0,1080.0,2800,-1.0,-1.0,-1.0
2022/08/05,1082.0,1084.0,1073.0,1080.0,5400,-1.0,-1.0,-1.0
2022/08/08,1075.0,1083.0,1075.0,1075.0,2500,-1.0,-1.0,-1.0
2022/08/09,1085.0,1085.0,1077.0,1077.0,5700,-1.0,-1.0,-1.0
2022/08/10,1081.0,1085.0,1067.0,1067.0,8500,-1.0,-1.0,-1.0
2022/08/12,1127.0,1136.0,1088.0,1088.0,49800,-1.0,-1.0,-1.0
2022/08/15,1091.0,1097.0,1087.0,1090.0,21900,-1.0,-1.0,-1.0
2022/08/16,1096.0,1100.0,1088.0,1091.0,19200,-1.0,-1.0,-1.0
2022/08/17,1100.0,1114.0,1095.0,1112.0,10700,-1.0,-1.0,-1.0
2022/08/18,1112.0,1129.0,1106.0,1114.0,15900,-1.0,-1.0,-1.0
2022/08/19,1118.0,1130.0,1102.0,1130.0,27500,-1.0,-1.0,-1.0
2022/08/22,1128.0,1196.0,1101.0,1174.0,88300,-1.0,-1.0,-1.0
2022/08/23,1174.0,1194.0,1130.0,1182.0,55500,-1.0,-1.0,-1.0
2022/08/24,1181.0,1208.0,1151.0,1168.0,46900,-1.0,-1.0,-1.0
2022/08/25,1169.0,1200.0,1139.0,1154.0,58200,-1.0,-1.0,-1.0
2022/08/26,1154.0,1170.0,1140.0,1160.0,11600,-1.0,-1.0,-1.0
2022/08/29,1143.0,1150.0,1123.0,1135.0,16900,-1.0,-1.0,-1.0
2022/08/30,1135.0,1148.0,1130.0,1133.0,13600,-1.0,-1.0,-1.0
2022/08/31,1135.0,1156.0,1135.0,1137.0,20200,-1.0,-1.0,-1.0
2022/09/01,1129.0,1137.0,1122.0,1137.0,8000,-1.0,-1.0,-1.0
2022/09/02,1140.0,1140.0,1111.0,1137.0,16400,-1.0,-1.0,-1.0
2022/09/05,1140.0,1157.0,1137.0,1155.0,4100,-1.0,-1.0,-1.0
2022/09/06,1155.0,1155.0,1124.0,1140.0,7500,-1.0,-1.0,-1.0
2022/09/07,1133.0,1140.0,1088.0,1140.0,30800,-1.0,-1.0,-1.0
2022/09/08,1142.0,1142.0,1129.0,1136.0,3000,-1.0,-1.0,-1.0
2022/09/09,1150.0,1155.0,1141.0,1141.0,8200,-1.0,-1.0,-1.0
2022/09/12,1152.0,1157.0,1134.0,1134.0,7400,-1.0,-1.0,-1.0
2022/09/13,1140.0,1144.0,1122.0,1126.0,7200,-1.0,-1.0,-1.0
2022/09/14,1112.0,1115.0,1101.0,1115.0,15900,-1.0,-1.0,-1.0
2022/09/15,1115.0,1115.0,1100.0,1110.0,10700,-1.0,-1.0,-1.0
2022/09/16,1110.0,1111.0,1083.0,1098.0,14200,-1.0,-1.0,-1.0
2022/09/20,1095.0,1095.0,1065.0,1066.0,24200,-1.0,-1.0,-1.0
2022/09/21,1066.0,1098.0,1062.0,1098.0,7300,-1.0,-1.0,-1.0
2022/09/22,1088.0,1090.0,1067.0,1090.0,5900,-1.0,-1.0,-1.0
2022/09/26,1075.0,1081.0,1054.0,1054.0,17200,-1.0,-1.0,-1.0
2022/09/27,1055.0,1055.0,1012.0,1027.0,29000,-1.0,-1.0,-1.0
2022/09/28,1018.0,1025.0,1000.0,1007.0,15800,-1.0,-1.0,-1.0
2022/09/29,1017.0,1029.0,998.0,1018.0,9300,-1.0,-1.0,-1.0
2022/09/30,997.0,1024.0,969.0,987.0,33200,-1.0,-1.0,-1.0
2022/10/03,987.0,1000.0,970.0,989.0,13900,-1.0,-1.0,-1.0
2022/10/04,989.0,1008.0,989.0,1008.0,9900,-1.0,-1.0,-1.0
2022/10/05,1008.0,1030.0,1000.0,1004.0,8400,-1.0,-1.0,-1.0
2022/10/06,999.0,1015.0,999.0,1006.0,2100,-1.0,-1.0,-1.0
2022/10/07,1016.0,1016.0,1004.0,1004.0,4400,-1.0,-1.0,-1.0
2022/10/11,1006.0,1006.0,990.0,990.0,5700,-1.0,-1.0,-1.0
2022/10/12,995.0,1000.0,992.0,1000.0,2700,-1.0,-1.0,-1.0
2022/10/13,1000.0,1003.0,983.0,990.0,8700,-1.0,-1.0,-1.0
2022/10/14,992.0,999.0,990.0,998.0,5200,-1.0,-1.0,-1.0
2022/10/17,998.0,998.0,989.0,995.0,6300,-1.0,-1.0,-1.0
2022/10/18,990.0,998.0,986.0,998.0,3500,-1.0,-1.0,-1.0
2022/10/19,995.0,1000.0,991.0,999.0,4800,-1.0,-1.0,-1.0
2022/10/20,999.0,1018.0,999.0,1011.0,4000,-1.0,-1.0,-1.0
2022/10/21,1011.0,1018.0,1000.0,1006.0,5400,-1.0,-1.0,-1.0
2022/10/24,1006.0,1006.0,1000.0,1000.0,3500,-1.0,-1.0,-1.0
2022/10/25,1004.0,1004.0,997.0,1004.0,5800,-1.0,-1.0,-1.0
2022/10/26,1000.0,1008.0,1000.0,1008.0,3200,-1.0,-1.0,-1.0
2022/10/27,1007.0,1014.0,1005.0,1008.0,5000,-1.0,-1.0,-1.0
2022/10/28,1001.0,1014.0,1001.0,1014.0,2400,-1.0,-1.0,-1.0
2022/10/31,1018.0,1020.0,1005.0,1017.0,2200,-1.0,-1.0,-1.0
2022/11/01,1017.0,1029.0,1013.0,1018.0,1800,-1.0,-1.0,-1.0
2022/11/02,1024.0,1060.0,1015.0,1019.0,16400,-1.0,-1.0,-1.0
2022/11/04,1022.0,1040.0,1022.0,1028.0,1800,-1.0,-1.0,-1.0
2022/11/07,1040.0,1040.0,1011.0,1014.0,800,-1.0,-1.0,-1.0
2022/11/08,1035.0,1035.0,1010.0,1017.0,3800,-1.0,-1.0,-1.0
2022/11/09,1017.0,1022.0,1017.0,1022.0,1100,-1.0,-1.0,-1.0
2022/11/10,1010.0,1021.0,1010.0,1014.0,6300,-1.0,-1.0,-1.0
2022/11/11,1035.0,1038.0,1009.0,1034.0,15600,-1.0,-1.0,-1.0
2022/11/14,1067.0,1070.0,1035.0,1066.0,43300,-1.0,-1.0,-1.0
2022/11/15,1066.0,1066.0,1041.0,1060.0,9800,-1.0,-1.0,-1.0
2022/11/16,1055.0,1069.0,1049.0,1054.0,15600,-1.0,-1.0,-1.0
2022/11/17,1052.0,1062.0,1049.0,1060.0,7900,-1.0,-1.0,-1.0
2022/11/18,1060.0,1095.0,1060.0,1095.0,9800,-1.0,-1.0,-1.0
2022/11/21,1090.0,1102.0,1087.0,1088.0,16100,-1.0,-1.0,-1.0
2022/11/22,1088.0,1107.0,1088.0,1107.0,12200,-1.0,-1.0,-1.0
2022/11/24,1110.0,1144.0,1110.0,1143.0,28900,-1.0,-1.0,-1.0
2022/11/25,1150.0,1150.0,1117.0,1117.0,20700,-1.0,-1.0,-1.0
2022/11/28,1111.0,1129.0,1101.0,1109.0,7500,-1.0,-1.0,-1.0
2022/11/29,1120.0,1120.0,1105.0,1115.0,4200,-1.0,-1.0,-1.0
2022/11/30,1114.0,1114.0,1091.0,1100.0,6700,-1.0,-1.0,-1.0
2022/12/01,1111.0,1111.0,1053.0,1076.0,14800,-1.0,-1.0,-1.0
2022/12/02,1077.0,1077.0,1055.0,1059.0,7500,-1.0,-1.0,-1.0
2022/12/05,1059.0,1065.0,1048.0,1059.0,16900,-1.0,-1.0,-1.0
2022/12/06,1054.0,1054.0,1043.0,1043.0,3400,-1.0,-1.0,-1.0
2022/12/07,1063.0,1063.0,1031.0,1050.0,65600,-1.0,-1.0,-1.0
2022/12/08,1049.0,1049.0,1037.0,1045.0,1600,-1.0,-1.0,-1.0
2022/12/09,1068.0,1070.0,1037.0,1047.0,9100,-1.0,-1.0,-1.0
2022/12/12,1040.0,1050.0,1040.0,1050.0,1800,-1.0,-1.0,-1.0
2022/12/13,1050.0,1055.0,1033.0,1051.0,6400,-1.0,-1.0,-1.0
2022/12/14,1043.0,1065.0,1042.0,1047.0,2500,-1.0,-1.0,-1.0
2022/12/15,1040.0,1060.0,1040.0,1059.0,11800,-1.0,-1.0,-1.0
2022/12/16,1044.0,1048.0,1044.0,1046.0,9500,-1.0,-1.0,-1.0
2022/12/19,1046.0,1058.0,1043.0,1058.0,3300,-1.0,-1.0,-1.0
2022/12/20,1069.0,1069.0,1018.0,1018.0,28600,-1.0,-1.0,-1.0
2022/12/21,1019.0,1033.0,1019.0,1028.0,5700,-1.0,-1.0,-1.0
2022/12/22,1032.0,1036.0,1002.0,1015.0,10400,-1.0,-1.0,-1.0
2022/12/23,1025.0,1025.0,1011.0,1015.0,3600,-1.0,-1.0,-1.0
2022/12/26,1010.0,1013.0,1002.0,1002.0,16500,-1.0,-1.0,-1.0
2022/12/27,1003.0,1016.0,1001.0,1010.0,9000,-1.0,-1.0,-1.0
2022/12/28,1010.0,1039.0,1010.0,1023.0,5900,-1.0,-1.0,-1.0
2022/12/29,1018.0,1029.0,1010.0,1011.0,9600,-1.0,-1.0,-1.0
2022/12/30,1012.0,1025.0,1012.0,1025.0,1200,-1.0,-1.0,-1.0
2023/01/04,1031.0,1031.0,1012.0,1012.0,3800,-1.0,-1.0,-1.0
2023/01/05,1013.0,1029.0,1010.0,1011.0,4700,-1.0,-1.0,-1.0
2023/01/06,1011.0,1013.0,1004.0,1012.0,4900,-1.0,-1.0,-1.0
2023/01/10,1011.0,1025.0,1011.0,1014.0,2300,-1.0,-1.0,-1.0
2023/01/11,1014.0,1023.0,1013.0,1019.0,5100,-1.0,-1.0,-1.0
2023/01/12,1019.0,1032.0,1019.0,1021.0,1100,-1.0,-1.0,-1.0
2023/01/13,1032.0,1032.0,1010.0,1022.0,3600,-1.0,-1.0,-1.0
2023/01/16,1031.0,1031.0,1018.0,1023.0,1100,-1.0,-1.0,-1.0
2023/01/17,1031.0,1033.0,1030.0,1030.0,600,-1.0,-1.0,-1.0
2023/01/18,1032.0,1032.0,1016.0,1031.0,5100,-1.0,-1.0,-1.0
2023/01/19,1031.0,1031.0,1022.0,1023.0,900,-1.0,-1.0,-1.0
2023/01/20,1023.0,1029.0,1022.0,1024.0,1000,-1.0,-1.0,-1.0
2023/01/23,1025.0,1030.0,1024.0,1030.0,1100,-1.0,-1.0,-1.0
2023/01/24,1030.0,1037.0,1030.0,1037.0,5000,-1.0,-1.0,-1.0
2023/01/25,1048.0,1053.0,1040.0,1047.0,3900,-1.0,-1.0,-1.0
2023/01/26,1052.0,1084.0,1049.0,1084.0,6900,-1.0,-1.0,-1.0
2023/01/27,1084.0,1086.0,1050.0,1080.0,5300,-1.0,-1.0,-1.0
2023/01/30,1093.0,1093.0,1072.0,1074.0,4100,-1.0,-1.0,-1.0
2023/01/31,1087.0,1087.0,1065.0,1070.0,1100,-1.0,-1.0,-1.0
2023/02/01,1079.0,1081.0,1075.0,1081.0,1000,-1.0,-1.0,-1.0
2023/02/02,1081.0,1095.0,1081.0,1089.0,5000,-1.0,-1.0,-1.0
2023/02/03,1082.0,1089.0,1081.0,1084.0,2400,-1.0,-1.0,-1.0
2023/02/06,1097.0,1379.0,1088.0,1111.0,399100,-1.0,-1.0,-1.0
2023/02/07,1168.0,1264.0,1140.0,1159.0,249100,-1.0,-1.0,-1.0
2023/02/08,1197.0,1197.0,1122.0,1130.0,51100,-1.0,-1.0,-1.0
2023/02/09,1135.0,1244.0,1135.0,1207.0,91300,-1.0,-1.0,-1.0
2023/02/10,1235.0,1241.0,1181.0,1231.0,40100,-1.0,-1.0,-1.0
2023/02/13,1531.0,1531.0,1531.0,1531.0,229300,-1.0,-1.0,-1.0
2023/02/14,1731.0,1909.0,1651.0,1772.0,2740700,-1.0,-1.0,-1.0
2023/02/15,1777.0,1942.0,1733.0,1901.0,678500,-1.0,-1.0,-1.0
2023/02/16,1870.0,1905.0,1755.0,1811.0,526400,-1.0,-1.0,-1.0
2023/02/17,1789.0,1862.0,1696.0,1732.0,387900,-1.0,-1.0,-1.0
2023/02/20,1665.0,1710.0,1606.0,1658.0,335300,-1.0,-1.0,-1.0
2023/02/21,1662.0,1746.0,1620.0,1729.0,190000,-1.0,-1.0,-1.0
2023/02/22,1689.0,1711.0,1646.0,1652.0,82000,-1.0,-1.0,-1.0
2023/02/24,1660.0,1688.0,1581.0,1585.0,113400,-1.0,-1.0,-1.0
2023/02/27,1624.0,1670.0,1585.0,1600.0,94700,-1.0,-1.0,-1.0
2023/02/28,1638.0,1689.0,1630.0,1665.0,94300,-1.0,-1.0,-1.0
2023/03/01,1669.0,1676.0,1616.0,1628.0,62700,-1.0,-1.0,-1.0
2023/03/02,1625.0,1693.0,1610.0,1693.0,73600,-1.0,-1.0,-1.0
2023/03/03,1720.0,1727.0,1681.0,1699.0,91500,-1.0,-1.0,-1.0
2023/03/06,1700.0,1788.0,1695.0,1785.0,90000,-1.0,-1.0,-1.0
2023/03/07,1758.0,1795.0,1743.0,1761.0,46200,-1.0,-1.0,-1.0
2023/03/08,1760.0,1789.0,1741.0,1750.0,50700,-1.0,-1.0,-1.0
2023/03/09,1772.0,1772.0,1616.0,1669.0,126100,-1.0,-1.0,-1.0
2023/03/10,1691.0,1715.0,1633.0,1671.0,89600,-1.0,-1.0,-1.0
2023/03/13,1620.0,1635.0,1586.0,1610.0,119700,-1.0,-1.0,-1.0
2023/03/14,1578.0,1593.0,1510.0,1522.0,138100,-1.0,-1.0,-1.0
2023/03/15,1590.0,1637.0,1543.0,1570.0,118900,-1.0,-1.0,-1.0
2023/03/16,1530.0,1557.0,1515.0,1540.0,47800,-1.0,-1.0,-1.0
2023/03/17,1576.0,1576.0,1475.0,1498.0,153400,-1.0,-1.0,-1.0
2023/03/20,1514.0,1540.0,1417.0,1446.0,152200,-1.0,-1.0,-1.0
2023/03/22,1470.0,1498.0,1452.0,1474.0,76000,-1.0,-1.0,-1.0
2023/03/23,1461.0,1470.0,1433.0,1470.0,44900,-1.0,-1.0,-1.0
2023/03/24,1474.0,1588.0,1468.0,1577.0,131700,-1.0,-1.0,-1.0
2023/03/27,1561.0,1577.0,1515.0,1548.0,85000,-1.0,-1.0,-1.0
2023/03/28,1541.0,1563.0,1491.0,1501.0,48500,-1.0,-1.0,-1.0
2023/03/29,1485.0,1524.0,1485.0,1508.0,34400,-1.0,-1.0,-1.0
2023/03/30,1480.0,1536.0,1472.0,1519.0,26400,-1.0,-1.0,-1.0
2023/03/31,1535.0,1601.0,1535.0,1576.0,61000,-1.0,-1.0,-1.0
2023/04/03,1600.0,1641.0,1566.0,1630.0,54500,-1.0,-1.0,-1.0
2023/04/04,1630.0,1644.0,1599.0,1623.0,42800,-1.0,-1.0,-1.0
2023/04/05,1623.0,1666.0,1577.0,1588.0,190400,-1.0,-1.0,-1.0
2023/04/06,1580.0,1633.0,1575.0,1623.0,73000,-1.0,-1.0,-1.0
2023/04/07,1632.0,1642.0,1569.0,1572.0,50200,-1.0,-1.0,-1.0
2023/04/10,1580.0,1626.0,1568.0,1613.0,49600,-1.0,-1.0,-1.0
2023/04/11,1614.0,1680.0,1604.0,1665.0,84100,-1.0,-1.0,-1.0
2023/04/12,1679.0,1679.0,1616.0,1617.0,60900,-1.0,-1.0,-1.0
2023/04/13,1610.0,1637.0,1580.0,1591.0,40700,-1.0,-1.0,-1.0
2023/04/14,1601.0,1614.0,1562.0,1581.0,60100,-1.0,-1.0,-1.0
2023/04/17,1563.0,1573.0,1526.0,1561.0,51800,-1.0,-1.0,-1.0
2023/04/18,1561.0,1580.0,1542.0,1561.0,22600,-1.0,-1.0,-1.0
2023/04/19,1557.0,1557.0,1507.0,1519.0,35900,-1.0,-1.0,-1.0
2023/04/20,1519.0,1543.0,1510.0,1511.0,27100,-1.0,-1.0,-1.0
2023/04/21,1498.0,1523.0,1489.0,1495.0,36600,-1.0,-1.0,-1.0
2023/04/24,1685.0,1688.0,1574.0,1582.0,500800,-1.0,-1.0,-1.0
2023/04/25,1598.0,1748.0,1595.0,1648.0,345700,-1.0,-1.0,-1.0
2023/04/26,1612.0,1725.0,1525.0,1664.0,598500,-1.0,-1.0,-1.0
2023/04/27,1672.0,1714.0,1640.0,1702.0,183600,-1.0,-1.0,-1.0
2023/04/28,1717.0,1723.0,1650.0,1682.0,100200,-1.0,-1.0,-1.0
2023/05/01,1695.0,1735.0,1642.0,1650.0,125400,-1.0,-1.0,-1.0
2023/05/02,1614.0,1633.0,1588.0,1626.0,116600,-1.0,-1.0,-1.0
2023/05/08,1626.0,1733.0,1626.0,1695.0,170100,-1.0,-1.0,-1.0
2023/05/09,1695.0,1720.0,1654.0,1660.0,77200,-1.0,-1.0,-1.0
2023/05/10,1655.0,1660.0,1607.0,1607.0,99600,-1.0,-1.0,-1.0
2023/05/11,1614.0,1628.0,1570.0,1580.0,104800,-1.0,-1.0,-1.0
2023/05/12,1580.0,1619.0,1505.0,1515.0,214500,-1.0,-1.0,-1.0
2023/05/15,1391.0,1517.0,1387.0,1460.0,282000,-1.0,-1.0,-1.0
2023/05/16,1490.0,1533.0,1468.0,1495.0,74700,-1.0,-1.0,-1.0
2023/05/17,1480.0,1518.0,1455.0,1470.0,45300,-1.0,-1.0,-1.0
2023/05/18,1473.0,1495.0,1449.0,1486.0,52300,-1.0,-1.0,-1.0
2023/05/19,1495.0,1601.0,1486.0,1577.0,204800,-1.0,-1.0,-1.0
2023/05/22,1566.0,1585.0,1534.0,1534.0,49500,-1.0,-1.0,-1.0
2023/05/23,1535.0,1575.0,1499.0,1518.0,38100,-1.0,-1.0,-1.0
2023/05/24,1512.0,1563.0,1512.0,1519.0,26400,-1.0,-1.0,-1.0
2023/05/25,1511.0,1531.0,1504.0,1523.0,26400,-1.0,-1.0,-1.0
2023/05/26,1519.0,1524.0,1461.0,1466.0,66500,-1.0,-1.0,-1.0
2023/05/29,1478.0,1490.0,1442.0,1451.0,38800,-1.0,-1.0,-1.0
2023/05/30,1460.0,1483.0,1450.0,1479.0,20300,-1.0,-1.0,-1.0
2023/05/31,1472.0,1484.0,1442.0,1468.0,30000,-1.0,-1.0,-1.0
2023/06/01,1460.0,1550.0,1459.0,1534.0,92600,-1.0,-1.0,-1.0
2023/06/02,1545.0,1799.0,1544.0,1780.0,514400,-1.0,-1.0,-1.0
2023/06/05,1750.0,1836.0,1740.0,1814.0,202800,-1.0,-1.0,-1.0
2023/06/06,1811.0,1931.0,1788.0,1818.0,208200,-1.0,-1.0,-1.0
2023/06/07,1840.0,1886.0,1816.0,1857.0,89500,-1.0,-1.0,-1.0
2023/06/08,1864.0,1968.0,1864.0,1942.0,198800,-1.0,-1.0,-1.0
2023/06/09,1944.0,2030.0,1910.0,1999.0,159300,-1.0,-1.0,-1.0
2023/06/12,1991.0,2048.0,1968.0,2042.0,96500,-1.0,-1.0,-1.0
2023/06/13,2032.0,2066.0,1970.0,2012.0,74600,-1.0,-1.0,-1.0
2023/06/14,1962.0,1987.0,1926.0,1947.0,74300,-1.0,-1.0,-1.0
2023/06/15,1945.0,2018.0,1935.0,1991.0,42800,-1.0,-1.0,-1.0
2023/06/16,1961.0,2090.0,1961.0,2082.0,59200,-1.0,-1.0,-1.0
2023/06/19,2080.0,2127.0,2060.0,2098.0,35200,-1.0,-1.0,-1.0
2023/06/20,2098.0,2106.0,2036.0,2082.0,35800,-1.0,-1.0,-1.0
2023/06/21,2075.0,2102.0,2031.0,2060.0,52000,-1.0,-1.0,-1.0
2023/06/22,2045.0,2070.0,1959.0,1962.0,54800,-1.0,-1.0,-1.0
2023/06/23,1989.0,2011.0,1901.0,1920.0,57700,-1.0,-1.0,-1.0
2023/06/26,1911.0,1954.0,1888.0,1910.0,35400,-1.0,-1.0,-1.0
2023/06/27,1894.0,1895.0,1816.0,1843.0,51700,-1.0,-1.0,-1.0
2023/06/28,1859.0,1862.0,1810.0,1843.0,32200,-1.0,-1.0,-1.0
2023/06/29,1858.0,1891.0,1825.0,1886.0,61600,-1.0,-1.0,-1.0
2023/06/30,1886.0,1886.0,1815.0,1843.0,65100,-1.0,-1.0,-1.0
2023/07/03,1883.0,1933.0,1877.0,1898.0,32400,-1.0,-1.0,-1.0
2023/07/04,1895.0,1945.0,1874.0,1900.0,34600,-1.0,-1.0,-1.0
2023/07/05,1888.0,1897.0,1825.0,1850.0,91300,-1.0,-1.0,-1.0
2023/07/06,2010.0,2167.0,1777.0,1853.0,822700,-1.0,-1.0,-1.0
2023/07/07,1865.0,1943.0,1824.0,1886.0,110500,-1.0,-1.0,-1.0
2023/07/10,1875.0,1888.0,1824.0,1848.0,64800,-1.0,-1.0,-1.0
2023/07/11,1835.0,1871.0,1778.0,1820.0,56800,-1.0,-1.0,-1.0
2023/07/12,1824.0,1847.0,1806.0,1809.0,23000,-1.0,-1.0,-1.0
2023/07/13,1809.0,1860.0,1781.0,1824.0,29500,-1.0,-1.0,-1.0
2023/07/14,1810.0,1825.0,1771.0,1804.0,31800,-1.0,-1.0,-1.0
2023/07/18,1793.0,1829.0,1793.0,1810.0,26200,-1.0,-1.0,-1.0
2023/07/19,1828.0,1874.0,1818.0,1862.0,22600,-1.0,-1.0,-1.0
2023/07/20,1860.0,1860.0,1810.0,1811.0,20700,-1.0,-1.0,-1.0
2023/07/21,1828.0,1828.0,1792.0,1815.0,12300,-1.0,-1.0,-1.0
2023/07/24,1820.0,1850.0,1820.0,1845.0,12300,-1.0,-1.0,-1.0
2023/07/25,1849.0,1854.0,1829.0,1843.0,12700,-1.0,-1.0,-1.0
2023/07/26,1825.0,1855.0,1816.0,1853.0,20800,-1.0,-1.0,-1.0
2023/07/27,1859.0,1905.0,1853.0,1858.0,40200,-1.0,-1.0,-1.0
2023/07/28,1845.0,1870.0,1800.0,1832.0,27200,-1.0,-1.0,-1.0
2023/07/31,1850.0,1895.0,1840.0,1886.0,30600,-1.0,-1.0,-1.0
2023/08/01,1866.0,1898.0,1830.0,1898.0,29900,-1.0,-1.0,-1.0
2023/08/02,1898.0,1898.0,1855.0,1870.0,13300,-1.0,-1.0,-1.0
2023/08/03,1846.0,1877.0,1844.0,1864.0,12700,-1.0,-1.0,-1.0
2023/08/04,1873.0,1873.0,1820.0,1839.0,17900,-1.0,-1.0,-1.0
2023/08/07,1824.0,1888.0,1824.0,1882.0,23100,-1.0,-1.0,-1.0
2023/08/08,1882.0,1882.0,1832.0,1836.0,29000,-1.0,-1.0,-1.0
2023/08/09,1832.0,1860.0,1821.0,1836.0,32300,-1.0,-1.0,-1.0
2023/08/10,1836.0,1892.0,1831.0,1868.0,44900,-1.0,-1.0,-1.0
2023/08/14,1920.0,1920.0,1623.0,1684.0,389900,-1.0,-1.0,-1.0
2023/08/15,1685.0,1718.0,1650.0,1684.0,84900,-1.0,-1.0,-1.0
2023/08/16,1653.0,1701.0,1566.0,1575.0,138200,-1.0,-1.0,-1.0
2023/08/17,1578.0,1621.0,1563.0,1589.0,73000,-1.0,-1.0,-1.0
2023/08/18,1561.0,1610.0,1549.0,1596.0,47400,-1.0,-1.0,-1.0
2023/08/21,1594.0,1656.0,1594.0,1646.0,48400,-1.0,-1.0,-1.0
2023/08/22,1646.0,1659.0,1620.0,1654.0,21400,-1.0,-1.0,-1.0
2023/08/23,1654.0,1702.0,1634.0,1682.0,26800,-1.0,-1.0,-1.0
2023/08/24,1710.0,1715.0,1657.0,1660.0,22200,-1.0,-1.0,-1.0
2023/08/25,1650.0,1652.0,1623.0,1623.0,13500,-1.0,-1.0,-1.0
2023/08/28,1624.0,1637.0,1612.0,1623.0,21700,-1.0,-1.0,-1.0
2023/08/29,1622.0,1638.0,1622.0,1629.0,8000,-1.0,-1.0,-1.0
2023/08/30,1631.0,1642.0,1624.0,1625.0,14400,-1.0,-1.0,-1.0
2023/08/31,1627.0,1655.0,1619.0,1638.0,17000,-1.0,-1.0,-1.0
2023/09/01,1633.0,1683.0,1625.0,1663.0,29900,-1.0,-1.0,-1.0
2023/09/04,1663.0,1680.0,1648.0,1660.0,13000,-1.0,-1.0,-1.0
2023/09/05,1660.0,1676.0,1640.0,1668.0,15600,-1.0,-1.0,-1.0
2023/09/06,1668.0,1668.0,1627.0,1643.0,29800,-1.0,-1.0,-1.0
2023/09/07,1659.0,1659.0,1600.0,1606.0,24000,-1.0,-1.0,-1.0
2023/09/08,1598.0,1617.0,1590.0,1606.0,23600,-1.0,-1.0,-1.0
2023/09/11,1616.0,1639.0,1600.0,1623.0,25700,-1.0,-1.0,-1.0
2023/09/12,1616.0,1658.0,1616.0,1634.0,23200,-1.0,-1.0,-1.0
2023/09/13,1634.0,1654.0,1606.0,1636.0,19000,-1.0,-1.0,-1.0
2023/09/14,1636.0,1637.0,1617.0,1618.0,16600,-1.0,-1.0,-1.0
2023/09/15,1619.0,1630.0,1618.0,1619.0,10700,-1.0,-1.0,-1.0
2023/09/19,1619.0,1625.0,1550.0,1599.0,46100,-1.0,-1.0,-1.0
2023/09/20,1597.0,1643.0,1597.0,1613.0,24800,-1.0,-1.0,-1.0
2023/09/21,1604.0,1621.0,1589.0,1591.0,24500,-1.0,-1.0,-1.0
2023/09/22,1560.0,1654.0,1560.0,1629.0,36100,-1.0,-1.0,-1.0
2023/09/25,1632.0,1644.0,1606.0,1609.0,18700,-1.0,-1.0,-1.0
2023/09/26,1607.0,1630.0,1580.0,1617.0,33900,-1.0,-1.0,-1.0
2023/09/27,1601.0,1640.0,1601.0,1638.0,14800,-1.0,-1.0,-1.0
2023/09/28,1627.0,1660.0,1613.0,1618.0,17600,-1.0,-1.0,-1.0
2023/09/29,1619.0,1637.0,1580.0,1590.0,18100,-1.0,-1.0,-1.0
2023/10/02,1603.0,1613.0,1592.0,1602.0,31000,-1.0,-1.0,-1.0
2023/10/03,1589.0,1591.0,1528.0,1546.0,60600,-1.0,-1.0,-1.0
2023/10/04,1530.0,1551.0,1510.0,1513.0,66700,-1.0,-1.0,-1.0
2023/10/05,1518.0,1562.0,1514.0,1562.0,24400,-1.0,-1.0,-1.0
2023/10/06,1560.0,1564.0,1529.0,1547.0,18400,-1.0,-1.0,-1.0
2023/10/10,1547.0,1620.0,1544.0,1584.0,32600,-1.0,-1.0,-1.0
2023/10/11,1584.0,1584.0,1551.0,1566.0,11500,-1.0,-1.0,-1.0
2023/10/12,1573.0,1589.0,1553.0,1588.0,12300,-1.0,-1.0,-1.0
2023/10/13,1599.0,1610.0,1568.0,1570.0,18800,-1.0,-1.0,-1.0
2023/10/16,1599.0,1618.0,1565.0,1597.0,22000,-1.0,-1.0,-1.0
2023/10/17,1597.0,1670.0,1597.0,1669.0,58700,-1.0,-1.0,-1.0
2023/10/18,1670.0,1730.0,1660.0,1689.0,40900,-1.0,-1.0,-1.0
2023/10/19,1650.0,1700.0,1650.0,1690.0,32200,-1.0,-1.0,-1.0
2023/10/20,1700.0,1760.0,1652.0,1723.0,55900,-1.0,-1.0,-1.0
2023/10/23,1720.0,1733.0,1645.0,1657.0,47600,-1.0,-1.0,-1.0
2023/10/24,1657.0,1684.0,1600.0,1657.0,39200,-1.0,-1.0,-1.0
2023/10/25,1675.0,1676.0,1621.0,1634.0,27200,-1.0,-1.0,-1.0
2023/10/26,1611.0,1611.0,1550.0,1550.0,48700,-1.0,-1.0,-1.0
2023/10/27,1551.0,1576.0,1549.0,1561.0,20600,-1.0,-1.0,-1.0
2023/10/30,1550.0,1559.0,1533.0,1559.0,12100,-1.0,-1.0,-1.0
2023/10/31,1572.0,1591.0,1548.0,1584.0,15700,-1.0,-1.0,-1.0
2023/11/01,1584.0,1599.0,1560.0,1573.0,9500,-1.0,-1.0,-1.0
2023/11/02,1571.0,1600.0,1571.0,1589.0,15000,-1.0,-1.0,-1.0
2023/11/06,1573.0,1618.0,1573.0,1600.0,14900,-1.0,-1.0,-1.0
2023/11/07,1579.0,1602.0,1569.0,1576.0,18800,-1.0,-1.0,-1.0
2023/11/08,1588.0,1630.0,1570.0,1595.0,26900,-1.0,-1.0,-1.0
2023/11/09,1611.0,1611.0,1579.0,1581.0,13700,-1.0,-1.0,-1.0
2023/11/10,1573.0,1595.0,1552.0,1593.0,23300,-1.0,-1.0,-1.0
2023/11/13,1473.0,1526.0,1429.0,1481.0,119200,-1.0,-1.0,-1.0
2023/11/14,1508.0,1508.0,1462.0,1485.0,27500,-1.0,-1.0,-1.0
2023/11/15,1496.0,1496.0,1439.0,1445.0,32600,-1.0,-1.0,-1.0
2023/11/16,1440.0,1443.0,1380.0,1393.0,62300,-1.0,-1.0,-1.0
2023/11/17,1390.0,1410.0,1382.0,1403.0,36400,-1.0,-1.0,-1.0
2023/11/20,1400.0,1434.0,1400.0,1412.0,14400,-1.0,-1.0,-1.0
2023/11/21,1419.0,1441.0,1419.0,1440.0,12900,-1.0,-1.0,-1.0
2023/11/22,1448.0,1448.0,1425.0,1426.0,12100,-1.0,-1.0,-1.0
2023/11/24,1440.0,1480.0,1430.0,1477.0,30900,-1.0,-1.0,-1.0
2023/11/27,1480.0,1513.0,1461.0,1469.0,20500,-1.0,-1.0,-1.0
2023/11/28,1469.0,1469.0,1436.0,1443.0,13900,-1.0,-1.0,-1.0
2023/11/29,1443.0,1491.0,1434.0,1482.0,24200,-1.0,-1.0,-1.0
2023/11/30,1489.0,1528.0,1476.0,1526.0,42200,-1.0,-1.0,-1.0
2023/12/01,1525.0,1544.0,1500.0,1521.0,34200,-1.0,-1.0,-1.0
2023/12/04,1549.0,1570.0,1513.0,1563.0,45400,-1.0,-1.0,-1.0
2023/12/05,1550.0,1578.0,1521.0,1532.0,93900,-1.0,-1.0,-1.0
2023/12/06,1537.0,1554.0,1512.0,1517.0,31000,-1.0,-1.0,-1.0
2023/12/07,1515.0,1520.0,1489.0,1519.0,18900,-1.0,-1.0,-1.0
2023/12/08,1514.0,1514.0,1467.0,1467.0,18200,-1.0,-1.0,-1.0
2023/12/11,1480.0,1514.0,1480.0,1492.0,17800,-1.0,-1.0,-1.0
2023/12/12,1492.0,1502.0,1440.0,1440.0,20300,-1.0,-1.0,-1.0
2023/12/13,1470.0,1470.0,1430.0,1434.0,44900,-1.0,-1.0,-1.0
2023/12/14,1464.0,1467.0,1424.0,1433.0,15200,-1.0,-1.0,-1.0
2023/12/15,1434.0,1466.0,1434.0,1466.0,11700,-1.0,-1.0,-1.0
2023/12/18,1460.0,1466.0,1440.0,1466.0,16100,-1.0,-1.0,-1.0
2023/12/19,1465.0,1466.0,1441.0,1459.0,19000,-1.0,-1.0,-1.0
2023/12/20,1483.0,1507.0,1457.0,1464.0,67400,-1.0,-1.0,-1.0
2023/12/21,1464.0,1464.0,1448.0,1456.0,29400,-1.0,-1.0,-1.0
2023/12/22,1460.0,1480.0,1455.0,1457.0,20700,-1.0,-1.0,-1.0
2023/12/25,1455.0,1456.0,1390.0,1400.0,45100,-1.0,-1.0,-1.0
2023/12/26,1400.0,1418.0,1386.0,1403.0,30200,-1.0,-1.0,-1.0
2023/12/27,1433.0,1460.0,1421.0,1449.0,63000,-1.0,-1.0,-1.0
2023/12/28,1450.0,1480.0,1447.0,1480.0,10300,-1.0,-1.0,-1.0
2023/12/29,1479.0,1480.0,1450.0,1453.0,13500,-1.0,-1.0,-1.0
2024/01/04,1453.0,1484.0,1444.0,1470.0,28400,-1.0,-1.0,-1.0
2024/01/05,1485.0,1485.0,1448.0,1448.0,44600,-1.0,-1.0,-1.0
2024/01/09,1478.0,1478.0,1442.0,1460.0,11900,-1.0,-1.0,-1.0
2024/01/10,1466.0,1492.0,1451.0,1459.0,20500,-1.0,-1.0,-1.0
2024/01/11,1470.0,1480.0,1463.0,1472.0,10700,-1.0,-1.0,-1.0
2024/01/12,1483.0,1494.0,1432.0,1455.0,36700,-1.0,-1.0,-1.0
2024/01/15,1458.0,1458.0,1423.0,1431.0,25400,-1.0,-1.0,-1.0
2024/01/16,1431.0,1447.0,1418.0,1420.0,29500,-1.0,-1.0,-1.0
2024/01/17,1417.0,1433.0,1396.0,1400.0,33700,-1.0,-1.0,-1.0
2024/01/18,1416.0,1429.0,1401.0,1405.0,11600,-1.0,-1.0,-1.0
2024/01/19,1407.0,1444.0,1407.0,1428.0,14500,-1.0,-1.0,-1.0
2024/01/22,1450.0,1518.0,1432.0,1500.0,51700,-1.0,-1.0,-1.0
2024/01/23,1508.0,1508.0,1490.0,1501.0,19000,-1.0,-1.0,-1.0
2024/01/24,1501.0,1525.0,1495.0,1512.0,16300,-1.0,-1.0,-1.0
2024/01/25,1508.0,1510.0,1485.0,1500.0,14100,-1.0,-1.0,-1.0
2024/01/26,1500.0,1533.0,1494.0,1516.0,21900,-1.0,-1.0,-1.0
2024/01/29,1516.0,1516.0,1486.0,1491.0,16100,-1.0,-1.0,-1.0
2024/01/30,1491.0,1519.0,1487.0,1517.0,11700,-1.0,-1.0,-1.0
2024/01/31,1517.0,1517.0,1491.0,1502.0,9800,-1.0,-1.0,-1.0
2024/02/01,1514.0,1514.0,1486.0,1493.0,8800,-1.0,-1.0,-1.0
2024/02/02,1509.0,1527.0,1493.0,1512.0,26400,-1.0,-1.0,-1.0
2024/02/05,1507.0,1519.0,1501.0,1511.0,5200,-1.0,-1.0,-1.0
2024/02/06,1501.0,1505.0,1480.0,1494.0,14100,-1.0,-1.0,-1.0
2024/02/07,1505.0,1505.0,1475.0,1494.0,21000,-1.0,-1.0,-1.0
2024/02/08,1491.0,1491.0,1463.0,1471.0,43500,-1.0,-1.0,-1.0
2024/02/09,1470.0,1496.0,1463.0,1496.0,18600,-1.0,-1.0,-1.0
2024/02/13,1436.0,1437.0,1338.0,1381.0,153400,-1.0,-1.0,-1.0
2024/02/14,1382.0,1382.0,1331.0,1331.0,54900,-1.0,-1.0,-1.0
2024/02/15,1331.0,1340.0,1305.0,1322.0,34000,-1.0,-1.0,-1.0
2024/02/16,1348.0,1348.0,1322.0,1332.0,27300,-1.0,-1.0,-1.0
2024/02/19,1339.0,1389.0,1333.0,1356.0,41100,-1.0,-1.0,-1.0
2024/02/20,1376.0,1392.0,1355.0,1370.0,36700,-1.0,-1.0,-1.0
2024/02/21,1394.0,1394.0,1350.0,1358.0,28200,-1.0,-1.0,-1.0
2024/02/22,1388.0,1399.0,1368.0,1387.0,30700,-1.0,-1.0,-1.0
2024/02/26,1401.0,1413.0,1388.0,1395.0,27500,-1.0,-1.0,-1.0
2024/02/27,1408.0,1432.0,1406.0,1426.0,21400,-1.0,-1.0,-1.0
2024/02/28,1424.0,1434.0,1417.0,1429.0,19000,-1.0,-1.0,-1.0
2024/02/29,1438.0,1438.0,1406.0,1409.0,18900,-1.0,-1.0,-1.0
2024/03/01,1410.0,1432.0,1404.0,1412.0,11700,-1.0,-1.0,-1.0
2024/03/04,1422.0,1422.0,1394.0,1401.0,20100,-1.0,-1.0,-1.0
2024/03/05,1411.0,1411.0,1380.0,1387.0,19200,-1.0,-1.0,-1.0
2024/03/06,1388.0,1413.0,1387.0,1402.0,8700,-1.0,-1.0,-1.0
2024/03/07,1415.0,1431.0,1392.0,1394.0,19900,-1.0,-1.0,-1.0
2024/03/08,1387.0,1414.0,1387.0,1409.0,13500,-1.0,-1.0,-1.0
2024/03/11,1398.0,1398.0,1372.0,1383.0,14900,-1.0,-1.0,-1.0
2024/03/12,1368.0,1383.0,1361.0,1374.0,37800,-1.0,-1.0,-1.0
2024/03/13,1385.0,1388.0,1363.0,1374.0,7400,-1.0,-1.0,-1.0
2024/03/14,1374.0,1389.0,1370.0,1375.0,14400,-1.0,-1.0,-1.0
2024/03/15,1370.0,1395.0,1370.0,1394.0,5200,-1.0,-1.0,-1.0
2024/03/18,1394.0,1406.0,1394.0,1402.0,6600,-1.0,-1.0,-1.0
2024/03/19,1407.0,1438.0,1405.0,1433.0,16400,-1.0,-1.0,-1.0
2024/03/21,1444.0,1451.0,1427.0,1434.0,20300,-1.0,-1.0,-1.0
2024/03/22,1442.0,1442.0,1409.0,1411.0,18100,-1.0,-1.0,-1.0
2024/03/25,1420.0,1442.0,1407.0,1421.0,15900,-1.0,-1.0,-1.0
2024/03/26,1425.0,1438.0,1410.0,1436.0,16900,-1.0,-1.0,-1.0
2024/03/27,1444.0,1449.0,1430.0,1449.0,13200,-1.0,-1.0,-1.0
2024/03/28,1448.0,1457.0,1435.0,1454.0,11500,-1.0,-1.0,-1.0
2024/03/29,1455.0,1485.0,1446.0,1471.0,23200,-1.0,-1.0,-1.0
2024/04/01,1480.0,1480.0,1430.0,1430.0,25100,-1.0,-1.0,-1.0
2024/04/02,1420.0,1430.0,1397.0,1397.0,17600,-1.0,-1.0,-1.0
2024/04/03,1392.0,1410.0,1375.0,1398.0,16000,-1.0,-1.0,-1.0
2024/04/04,1398.0,1414.0,1385.0,1393.0,12900,-1.0,-1.0,-1.0
2024/04/05,1388.0,1399.0,1378.0,1387.0,12100,-1.0,-1.0,-1.0
2024/04/08,1390.0,1403.0,1387.0,1390.0,8900,-1.0,-1.0,-1.0
2024/04/09,1434.0,1455.0,1421.0,1439.0,31900,-1.0,-1.0,-1.0
2024/04/10,1446.0,1462.0,1440.0,1450.0,7600,-1.0,-1.0,-1.0
2024/04/11,1437.0,1455.0,1422.0,1422.0,14800,-1.0,-1.0,-1.0
2024/04/12,1439.0,1439.0,1415.0,1415.0,7400,-1.0,-1.0,-1.0
2024/04/15,1416.0,1429.0,1416.0,1427.0,13100,-1.0,-1.0,-1.0
2024/04/16,1420.0,1422.0,1395.0,1403.0,41000,-1.0,-1.0,-1.0
2024/04/17,1400.0,1406.0,1370.0,1380.0,26100,-1.0,-1.0,-1.0
2024/04/18,1398.0,1401.0,1380.0,1386.0,7800,-1.0,-1.0,-1.0
2024/04/19,1387.0,1400.0,1358.0,1364.0,19500,-1.0,-1.0,-1.0
2024/04/22,1364.0,1391.0,1364.0,1390.0,8000,-1.0,-1.0,-1.0
2024/04/23,1389.0,1395.0,1389.0,1390.0,3700,-1.0,-1.0,-1.0
2024/04/24,1390.0,1411.0,1390.0,1396.0,7800,-1.0,-1.0,-1.0
2024/04/25,1396.0,1406.0,1390.0,1405.0,5000,-1.0,-1.0,-1.0
2024/04/26,1408.0,1408.0,1396.0,1398.0,6300,-1.0,-1.0,-1.0
2024/04/30,1410.0,1430.0,1400.0,1430.0,14300,-1.0,-1.0,-1.0
2024/05/01,1433.0,1441.0,1410.0,1434.0,13100,-1.0,-1.0,-1.0
2024/05/02,1438.0,1438.0,1422.0,1425.0,5700,-1.0,-1.0,-1.0
2024/05/07,1434.0,1443.0,1423.0,1443.0,7700,-1.0,-1.0,-1.0
2024/05/08,1431.0,1448.0,1430.0,1430.0,10400,-1.0,-1.0,-1.0
2024/05/09,1449.0,1449.0,1423.0,1425.0,9900,-1.0,-1.0,-1.0
2024/05/10,1425.0,1440.0,1422.0,1424.0,8800,-1.0,-1.0,-1.0
2024/05/13,1425.0,1467.0,1425.0,1467.0,23600,-1.0,-1.0,-1.0
2024/05/14,1415.0,1436.0,1333.0,1346.0,88800,-1.0,-1.0,-1.0
2024/05/15,1350.0,1351.0,1310.0,1311.0,65000,-1.0,-1.0,-1.0
2024/05/16,1318.0,1338.0,1315.0,1335.0,33700,-1.0,-1.0,-1.0
2024/05/17,1335.0,1340.0,1307.0,1325.0,38400,-1.0,-1.0,-1.0
2024/05/20,1326.0,1329.0,1308.0,1314.0,31200,-1.0,-1.0,-1.0
2024/05/21,1316.0,1330.0,1311.0,1317.0,13900,-1.0,-1.0,-1.0
2024/05/22,1317.0,1318.0,1287.0,1295.0,41300,-1.0,-1.0,-1.0
2024/05/23,1295.0,1298.0,1255.0,1265.0,40000,-1.0,-1.0,-1.0
2024/05/24,1255.0,1297.0,1255.0,1290.0,20700,-1.0,-1.0,-1.0
2024/05/27,1297.0,1297.0,1262.0,1287.0,16500,-1.0,-1.0,-1.0
2024/05/28,1292.0,1294.0,1271.0,1284.0,14100,-1.0,-1.0,-1.0
2024/05/29,1287.0,1303.0,1264.0,1274.0,17300,-1.0,-1.0,-1.0
2024/05/30,1257.0,1276.0,1251.0,1253.0,24300,-1.0,-1.0,-1.0
2024/05/31,1260.0,1292.0,1260.0,1283.0,13600,-1.0,-1.0,-1.0
2024/06/03,1290.0,1298.0,1278.0,1281.0,10600,-1.0,-1.0,-1.0
2024/06/04,1287.0,1299.0,1287.0,1298.0,4300,-1.0,-1.0,-1.0
2024/06/05,1268.0,1295.0,1266.0,1268.0,17900,-1.0,-1.0,-1.0
2024/06/06,1264.0,1276.0,1260.0,1272.0,14500,-1.0,-1.0,-1.0
2024/06/07,1260.0,1290.0,1260.0,1285.0,11200,-1.0,-1.0,-1.0
2024/06/10,1280.0,1315.0,1268.0,1314.0,10600,-1.0,-1.0,-1.0
2024/06/11,1315.0,1350.0,1314.0,1337.0,22300,-1.0,-1.0,-1.0
2024/06/12,1323.0,1345.0,1286.0,1287.0,15200,-1.0,-1.0,-1.0
2024/06/13,1300.0,1311.0,1292.0,1307.0,4000,-1.0,-1.0,-1.0
2024/06/14,1277.0,1307.0,1277.0,1295.0,6900,-1.0,-1.0,-1.0
2024/06/17,1291.0,1303.0,1283.0,1289.0,2600,-1.0,-1.0,-1.0
2024/06/18,1296.0,1299.0,1284.0,1284.0,5000,-1.0,-1.0,-1.0
2024/06/19,1290.0,1309.0,1282.0,1287.0,8500,-1.0,-1.0,-1.0
2024/06/20,1296.0,1302.0,1288.0,1293.0,3900,-1.0,-1.0,-1.0
2024/06/21,1299.0,1300.0,1282.0,1291.0,6400,-1.0,-1.0,-1.0
2024/06/24,1290.0,1303.0,1281.0,1282.0,11200,-1.0,-1.0,-1.0
2024/06/25,1291.0,1327.0,1290.0,1306.0,6500,-1.0,-1.0,-1.0
2024/06/26,1310.0,1317.0,1300.0,1308.0,11900,-1.0,-1.0,-1.0
2024/06/27,1324.0,1324.0,1306.0,1306.0,5500,-1.0,-1.0,-1.0
2024/06/28,1307.0,1321.0,1305.0,1305.0,9100,-1.0,-1.0,-1.0
2024/07/01,1310.0,1317.0,1302.0,1313.0,3500,-1.0,-1.0,-1.0
2024/07/02,1312.0,1323.0,1312.0,1322.0,6700,-1.0,-1.0,-1.0
2024/07/03,1320.0,1332.0,1313.0,1332.0,7900,-1.0,-1.0,-1.0
2024/07/04,1338.0,1339.0,1310.0,1322.0,5600,-1.0,-1.0,-1.0
2024/07/05,1322.0,1323.0,1310.0,1310.0,4700,-1.0,-1.0,-1.0
2024/07/08,1310.0,1329.0,1310.0,1320.0,4400,-1.0,-1.0,-1.0
2024/07/09,1327.0,1327.0,1312.0,1312.0,2400,-1.0,-1.0,-1.0
2024/07/10,1312.0,1312.0,1295.0,1312.0,12000,-1.0,-1.0,-1.0
2024/07/11,1310.0,1320.0,1304.0,1320.0,7400,-1.0,-1.0,-1.0
2024/07/12,1319.0,1326.0,1309.0,1314.0,7800,-1.0,-1.0,-1.0
2024/07/16,1314.0,1314.0,1306.0,1314.0,3900,-1.0,-1.0,-1.0
2024/07/17,1321.0,1321.0,1307.0,1307.0,4800,-1.0,-1.0,-1.0
2024/07/18,1307.0,1324.0,1307.0,1308.0,6300,-1.0,-1.0,-1.0
2024/07/19,1317.0,1317.0,1306.0,1313.0,3900,-1.0,-1.0,-1.0
2024/07/22,1313.0,1313.0,1300.0,1308.0,7800,-1.0,-1.0,-1.0
2024/07/23,1308.0,1313.0,1298.0,1305.0,7700,-1.0,-1.0,-1.0
2024/07/24,1305.0,1307.0,1281.0,1282.0,9800,-1.0,-1.0,-1.0
2024/07/25,1274.0,1286.0,1263.0,1278.0,14400,-1.0,-1.0,-1.0
2024/07/26,1280.0,1299.0,1280.0,1291.0,5000,-1.0,-1.0,-1.0
2024/07/29,1291.0,1297.0,1281.0,1290.0,2800,-1.0,-1.0,-1.0
2024/07/30,1286.0,1293.0,1281.0,1292.0,10600,-1.0,-1.0,-1.0
2024/07/31,1292.0,1295.0,1284.0,1290.0,6600,-1.0,-1.0,-1.0
2024/08/01,1288.0,1288.0,1251.0,1260.0,11400,-1.0,-1.0,-1.0
2024/08/02,1260.0,1260.0,1181.0,1227.0,28700,-1.0,-1.0,-1.0
2024/08/05,1169.0,1199.0,977.0,1028.0,64400,-1.0,-1.0,-1.0
2024/08/06,1100.0,1149.0,1055.0,1060.0,11600,-1.0,-1.0,-1.0
2024/08/07,1030.0,1095.0,1023.0,1080.0,42500,-1.0,-1.0,-1.0
2024/08/08,1078.0,1124.0,1075.0,1091.0,9000,-1.0,-1.0,-1.0
2024/08/09,1111.0,1149.0,1094.0,1125.0,7800,-1.0,-1.0,-1.0
2024/08/13,1080.0,1125.0,1077.0,1115.0,12400,-1.0,-1.0,-1.0
2024/08/14,1115.0,1179.0,1115.0,1135.0,7600,-1.0,-1.0,-1.0
2024/08/15,1161.0,1171.0,1157.0,1170.0,10200,-1.0,-1.0,-1.0
2024/08/16,1172.0,1222.0,1172.0,1201.0,12100,-1.0,-1.0,-1.0
2024/08/19,1201.0,1206.0,1163.0,1163.0,9900,-1.0,-1.0,-1.0
2024/08/20,1205.0,1232.0,1175.0,1211.0,2600,-1.0,-1.0,-1.0
2024/08/21,1212.0,1226.0,1193.0,1195.0,4300,-1.0,-1.0,-1.0
2024/08/22,1195.0,1200.0,1195.0,1197.0,4100,-1.0,-1.0,-1.0
2024/08/23,1218.0,1225.0,1198.0,1220.0,5200,-1.0,-1.0,-1.0
2024/08/26,1220.0,1220.0,1202.0,1220.0,5600,-1.0,-1.0,-1.0
2024/08/27,1220.0,1228.0,1215.0,1228.0,4100,-1.0,-1.0,-1.0
2024/08/28,1227.0,1227.0,1206.0,1210.0,4900,-1.0,-1.0,-1.0
2024/08/29,1210.0,1219.0,1210.0,1211.0,4200,-1.0,-1.0,-1.0
2024/08/30,1210.0,1211.0,1193.0,1203.0,6000,-1.0,-1.0,-1.0
2024/09/02,1203.0,1205.0,1188.0,1188.0,5700,-1.0,-1.0,-1.0
2024/09/03,1188.0,1215.0,1188.0,1205.0,11700,-1.0,-1.0,-1.0
2024/09/04,1203.0,1203.0,1191.0,1200.0,5800,-1.0,-1.0,-1.0
2024/09/05,1197.0,1204.0,1180.0,1193.0,5700,-1.0,-1.0,-1.0
2024/09/06,1198.0,1198.0,1180.0,1180.0,2700,-1.0,-1.0,-1.0
2024/09/09,1163.0,1189.0,1163.0,1180.0,2200,-1.0,-1.0,-1.0
2024/09/10,1196.0,1200.0,1180.0,1195.0,3300,-1.0,-1.0,-1.0
2024/09/11,1190.0,1198.0,1151.0,1155.0,13600,-1.0,-1.0,-1.0
2024/09/12,1165.0,1170.0,1160.0,1168.0,5100,-1.0,-1.0,-1.0
2024/09/13,1170.0,1170.0,1151.0,1161.0,5900,-1.0,-1.0,-1.0
2024/09/17,1170.0,1180.0,1130.0,1177.0,6100,-1.0,-1.0,-1.0
2024/09/18,1179.0,1183.0,1173.0,1173.0,1700,-1.0,-1.0,-1.0
2024/09/19,1164.0,1175.0,1161.0,1166.0,6200,-1.0,-1.0,-1.0
2024/09/20,1171.0,1174.0,1160.0,1163.0,11900,-1.0,-1.0,-1.0
2024/09/24,1150.0,1160.0,1138.0,1143.0,13300,-1.0,-1.0,-1.0
2024/09/25,1173.0,1173.0,1152.0,1157.0,6900,-1.0,-1.0,-1.0
2024/09/26,1157.0,1157.0,1111.0,1124.0,22800,-1.0,-1.0,-1.0
2024/09/27,1116.0,1123.0,1110.0,1117.0,17700,-1.0,-1.0,-1.0
2024/09/30,1083.0,1089.0,1070.0,1089.0,15800,-1.0,-1.0,-1.0
2024/10/01,1089.0,1125.0,1080.0,1087.0,312100,-1.0,-1.0,-1.0
2024/10/02,1120.0,1145.0,1120.0,1127.0,28800,-1.0,-1.0,-1.0
2024/10/03,1144.0,1158.0,1131.0,1150.0,10900,-1.0,-1.0,-1.0
2024/10/04,1150.0,1157.0,1126.0,1126.0,4300,-1.0,-1.0,-1.0
2024/10/07,1130.0,1146.0,1121.0,1121.0,4900,-1.0,-1.0,-1.0
2024/10/08,1137.0,1144.0,1121.0,1136.0,5300,-1.0,-1.0,-1.0
2024/10/09,1136.0,1142.0,1122.0,1133.0,6200,-1.0,-1.0,-1.0
2024/10/10,1134.0,1141.0,1126.0,1126.0,3500,-1.0,-1.0,-1.0
2024/10/11,1126.0,1150.0,1123.0,1140.0,8900,-1.0,-1.0,-1.0
2024/10/15,1128.0,1134.0,1126.0,1126.0,1800,-1.0,-1.0,-1.0
2024/10/16,1128.0,1154.0,1127.0,1136.0,14500,-1.0,-1.0,-1.0
2024/10/17,1136.0,1156.0,1136.0,1142.0,3300,-1.0,-1.0,-1.0
2024/10/18,1138.0,1150.0,1137.0,1148.0,2700,-1.0,-1.0,-1.0
2024/10/21,1149.0,1164.0,1148.0,1153.0,6200,-1.0,-1.0,-1.0
2024/10/22,1154.0,1155.0,1143.0,1150.0,6500,-1.0,-1.0,-1.0
2024/10/23,1155.0,1155.0,1130.0,1130.0,8300,-1.0,-1.0,-1.0
2024/10/24,1130.0,1149.0,1120.0,1120.0,6700,-1.0,-1.0,-1.0
2024/10/25,1166.0,1166.0,1123.0,1136.0,5100,-1.0,-1.0,-1.0
2024/10/28,1123.0,1159.0,1123.0,1150.0,1400,-1.0,-1.0,-1.0
2024/10/29,1151.0,1171.0,1151.0,1167.0,2200,-1.0,-1.0,-1.0
2024/10/30,1164.0,1180.0,1148.0,1151.0,4800,-1.0,-1.0,-1.0
2024/10/31,1150.0,1160.0,1136.0,1154.0,7300,-1.0,-1.0,-1.0
2024/11/01,1156.0,1156.0,1129.0,1134.0,8700,-1.0,-1.0,-1.0
2024/11/05,1130.0,1165.0,1130.0,1136.0,3400,-1.0,-1.0,-1.0
2024/11/06,1140.0,1150.0,1127.0,1131.0,5300,-1.0,-1.0,-1.0
2024/11/07,1139.0,1150.0,1136.0,1143.0,2000,-1.0,-1.0,-1.0
2024/11/08,1143.0,1143.0,1126.0,1135.0,4500,-1.0,-1.0,-1.0
2024/11/11,1100.0,1100.0,1051.0,1069.0,14600,-1.0,-1.0,-1.0
2024/11/12,1074.0,1086.0,1074.0,1075.0,4100,-1.0,-1.0,-1.0
2024/11/13,1070.0,1080.0,1062.0,1080.0,8500,-1.0,-1.0,-1.0
2024/11/14,1080.0,1119.0,1080.0,1102.0,9300,-1.0,-1.0,-1.0
2024/11/15,1097.0,1109.0,1081.0,1105.0,4600,-1.0,-1.0,-1.0
2024/11/18,1101.0,1105.0,1088.0,1105.0,3000,-1.0,-1.0,-1.0
2024/11/19,1104.0,1129.0,1104.0,1104.0,5500,-1.0,-1.0,-1.0
2024/11/20,1103.0,1119.0,1090.0,1105.0,7300,-1.0,-1.0,-1.0
2024/11/21,1105.0,1136.0,1082.0,1124.0,9200,-1.0,-1.0,-1.0
2024/11/22,1124.0,1135.0,1115.0,1115.0,2100,-1.0,-1.0,-1.0
2024/11/25,1138.0,1153.0,1122.0,1150.0,11700,-1.0,-1.0,-1.0
2024/11/26,1158.0,1158.0,1133.0,1149.0,1700,-1.0,-1.0,-1.0
2024/11/27,1140.0,1150.0,1128.0,1149.0,3800,-1.0,-1.0,-1.0
2024/11/28,1150.0,1159.0,1129.0,1133.0,3700,-1.0,-1.0,-1.0
2024/11/29,1116.0,1135.0,1110.0,1121.0,6100,-1.0,-1.0,-1.0
2024/12/02,1121.0,1144.0,1112.0,1126.0,3100,-1.0,-1.0,-1.0
2024/12/03,1131.0,1145.0,1101.0,1134.0,7700,-1.0,-1.0,-1.0
2024/12/04,1134.0,1139.0,1111.0,1111.0,6400,-1.0,-1.0,-1.0
2024/12/05,1113.0,1134.0,1112.0,1124.0,6000,-1.0,-1.0,-1.0
2024/12/06,1124.0,1143.0,1116.0,1118.0,7200,-1.0,-1.0,-1.0
2024/12/09,1135.0,1135.0,1120.0,1128.0,4100,-1.0,-1.0,-1.0
2024/12/10,1120.0,1124.0,1115.0,1123.0,5600,-1.0,-1.0,-1.0
2024/12/11,1127.0,1133.0,1116.0,1130.0,3000,-1.0,-1.0,-1.0
2024/12/12,1130.0,1134.0,1114.0,1114.0,5000,-1.0,-1.0,-1.0
2024/12/13,1136.0,1136.0,1113.0,1120.0,8100,-1.0,-1.0,-1.0
2024/12/16,1121.0,1121.0,1110.0,1110.0,4900,-1.0,-1.0,-1.0
2024/12/17,1110.0,1112.0,1080.0,1095.0,8500,-1.0,-1.0,-1.0
2024/12/18,1095.0,1098.0,1086.0,1095.0,10300,-1.0,-1.0,-1.0
2024/12/19,1085.0,1098.0,1070.0,1088.0,11000,-1.0,-1.0,-1.0
2024/12/20,1088.0,1088.0,1079.0,1083.0,28000,-1.0,-1.0,-1.0
2024/12/23,1084.0,1085.0,1070.0,1075.0,19600,-1.0,-1.0,-1.0
2024/12/24,1075.0,1078.0,1070.0,1073.0,10200,-1.0,-1.0,-1.0
2024/12/25,1093.0,1093.0,1069.0,1075.0,13200,-1.0,-1.0,-1.0
2024/12/26,1066.0,1076.0,1065.0,1070.0,19200,-1.0,-1.0,-1.0
2024/12/27,1078.0,1090.0,1075.0,1090.0,7200,-1.0,-1.0,-1.0
2024/12/30,1094.0,1097.0,1091.0,1092.0,8800,-1.0,-1.0,-1.0
2025/01/06,1103.0,1111.0,1103.0,1103.0,6000,-1.0,-1.0,-1.0
2025/01/07,1110.0,1110.0,1094.0,1094.0,1600,-1.0,-1.0,-1.0
2025/01/08,1095.0,1109.0,1093.0,1094.0,3200,-1.0,-1.0,-1.0
2025/01/09,1094.0,1101.0,1094.0,1094.0,3200,-1.0,-1.0,-1.0
2025/01/10,1102.0,1103.0,1094.0,1100.0,3100,-1.0,-1.0,-1.0
2025/01/14,1100.0,1103.0,1092.0,1093.0,2400,-1.0,-1.0,-1.0
2025/01/15,1100.0,1100.0,1094.0,1094.0,500,-1.0,-1.0,-1.0
2025/01/16,1094.0,1101.0,1084.0,1091.0,6200,-1.0,-1.0,-1.0
2025/01/17,1094.0,1099.0,1083.0,1088.0,3200,-1.0,-1.0,-1.0
2025/01/20,1090.0,1094.0,1089.0,1089.0,1400,-1.0,-1.0,-1.0
2025/01/21,1097.0,1097.0,1088.0,1088.0,2900,-1.0,-1.0,-1.0
2025/01/22,1083.0,1092.0,1083.0,1086.0,2600,-1.0,-1.0,-1.0
2025/01/23,1090.0,1094.0,1086.0,1094.0,3900,-1.0,-1.0,-1.0
2025/01/24,1094.0,1100.0,1091.0,1099.0,7600,-1.0,-1.0,-1.0
2025/01/27,1110.0,1118.0,1110.0,1118.0,12600,-1.0,-1.0,-1.0
2025/01/28,1115.0,1118.0,1101.0,1104.0,2400,-1.0,-1.0,-1.0
2025/01/29,1116.0,1118.0,1105.0,1105.0,5000,-1.0,-1.0,-1.0
2025/01/30,1102.0,1111.0,1092.0,1092.0,7900,-1.0,-1.0,-1.0
2025/01/31,1090.0,1090.0,1085.0,1086.0,7400,-1.0,-1.0,-1.0
2025/02/03,1086.0,1110.0,1080.0,1096.0,15200,-1.0,-1.0,-1.0
2025/02/04,1095.0,1124.0,1095.0,1119.0,9800,-1.0,-1.0,-1.0
2025/02/05,1119.0,1119.0,1117.0,1118.0,1700,-1.0,-1.0,-1.0
2025/02/06,1110.0,1110.0,1087.0,1095.0,9700,-1.0,-1.0,-1.0
2025/02/07,1095.0,1106.0,1085.0,1093.0,6600,-1.0,-1.0,-1.0
2025/02/10,1093.0,1108.0,1085.0,1106.0,12100,-1.0,-1.0,-1.0
2025/02/12,1113.0,1116.0,1090.0,1108.0,3800,-1.0,-1.0,-1.0
2025/02/13,1117.0,1117.0,1091.0,1112.0,4900,-1.0,-1.0,-1.0
2025/02/14,1115.0,1116.0,1102.0,1105.0,2300,-1.0,-1.0,-1.0
2025/02/17,1082.0,1108.0,1082.0,1101.0,12700,-1.0,-1.0,-1.0
2025/02/18,1115.0,1131.0,1100.0,1131.0,12200,-1.0,-1.0,-1.0
2025/02/19,1131.0,1131.0,1120.0,1125.0,12400,-1.0,-1.0,-1.0
2025/02/20,1125.0,1125.0,1121.0,1121.0,2300,-1.0,-1.0,-1.0
2025/02/21,1121.0,1140.0,1110.0,1135.0,12200,-1.0,-1.0,-1.0
2025/02/25,1143.0,1144.0,1130.0,1142.0,9800,-1.0,-1.0,-1.0
2025/02/26,1141.0,1149.0,1120.0,1131.0,6800,-1.0,-1.0,-1.0
2025/02/27,1134.0,1134.0,1121.0,1131.0,2600,-1.0,-1.0,-1.0
2025/02/28,1133.0,1135.0,1125.0,1135.0,3100,-1.0,-1.0,-1.0
2025/03/03,1136.0,1136.0,1130.0,1135.0,4300,-1.0,-1.0,-1.0
2025/03/04,1135.0,1135.0,1121.0,1121.0,4300,-1.0,-1.0,-1.0
2025/03/05,1130.0,1130.0,1110.0,1128.0,2400,-1.0,-1.0,-1.0
2025/03/06,1128.0,1133.0,1120.0,1126.0,13400,-1.0,-1.0,-1.0
2025/03/07,1134.0,1134.0,1111.0,1111.0,4600,-1.0,-1.0,-1.0
2025/03/10,1112.0,1115.0,1100.0,1108.0,3000,-1.0,-1.0,-1.0
2025/03/11,1112.0,1112.0,1099.0,1099.0,4600,-1.0,-1.0,-1.0
2025/03/12,1099.0,1102.0,1091.0,1095.0,4800,-1.0,-1.0,-1.0
2025/03/13,1095.0,1113.0,1095.0,1107.0,1600,-1.0,-1.0,-1.0
2025/03/14,1100.0,1101.0,1095.0,1100.0,13500,-1.0,-1.0,-1.0
2025/03/17,1100.0,1127.0,1096.0,1103.0,10600,-1.0,-1.0,-1.0
2025/03/18,1102.0,1116.0,1097.0,1100.0,4300,-1.0,-1.0,-1.0
2025/03/19,1100.0,1105.0,1100.0,1100.0,4100,-1.0,-1.0,-1.0
2025/03/21,1112.0,1135.0,1095.0,1100.0,32200,-1.0,-1.0,-1.0
2025/03/24,1100.0,1105.0,1096.0,1100.0,7500,-1.0,-1.0,-1.0
2025/03/25,1100.0,1102.0,1098.0,1102.0,5600,-1.0,-1.0,-1.0
2025/03/26,1102.0,1103.0,1099.0,1099.0,4300,-1.0,-1.0,-1.0
2025/03/27,1099.0,1108.0,1098.0,1108.0,2100,-1.0,-1.0,-1.0
2025/03/28,1095.0,1096.0,1084.0,1091.0,3200,-1.0,-1.0,-1.0
2025/03/31,1084.0,1086.0,1084.0,1084.0,12200,-1.0,-1.0,-1.0
2025/04/01,1096.0,1100.0,1085.0,1087.0,5800,-1.0,-1.0,-1.0
2025/04/02,1086.0,1087.0,1081.0,1086.0,3000,-1.0,-1.0,-1.0
2025/04/03,1081.0,1090.0,1066.0,1067.0,10700,-1.0,-1.0,-1.0
2025/04/04,1062.0,1062.0,1040.0,1040.0,8600,-1.0,-1.0,-1.0
2025/04/07,1018.0,1018.0,961.0,988.0,33700,-1.0,-1.0,-1.0
2025/04/08,993.0,1006.0,965.0,979.0,29900,-1.0,-1.0,-1.0
2025/04/09,970.0,979.0,957.0,961.0,12700,-1.0,-1.0,-1.0
2025/04/10,980.0,1000.0,970.0,982.0,19800,-1.0,-1.0,-1.0
2025/04/11,982.0,982.0,957.0,974.0,10700,-1.0,-1.0,-1.0
2025/04/14,980.0,981.0,970.0,980.0,16500,-1.0,-1.0,-1.0
2025/04/15,985.0,998.0,975.0,990.0,10200,-1.0,-1.0,-1.0
2025/04/16,990.0,990.0,976.0,980.0,7500,-1.0,-1.0,-1.0
2025/04/17,991.0,994.0,975.0,980.0,7100,-1.0,-1.0,-1.0
2025/04/18,986.0,1017.0,986.0,1015.0,11100,-1.0,-1.0,-1.0
2025/04/21,1006.0,1011.0,1001.0,1003.0,6700,-1.0,-1.0,-1.0
2025/04/22,1003.0,1009.0,1000.0,1004.0,3000,-1.0,-1.0,-1.0
2025/04/23,1010.0,1012.0,1001.0,1004.0,2900,-1.0,-1.0,-1.0
2025/04/24,1017.0,1019.0,1005.0,1005.0,6300,-1.0,-1.0,-1.0
2025/04/25,1019.0,1019.0,1005.0,1014.0,4000,-1.0,-1.0,-1.0
2025/04/28,1008.0,1017.0,1001.0,1017.0,6200,-1.0,-1.0,-1.0
2025/04/30,1007.0,1019.0,1005.0,1005.0,10500,-1.0,-1.0,-1.0
2025/05/01,1009.0,1011.0,1006.0,1006.0,2700,-1.0,-1.0,-1.0
2025/05/02,1006.0,1009.0,1005.0,1007.0,2200,-1.0,-1.0,-1.0
2025/05/07,1007.0,1007.0,985.0,993.0,15200,-1.0,-1.0,-1.0
2025/05/08,997.0,1008.0,996.0,1007.0,3400,-1.0,-1.0,-1.0
2025/05/09,1010.0,1062.0,1010.0,1052.0,17900,-1.0,-1.0,-1.0
2025/05/12,1052.0,1052.0,1035.0,1049.0,6400,-1.0,-1.0,-1.0
2025/05/13,1065.0,1065.0,1040.0,1044.0,8800,-1.0,-1.0,-1.0
2025/05/14,1040.0,1063.0,971.0,987.0,73700,-1.0,-1.0,-1.0
2025/05/15,1000.0,1008.0,999.0,999.0,3700,-1.0,-1.0,-1.0
2025/05/16,1010.0,1010.0,992.0,992.0,3200,-1.0,-1.0,-1.0
2025/05/19,994.0,998.0,994.0,995.0,1000,-1.0,-1.0,-1.0
2025/05/20,998.0,1007.0,993.0,993.0,2400,-1.0,-1.0,-1.0
2025/05/21,994.0,1020.0,994.0,1010.0,4900,-1.0,-1.0,-1.0
2025/05/22,1003.0,1030.0,1003.0,1030.0,3800,-1.0,-1.0,-1.0
2025/05/23,1058.0,1058.0,1030.0,1041.0,3800,-1.0,-1.0,-1.0
2025/05/26,1037.0,1047.0,1030.0,1047.0,3100,-1.0,-1.0,-1.0
2025/05/27,1046.0,1058.0,1030.0,1058.0,11500,-1.0,-1.0,-1.0
2025/05/28,1055.0,1058.0,1050.0,1058.0,14200,-1.0,-1.0,-1.0
2025/05/29,1054.0,1054.0,1034.0,1034.0,2000,-1.0,-1.0,-1.0
2025/05/30,1035.0,1054.0,1035.0,1052.0,2800,-1.0,-1.0,-1.0
2025/06/02,1048.0,1057.0,997.0,1046.0,16200,-1.0,-1.0,-1.0
2025/06/03,1046.0,1046.0,1025.0,1036.0,5200,-1.0,-1.0,-1.0
2025/06/04,1033.0,1047.0,1033.0,1046.0,3600,-1.0,-1.0,-1.0
2025/06/05,1041.0,1050.0,1032.0,1038.0,2200,-1.0,-1.0,-1.0
2025/06/06,1038.0,1039.0,1026.0,1026.0,1600,-1.0,-1.0,-1.0
2025/06/09,1021.0,1027.0,1021.0,1027.0,1300,-1.0,-1.0,-1.0
2025/06/10,1049.0,1058.0,1044.0,1051.0,8900,-1.0,-1.0,-1.0
2025/06/11,1055.0,1063.0,1053.0,1062.0,8600,-1.0,-1.0,-1.0
2025/06/12,1053.0,1063.0,1053.0,1061.0,2900,-1.0,-1.0,-1.0
2025/06/13,1062.0,1062.0,1055.0,1056.0,4100,-1.0,-1.0,-1.0
2025/06/16,1052.0,1062.0,1052.0,1055.0,5800,-1.0,-1.0,-1.0
2025/06/17,1055.0,1077.0,1055.0,1074.0,7800,-1.0,-1.0,-1.0
2025/06/18,1073.0,1073.0,1063.0,1063.0,1000,-1.0,-1.0,-1.0
2025/06/19,1063.0,1063.0,1059.0,1060.0,800,-1.0,-1.0,-1.0
2025/06/20,1058.0,1064.0,1058.0,1064.0,500,-1.0,-1.0,-1.0
2025/06/23,1059.0,1059.0,1054.0,1058.0,800,-1.0,-1.0,-1.0
2025/06/24,1068.0,1070.0,1051.0,1070.0,3100,-1.0,-1.0,-1.0
2025/06/25,1080.0,1080.0,1072.0,1080.0,5400,-1.0,-1.0,-1.0
2025/06/26,1082.0,1083.0,1070.0,1081.0,5000,-1.0,-1.0,-1.0
2025/06/27,1082.0,1088.0,1081.0,1088.0,8900,-1.0,-1.0,-1.0
2025/06/30,1081.0,1109.0,1080.0,1109.0,8500,-1.0,-1.0,-1.0
2025/07/01,1109.0,1109.0,1083.0,1083.0,2200,-1.0,-1.0,-1.0
2025/07/02,1083.0,1094.0,1075.0,1077.0,3300,-1.0,-1.0,-1.0
2025/07/03,1077.0,1089.0,1077.0,1089.0,7000,-1.0,-1.0,-1.0
2025/07/04,1089.0,1089.0,1073.0,1080.0,1700,-1.0,-1.0,-1.0
2025/07/07,1075.0,1080.0,1070.0,1070.0,2200,-1.0,-1.0,-1.0
2025/07/08,1061.0,1081.0,1061.0,1080.0,2100,-1.0,-1.0,-1.0
2025/07/09,1080.0,1100.0,1080.0,1096.0,4000,-1.0,-1.0,-1.0
2025/07/10,1096.0,1096.0,1060.0,1081.0,4000,-1.0,-1.0,-1.0
2025/07/11,1081.0,1105.0,1080.0,1105.0,1800,-1.0,-1.0,-1.0
2025/07/14,1095.0,1100.0,1093.0,1093.0,1500,-1.0,-1.0,-1.0
2025/07/15,1090.0,1090.0,1085.0,1085.0,3000,-1.0,-1.0,-1.0
2025/07/16,1085.0,1096.0,1085.0,1096.0,1600,-1.0,-1.0,-1.0
2025/07/17,1094.0,1100.0,1087.0,1100.0,2200,-1.0,-1.0,-1.0
2025/07/18,1106.0,1106.0,1095.0,1095.0,2000,-1.0,-1.0,-1.0
2025/07/22,1096.0,1096.0,1075.0,1083.0,6200,-1.0,-1.0,-1.0
2025/07/23,1083.0,1106.0,1069.0,1088.0,3600,-1.0,-1.0,-1.0
2025/07/24,1088.0,1103.0,1084.0,1103.0,4500,-1.0,-1.0,-1.0
2025/07/25,1108.0,1108.0,1100.0,1104.0,3800,-1.0,-1.0,-1.0
2025/07/28,1102.0,1102.0,1086.0,1100.0,1700,-1.0,-1.0,-1.0
2025/07/29,1088.0,1106.0,1088.0,1100.0,6100,-1.0,-1.0,-1.0
2025/07/30,1088.0,1104.0,1088.0,1104.0,3500,-1.0,-1.0,-1.0
2025/07/31,1103.0,1107.0,1083.0,1091.0,2900,-1.0,-1.0,-1.0
2025/08/01,1085.0,1097.0,1078.0,1093.0,9800,-1.0,-1.0,-1.0
2025/08/04,1089.0,1106.0,1086.0,1095.0,6500,-1.0,-1.0,-1.0
2025/08/05,1095.0,1103.0,1087.0,1090.0,8300,-1.0,-1.0,-1.0
2025/08/06,1088.0,1100.0,1080.0,1080.0,4100,-1.0,-1.0,-1.0
2025/08/07,1083.0,1108.0,1082.0,1100.0,3500,-1.0,-1.0,-1.0
2025/08/08,1100.0,1115.0,1100.0,1105.0,3800,-1.0,-1.0,-1.0
2025/08/12,1114.0,1114.0,1071.0,1075.0,13500,-1.0,-1.0,-1.0
2025/08/13,1084.0,1099.0,1074.0,1099.0,11800,-1.0,-1.0,-1.0
2025/08/14,1099.0,1100.0,1071.0,1083.0,8100,-1.0,-1.0,-1.0
2025/08/15,1095.0,1095.0,1078.0,1078.0,3100,-1.0,-1.0,-1.0
2025/08/18,1078.0,1098.0,1078.0,1086.0,2100,-1.0,-1.0,-1.0
2025/08/19,1086.0,1091.0,1079.0,1082.0,2600,-1.0,-1.0,-1.0
2025/08/20,1082.0,1097.0,1082.0,1097.0,2800,-1.0,-1.0,-1.0
2025/08/21,1087.0,1101.0,1087.0,1101.0,2200,-1.0,-1.0,-1.0
2025/08/22,1101.0,1116.0,1100.0,1116.0,9000,-1.0,-1.0,-1.0
2025/08/25,1118.0,1135.0,1118.0,1134.0,8200,-1.0,-1.0,-1.0
2025/08/26,1120.0,1134.0,1119.0,1127.0,2500,-1.0,-1.0,-1.0
2025/08/27,1120.0,1130.0,1120.0,1130.0,9200,-1.0,-1.0,-1.0
2025/08/28,1129.0,1132.0,1126.0,1130.0,1800,-1.0,-1.0,-1.0
2025/08/29,1134.0,1135.0,1133.0,1135.0,2700,-1.0,-1.0,-1.0
2025/09/01,1137.0,1138.0,1130.0,1130.0,2400,-1.0,-1.0,-1.0
2025/09/02,1126.0,1130.0,1125.0,1129.0,1300,-1.0,-1.0,-1.0
2025/09/03,1125.0,1126.0,1122.0,1122.0,1200,-1.0,-1.0,-1.0
2025/09/04,1122.0,1134.0,1122.0,1125.0,1400,-1.0,-1.0,-1.0
2025/09/05,1128.0,1132.0,1125.0,1125.0,2400,-1.0,-1.0,-1.0
2025/09/08,1125.0,1141.0,1125.0,1139.0,5200,-1.0,-1.0,-1.0
2025/09/09,1141.0,1144.0,1124.0,1125.0,3700,-1.0,-1.0,-1.0
2025/09/10,1129.0,1145.0,1129.0,1133.0,2600,-1.0,-1.0,-1.0
2025/09/11,1129.0,1131.0,1126.0,1131.0,2200,-1.0,-1.0,-1.0
2025/09/12,1155.0,1155.0,1123.0,1130.0,6200,-1.0,-1.0,-1.0
2025/09/16,1128.0,1134.0,1126.0,1131.0,1900,-1.0,-1.0,-1.0
2025/09/17,1131.0,1143.0,1131.0,1136.0,5700,-1.0,-1.0,-1.0
2025/09/18,1140.0,1143.0,1133.0,1143.0,2600,-1.0,-1.0,-1.0
2025/09/19,1144.0,1160.0,1144.0,1160.0,4500,-1.0,-1.0,-1.0
2025/09/22,1166.0,1166.0,1161.0,1162.0,3100,-1.0,-1.0,-1.0
2025/09/24,1161.0,1165.0,1150.0,1165.0,1900,-1.0,-1.0,-1.0
2025/09/25,1174.0,1174.0,1165.0,1168.0,3500,-1.0,-1.0,-1.0
2025/09/26,1168.0,1175.0,1162.0,1166.0,2100,-1.0,-1.0,-1.0
2025/09/29,1166.0,1166.0,1132.0,1140.0,2000,-1.0,-1.0,-1.0
2025/09/30,1135.0,1145.0,1135.0,1136.0,700,-1.0,-1.0,-1.0
2025/10/01,1136.0,1138.0,1118.0,1118.0,3600,-1.0,-1.0,-1.0
2025/10/02,1146.0,1146.0,1121.0,1125.0,1800,-1.0,-1.0,-1.0
2025/10/03,1125.0,1129.0,1125.0,1127.0,1900,-1.0,-1.0,-1.0
2025/10/06,1131.0,1147.0,1130.0,1147.0,3600,-1.0,-1.0,-1.0
2025/10/07,1142.0,1150.0,1142.0,1150.0,2100,-1.0,-1.0,-1.0
2025/10/08,1150.0,1159.0,1134.0,1159.0,4900,-1.0,-1.0,-1.0
2025/10/09,1159.0,1172.0,1159.0,1172.0,3100,-1.0,-1.0,-1.0
2025/10/10,1142.0,1172.0,1142.0,1160.0,7100,-1.0,-1.0,-1.0
2025/10/14,1140.0,1140.0,1118.0,1121.0,4400,-1.0,-1.0,-1.0
2025/10/15,1123.0,1124.0,1123.0,1123.0,400,-1.0,-1.0,-1.0
2025/10/16,1133.0,1154.0,1133.0,1154.0,2600,-1.0,-1.0,-1.0
2025/10/17,1155.0,1175.0,1141.0,1175.0,3300,-1.0,-1.0,-1.0
2025/10/20,1155.0,1175.0,1155.0,1175.0,2000,-1.0,-1.0,-1.0
2025/10/21,1174.0,1174.0,1164.0,1166.0,2300,-1.0,-1.0,-1.0
2025/10/22,1170.0,1175.0,1166.0,1175.0,2700,-1.0,-1.0,-1.0
2025/10/23,1170.0,1176.0,1167.0,1176.0,2400,-1.0,-1.0,-1.0
2025/10/24,1176.0,1179.0,1170.0,1176.0,3700,-1.0,-1.0,-1.0
2025/10/27,1179.0,1181.0,1174.0,1174.0,3500,-1.0,-1.0,-1.0
2025/10/28,1173.0,1173.0,1168.0,1173.0,900,-1.0,-1.0,-1.0
2025/10/29,1173.0,1174.0,1146.0,1152.0,2200,-1.0,-1.0,-1.0
2025/10/30,1150.0,1150.0,1124.0,1125.0,6900,-1.0,-1.0,-1.0
2025/10/31,1126.0,1138.0,1113.0,1127.0,8500,-1.0,-1.0,-1.0
2025/11/04,1123.0,1153.0,1113.0,1114.0,4900,-1.0,-1.0,-1.0
2025/11/05,1114.0,1115.0,1102.0,1104.0,1500,-1.0,-1.0,-1.0
2025/11/06,1091.0,1106.0,1090.0,1097.0,6900,-1.0,-1.0,-1.0
2025/11/07,1098.0,1100.0,1093.0,1099.0,2100,-1.0,-1.0,-1.0
2025/11/10,1114.0,1114.0,1100.0,1107.0,2200,-1.0,-1.0,-1.0
2025/11/11,1107.0,1139.0,1105.0,1111.0,1700,-1.0,-1.0,-1.0
2025/11/12,1109.0,1125.0,1109.0,1125.0,700,-1.0,-1.0,-1.0
2025/11/13,1116.0,1130.0,1116.0,1120.0,2100,-1.0,-1.0,-1.0
2025/11/14,1116.0,1121.0,1115.0,1121.0,1200,-1.0,-1.0,-1.0
2025/11/17,1107.0,1116.0,1060.0,1116.0,8800,-1.0,-1.0,-1.0
2025/11/18,1116.0,1116.0,1093.0,1094.0,1600,-1.0,-1.0,-1.0
2025/11/19,1094.0,1094.0,1070.0,1088.0,3900,-1.0,-1.0,-1.0
2025/11/20,1088.0,1096.0,1075.0,1083.0,2800,-1.0,-1.0,-1.0
2025/11/21,1072.0,1100.0,1070.0,1100.0,2100,-1.0,-1.0,-1.0
2025/11/25,1124.0,1124.0,1102.0,1113.0,3600,-1.0,-1.0,-1.0
2025/11/26,1113.0,1119.0,1103.0,1119.0,2200,-1.0,-1.0,-1.0
2025/11/27,1119.0,1119.0,1108.0,1109.0,2500,-1.0,-1.0,-1.0
2025/11/28,1110.0,1120.0,1110.0,1114.0,3000,-1.0,-1.0,-1.0
2025/12/01,1121.0,1121.0,1115.0,1116.0,3600,-1.0,-1.0,-1.0
2025/12/02,1115.0,1115.0,1100.0,1100.0,4500,-1.0,-1.0,-1.0
2025/12/03,1101.0,1102.0,1094.0,1095.0,1100,-1.0,-1.0,-1.0
2025/12/04,1110.0,1115.0,1098.0,1114.0,3600,-1.0,-1.0,-1.0
2025/12/05,1114.0,1123.0,1109.0,1113.0,2300,-1.0,-1.0,-1.0
2025/12/08,1121.0,1121.0,1107.0,1110.0,3700,-1.0,-1.0,-1.0
2025/12/09,1111.0,1112.0,1105.0,1105.0,1600,-1.0,-1.0,-1.0
2025/12/10,1105.0,1108.0,1105.0,1105.0,2400,-1.0,-1.0,-1.0
2025/12/11,1100.0,1104.0,1081.0,1100.0,5500,-1.0,-1.0,-1.0
2025/12/12,1104.0,1123.0,1102.0,1108.0,7900,-1.0,-1.0,-1.0
2025/12/15,1108.0,1111.0,1108.0,1108.0,1800,-1.0,-1.0,-1.0
2025/12/16,1111.0,1116.0,1108.0,1109.0,3100,-1.0,-1.0,-1.0
2025/12/17,1109.0,1110.0,1107.0,1107.0,3400,-1.0,-1.0,-1.0
2025/12/18,1114.0,1115.0,1105.0,1113.0,9200,-1.0,-1.0,-1.0
2025/12/19,1108.0,1115.0,1105.0,1110.0,10200,-1.0,-1.0,-1.0
2025/12/22,1113.0,1113.0,1104.0,1108.0,5400,-1.0,-1.0,-1.0
2025/12/23,1108.0,1115.0,1107.0,1109.0,8800,-1.0,-1.0,-1.0
2025/12/24,1112.0,1118.0,1106.0,1109.0,6900,-1.0,-1.0,-1.0
2025/12/25,1120.0,1120.0,1108.0,1109.0,6200,-1.0,-1.0,-1.0
2025/12/26,1108.0,1112.0,1078.0,1107.0,15500,-1.0,-1.0,-1.0
2025/12/29,1113.0,1114.0,1105.0,1110.0,6900,-1.0,-1.0,-1.0
2025/12/30,1112.0,1130.0,1112.0,1124.0,2100,-1.0,-1.0,-1.0
2026/01/05,1133.0,1166.0,1125.0,1147.0,7800,-1.0,-1.0,-1.0
2026/01/06,1147.0,1155.0,1147.0,1147.0,2100,-1.0,-1.0,-1.0
2026/01/07,1151.0,1175.0,1151.0,1175.0,5000,-1.0,-1.0,-1.0
2026/01/08,1175.0,1210.0,1151.0,1199.0,8800,-1.0,-1.0,-1.0
2026/01/09,1198.0,1198.0,1185.0,1195.0,1200,-1.0,-1.0,-1.0
2026/01/13,1201.0,1206.0,1173.0,1187.0,6100,-1.0,-1.0,-1.0
2026/01/14,1187.0,1200.0,1185.0,1191.0,5000,-1.0,-1.0,-1.0
2026/01/15,1199.0,1206.0,1199.0,1205.0,6400,-1.0,-1.0,-1.0
2026/01/16,1206.0,1207.0,1196.0,1207.0,3300,-1.0,-1.0,-1.0
2026/01/19,1207.0,1241.0,1201.0,1241.0,14000,-1.0,-1.0,-1.0
2026/01/20,1271.0,1350.0,1249.0,1320.0,55200,-1.0,-1.0,-1.0
2026/01/21,1310.0,1418.0,1285.0,1322.0,95900,-1.0,-1.0,-1.0
2026/01/22,1329.0,1330.0,1261.0,1269.0,26400,-1.0,-1.0,-1.0
2026/01/23,1292.0,1292.0,1251.0,1263.0,13300,-1.0,-1.0,-1.0
2026/01/26,1241.0,1267.0,1225.0,1234.0,13500,-1.0,-1.0,-1.0
2026/01/27,1236.0,1253.0,1234.0,1234.0,3100,-1.0,-1.0,-1.0
2026/01/28,1223.0,1256.0,1223.0,1235.0,4200,-1.0,-1.0,-1.0
2026/01/29,1235.0,1236.0,1220.0,1225.0,7700,-1.0,-1.0,-1.0
2026/01/30,1225.0,1225.0,1202.0,1210.0,6300,-1.0,-1.0,-1.0
2026/02/02,1205.0,1222.0,1204.0,1219.0,2400,-1.0,-1.0,-1.0
2026/02/03,1216.0,1218.0,1207.0,1212.0,3300,-1.0,-1.0,-1.0
2026/02/04,1212.0,1222.0,1198.0,1222.0,5100,-1.0,-1.0,-1.0
2026/02/05,1222.0,1239.0,1213.0,1239.0,3100,-1.0,-1.0,-1.0
2026/02/06,1228.0,1276.0,1206.0,1258.0,8100,-1.0,-1.0,-1.0
2026/02/09,1278.0,1278.0,1250.0,1260.0,13800,-1.0,-1.0,-1.0
2026/02/10,1267.0,1271.0,1261.0,1265.0,3200,-1.0,-1.0,-1.0
2026/02/12,1265.0,1295.0,1265.0,1285.0,8600,-1.0,-1.0,-1.0
2026/02/13,1286.0,1286.0,1265.0,1265.0,3700,-1.0,-1.0,-1.0
2026/02/16,1301.0,1327.0,1274.0,1283.0,13000,-1.0,-1.0,-1.0
2026/02/17,1271.0,1272.0,1248.0,1248.0,3400,-1.0,-1.0,-1.0
2026/02/18,1266.0,1266.0,1249.0,1266.0,4000,-1.0,-1.0,-1.0
2026/02/19,1265.0,1274.0,1254.0,1274.0,5100,-1.0,-1.0,-1.0
2026/02/20,1273.0,1290.0,1250.0,1285.0,6900,-1.0,-1.0,-1.0
2026/02/24,1267.0,1284.0,1264.0,1284.0,8300,-1.0,-1.0,-1.0
2026/02/25,1290.0,1305.0,1270.0,1287.0,11100,-1.0,-1.0,-1.0
2026/02/26,1298.0,1395.0,1298.0,1370.0,42000,-1.0,-1.0,-1.0
2026/02/27,1352.0,1367.0,1338.0,1347.0,10900,-1.0,-1.0,-1.0
2026/03/02,1325.0,1329.0,1281.0,1306.0,9300,-1.0,-1.0,-1.0
2026/03/02,1325.0,1329.0,1281.0,1306.0,9300,-1.0,-1.0,-1.0
2026/03/02,1325.0,1329.0,1281.0,1306.0,9300,-1.0,-1.0,-1.0
2026/03/02,1325.0,1329.0,1281.0,1306.0,9300,-1.0,-1.0,-1.0
2026/03/03,1281.0,1322.0,1274.0,1284.0,10400,-1.0,-1.0,-1.0
2026/03/04,1261.0,1266.0,1230.0,1240.0,8900,-1.0,-1.0,-1.0
2026/03/05,1270.0,1298.0,1256.0,1274.0,3400,-1.0,-1.0,-1.0
2026/03/06,1258.0,1282.0,1258.0,1268.0,3100,-1.0,-1.0,-1.0
2026/03/09,1225.0,1233.0,1143.0,1200.0,32000,-1.0,-1.0,-1.0
2026/03/10,1223.0,1269.0,1207.0,1250.0,5400,-1.0,-1.0,-1.0
2026/03/11,1266.0,1282.0,1245.0,1260.0,6200,-1.0,-1.0,-1.0
2026/03/12,1259.0,1260.0,1223.0,1223.0,2200,-1.0,-1.0,-1.0
2026/03/13,1199.0,1236.0,1199.0,1236.0,1400,-1.0,-1.0,-1.0
2026/03/16,1224.0,1224.0,1189.0,1202.0,6900,-1.0,-1.0,-1.0
2026/03/17,1225.0,1229.0,1194.0,1194.0,2400,-1.0,-1.0,-1.0
2026/03/18,1198.0,1221.0,1194.0,1217.0,2000,-1.0,-1.0,-1.0
2026/03/19,1210.0,1210.0,1180.0,1180.0,4900,-1.0,-1.0,-1.0
2026/03/23,1199.0,1199.0,1115.0,1143.0,13200,-1.0,-1.0,-1.0
2026/03/24,1164.0,1210.0,1152.0,1171.0,8100,-1.0,-1.0,-1.0
2026/03/25,1261.0,1265.0,1231.0,1250.0,7700,-1.0,-1.0,-1.0
2026/03/26,1252.0,1275.0,1237.0,1273.0,4500,-1.0,-1.0,-1.0
2026/03/27,1258.0,1273.0,1237.0,1273.0,5900,-1.0,-1.0,-1.0
2026/03/30,1240.0,1241.0,1182.0,1241.0,6700,-1.0,-1.0,-1.0
2026/03/31,1220.0,1230.0,1218.0,1228.0,1700,-1.0,-1.0,-1.0
2026/04/01,1233.0,1256.0,1232.0,1256.0,2300,-1.0,-1.0,-1.0
2026/04/02,1242.0,1250.0,1235.0,1250.0,1300,-1.0,-1.0,-1.0
2026/04/03,1254.0,1257.0,1226.0,1232.0,2200,-1.0,-1.0,-1.0
2026/04/06,1228.0,1241.0,1201.0,1223.0,3200,-1.0,-1.0,-1.0
2026/04/07,1224.0,1254.0,1224.0,1254.0,3200,-1.0,-1.0,-1.0
2026/04/08,1255.0,1278.0,1238.0,1254.0,4700,-1.0,-1.0,-1.0
2026/04/09,1256.0,1273.0,1251.0,1269.0,2000,-1.0,-1.0,-1.0
2026/04/10,1270.0,1270.0,1232.0,1254.0,1100,-1.0,-1.0,-1.0
2026/04/13,1250.0,1250.0,1234.0,1246.0,1400,-1.0,-1.0,-1.0
2026/04/14,1250.0,1251.0,1235.0,1245.0,1900,-1.0,-1.0,-1.0
2026/04/15,1245.0,1263.0,1240.0,1250.0,2800,-1.0,-1.0,-1.0
2026/04/16,1240.0,1247.0,1213.0,1247.0,2800,-1.0,-1.0,-1.0
2026/04/17,1219.0,1235.0,1218.0,1220.0,2000,-1.0,-1.0,-1.0
2026/04/20,1224.0,1267.0,1220.0,1267.0,4800,-1.0,-1.0,-1.0
2026/04/21,1276.0,1354.0,1275.0,1321.0,16400,-1.0,-1.0,-1.0
2026/04/22,1321.0,1348.0,1275.0,1286.0,4800,-1.0,-1.0,-1.0
2026/04/23,1286.0,1298.0,1258.0,1298.0,1400,-1.0,-1.0,-1.0
2026/04/24,1328.0,1328.0,1282.0,1282.0,3200,-1.0,-1.0,-1.0
2026/04/27,1300.0,1300.0,1271.0,1296.0,1500,-1.0,-1.0,-1.0
2026/04/28,1296.0,1296.0,1272.0,1280.0,2100,-1.0,-1.0,-1.0
2026/04/30,1255.0,1295.0,1255.0,1281.0,2800,-1.0,-1.0,-1.0
2026/05/01,1258.0,1291.0,1258.0,1291.0,1500,-1.0,-1.0,-1.0
2026/05/07,1289.0,1289.0,1262.0,1262.0,2100,-1.0,-1.0,-1.0
2026/05/08,1262.0,1307.0,1262.0,1300.0,2000,-1.0,-1.0,-1.0
2026/05/11,1313.0,1313.0,1275.0,1275.0,5500,-1.0,-1.0,-1.0
2026/05/12,1297.0,1297.0,1268.0,1285.0,1400,-1.0,-1.0,-1.0
2026/05/13,1287.0,1287.0,1261.0,1280.0,1400,-1.0,-1.0,-1.0
2026/05/14,1292.0,1300.0,1275.0,1300.0,5600,-1.0,-1.0,-1.0
2026/05/15,1194.0,1215.0,1113.0,1160.0,48500,-1.0,-1.0,-1.0
2026/05/18,1133.0,1159.0,1133.0,1134.0,9000,-1.0,-1.0,-1.0
2026/05/19,1132.0,1154.0,1132.0,1154.0,5800,-1.0,-1.0,-1.0
2026/05/20,1155.0,1155.0,1142.0,1148.0,3100,-1.0,-1.0,-1.0
2026/05/21,1149.0,1162.0,1140.0,1159.0,3500,-1.0,-1.0,-1.0
2026/05/22,1160.0,1160.0,1146.0,1160.0,3100,-1.0,-1.0,-1.0
2026/05/25,1177.0,1195.0,1159.0,1184.0,4200,-1.0,-1.0,-1.0
2026/05/26,1193.0,1210.0,1171.0,1209.0,2700,-1.0,-1.0,-1.0
2026/05/27,1190.0,1218.0,1186.0,1186.0,2200,-1.0,-1.0,-1.0
2026/05/28,1206.0,1224.0,1205.0,1218.0,3700,-1.0,-1.0,-1.0
2026/05/29,1218.0,1230.0,1211.0,1212.0,800,-1.0,-1.0,-1.0
2026/06/01,1212.0,1243.0,1200.0,1243.0,1900,-1.0,-1.0,-1.0
2026/06/02,1249.0,1250.0,1221.0,1246.0,5400,-1.0,-1.0,-1.0
2026/06/03,1246.0,1279.0,1223.0,1275.0,5700,-1.0,-1.0,-1.0
2026/06/04,1275.0,1280.0,1264.0,1264.0,2100,-1.0,-1.0,-1.0
2026/06/05,1265.0,1279.0,1265.0,1279.0,1800,-1.0,-1.0,-1.0
2026/06/08,1265.0,1277.0,1253.0,1257.0,2300,-1.0,-1.0,-1.0
2026/06/09,1275.0,1275.0,1258.0,1258.0,1600,-1.0,-1.0,-1.0
2026/06/10,1260.0,1260.0,1216.0,1236.0,4100,-1.0,-1.0,-1.0
2026/06/11,1239.0,1241.0,1229.0,1229.0,1100,-1.0,-1.0,-1.0
2026/06/12,1207.0,1241.0,1207.0,1229.0,2000,-1.0,-1.0,-1.0
2026/06/15,1221.0,1284.0,1221.0,1263.0,7300,-1.0,-1.0,-1.0
2026/06/16,1274.0,1274.0,1221.0,1241.0,3600,-1.0,-1.0,-1.0
2026/06/17,1240.0,1319.0,1239.0,1288.0,15200,-1.0,-1.0,-1.0
2026/06/18,1316.0,1356.0,1288.0,1310.0,22200,-1.0,-1.0,-1.0
2026/06/19,1340.0,1344.0,1290.0,1333.0,7100,-1.0,-1.0,-1.0
2026/06/22,1334.0,1350.0,1317.0,1338.0,5600,-1.0,-1.0,-1.0
2026/06/23,1326.0,1327.0,1290.0,1290.0,2800,-1.0,-1.0,-1.0
2026/06/24,1301.0,1339.0,1289.0,1319.0,13100,-1.0,-1.0,-1.0
2026/06/25,1344.0,1344.0,1279.0,1318.0,7200,-1.0,-1.0,-1.0
2026/06/26,1337.0,1337.0,1275.0,1311.0,4000,-1.0,-1.0,-1.0
2026/06/29,1301.0,1310.0,1297.0,1310.0,1900,-1.0,-1.0,-1.0
2026/06/30,1310.0,1310.0,1300.0,1310.0,12800,-1.0,-1.0,-1.0
2026/07/01,1316.0,1317.0,1301.0,1317.0,1900,-1.0,-1.0,-1.0
2026/07/02,1314.0,1330.0,1312.0,1321.0,2600,-1.0,-1.0,-1.0
2026/07/03,1334.0,1335.0,1330.0,1335.0,2200,-1.0,-1.0,-1.0
2026/07/06,1335.0,1342.0,1325.0,1328.0,4100,-1.0,-1.0,-1.0
2026/07/07,1330.0,1345.0,1320.0,1340.0,5100,-1.0,-1.0,-1.0
2026/07/08,1340.0,1340.0,1321.0,1329.0,1300,-1.0,-1.0,-1.0
2026/07/09,1336.0,1336.0,1310.0,1330.0,1500,-1.0,-1.0,-1.0
2026/07/10,1330.0,1330.0,1330.0,1330.0,500,-1.0,-1.0,-1.0
2026/07/13,1335.0,1335.0,1326.0,1326.0,200,-1.0,-1.0,-1.0
2026/07/14,1329.0,1330.0,1328.0,1330.0,8600,-1.0,-1.0,-1.0
2026/07/15,1335.0,1335.0,1312.0,1320.0,1600,-1.0,-1.0,-1.0
2026/07/16,1320.0,1320.0,1296.0,1296.0,2900,-1.0,-1.0,-1.0
2026/07/17,1289.0,1289.0,1250.0,1269.0,5500,-1.0,-1.0,-1.0
2026/07/21,1265.0,1272.0,1254.0,1254.0,1700,-1.0,-1.0,-1.0
2026/07/22,1254.0,1274.0,1245.0,1254.0,6900,-1.0,-1.0,-1.0
2026/07/23,1271.0,1272.0,1260.0,1270.0,1000,-1.0,-1.0,-1.0
2026/07/24,1286.0,1286.0,1263.0,1286.0,2100,-1.0,-1.0,-1.0
2026/07/27,1279.0,1285.0,1251.0,1278.0,5200,-1.0,-1.0,-1.0
2026/07/28,1261.0,1261.0,1259.0,1260.0,500,-1.0,-1.0,-1.0
2026/07/29,1250.0,1251.0,1220.0,1238.0,2800,-1.0,-1.0,-1.0
2026/07/30,1222.0,1240.0,1222.0,1238.0,900,-1.0,-1.0,-1.0
2026/07/31,1233.0,1272.0,1233.0,1269.0,2000,-1.0,-1.0,-1.0
2026/08/03,1256.0,1256.0,1248.0,1248.0,400,-1.0,-1.0,-1.0
2026/08/04,1256.0,1256.0,1250.0,1250.0,600,-1.0,-1.0,-1.0
2026/08/05,1274.0,1275.0,1260.0,1273.0,1700,-1.0,-1.0,-1.0
2026/08/06,1273.0,1273.0,1257.0,1269.0,3300,-1.0,-1.0,-1.0
2026/08/07,1269.0,1270.0,1256.0,1270.0,2700,-1.0,-1.0,-1.0
2026/08/10,1300.0,1310.0,1262.0,1263.0,8200,-1.0,-1.0,-1.0
2026/08/12,1257.0,1277.0,1257.0,1274.0,2200,-1.0,-1.0,-1.0
2026/08/13,1270.0,1275.0,1265.0,1265.0,1100,-1.0,-1.0,-1.0
2026/08/14,1270.0,1270.0,1260.0,1266.0,3600,-1.0,-1.0,-1.0
2026/08/17,1258.0,1266.0,1240.0,1266.0,1300,-1.0,-1.0,-1.0
2026/08/18,1254.0,1263.0,1245.0,1263.0,1700,-1.0,-1.0,-1.0
2026/08/19,1262.0,1262.0,1230.0,1231.0,7200,-1.0,-1.0,-1.0
2026/08/20,1231.0,1259.0,1231.0,1246.0,1400,-1.0,-1.0,-1.0
2026/08/21,1250.0,1260.0,1230.0,1251.0,3400,-1.0,-1.0,-1.0
2026/08/24,1244.0,1260.0,1222.0,1252.0,5700,-1.0,-1.0,-1.0
2026/08/25,1271.0,1277.0,1250.0,1267.0,5200,-1.0,-1.0,-1.0
2026/08/26,1242.0,1255.0,1230.0,1232.0,8400,-1.0,-1.0,-1.0
2026/08/27,1233.0,1240.0,1233.0,1233.0,2600,-1.0,-1.0,-1.0
2026/08/28,1232.0,1240.0,1227.0,1228.0,3500,-1.0,-1.0,-1.0
2026/08/31,1237.0,1240.0,1222.0,1240.0,2100,-1.0,-1.0,-1.0
2026/09/01,1232.0,1248.0,1232.0,1245.0,1400,-1.0,-1.0,-1.0
2026/09/02,1236.0,1243.0,1231.0,1231.0,2300,-1.0,-1.0,-1.0
2026/09/03,1227.0,1260.0,1227.0,1242.0,3800,-1.0,-1.0,-1.0
2026/09/04,1243.0,1251.0,1243.0,1249.0,400,-1.0,-1.0,-1.0
2026/09/07,1249.0,1249.0,1243.0,1245.0,800,-1.0,-1.0,-1.0
2026/09/08,1245.0,1247.0,1241.0,1241.0,4400,-1.0,-1.0,-1.0
2026/09/09,1246.0,1246.0,1235.0,1235.0,1800,-1.0,-1.0,-1.0
2026/09/10,1247.0,1252.0,1245.0,1252.0,5600,-1.0,-1.0,-1.0
2026/09/11,1241.0,1250.0,1235.0,1248.0,2300,-1.0,-1.0,-1.0
2026/09/14,1242.0,1250.0,1240.0,1240.0,2100,-1.0,-1.0,-1.0
2026/09/15,1216.0,1239.0,1216.0,1229.0,7400,-1.0,-1.0,-1.0
2026/09/16,1229.0,1229.0,1219.0,1220.0,1800,-1.0,-1.0,-1.0
2026/09/17,1223.0,1225.0,1222.0,1222.0,900,-1.0,-1.0,-1.0
2026/09/18,1225.0,1233.0,1221.0,1221.0,3400,-1.0,-1.0,-1.0
2026/09/24,1225.0,1246.0,1221.0,1246.0,2600,-1.0,-1.0,-1.0
2026/09/25,1251.0,1251.0,1236.0,1237.0,2900,-1.0,-1.0,-1.0
2026/09/28,1245.0,1245.0,1236.0,1242.0,2000,-1.0,-1.0,-1.0
2026/09/29,1236.0,1245.0,1200.0,1235.0,3100,-1.0,-1.0,-1.0
2026/09/30,1225.0,1231.0,1225.0,1231.0,2300,-1.0,-1.0,-1.0
2026/10/01,1231.0,1231.0,1190.0,1227.0,3900,-1.0,-1.0,-1.0
2026/10/02,1230.0,1255.0,1226.0,1234.0,4000,-1.0,-1.0,-1.0
2026/10/05,1230.0,1230.0,1200.0,1224.0,2000,-1.0,-1.0,-1.0
2026/10/06,1224.0,1235.0,1224.0,1235.0,1400,-1.0,-1.0,-1.0
2026/10/07,1227.0,1233.0,1223.0,1223.0,2400,-1.0,-1.0,-1.0
